ID,pr_ann,pr_gwr_fg,pr_gwr_fb,pr_gwr_ag,pr_gwr_ab,pr_agwnn
1,0.722962805,0.975003264,0.778089618,0.971681407,0.973844337,0.987779683
2,0.776102409,0.978957116,0.819659856,0.976043229,0.978414907,0.989426933
3,0.785905822,0.976360563,0.831708315,0.971162534,0.973333916,0.988464667
4,0.763593281,0.977358777,0.812230713,0.973918407,0.976746561,0.987864192
5,0.770636898,0.977600143,0.817580352,0.973952643,0.975259198,0.987525121
6,0.714246834,0.973329247,0.766063304,0.968536854,0.971592507,0.9854886
7,0.725294043,0.972681732,0.783242134,0.970377052,0.97131761,0.986466038
8,0.787580172,0.977913042,0.838721639,0.974561688,0.976917481,0.985651647
9,0.751554957,0.975318641,0.801587087,0.971952522,0.974326259,0.985805138
10,0.783587582,0.977408471,0.823802503,0.973080195,0.975473984,0.987871552
11,0.783803677,0.97641501,0.8301523,0.970789269,0.974407738,0.987834068
12,0.753786971,0.979590128,0.805685288,0.974846744,0.977615769,0.986531612
13,0.737393422,0.975749785,0.789619241,0.968007493,0.973045279,0.987517748
14,0.76013473,0.977001545,0.800762894,0.972791409,0.976371753,0.988081517
15,0.770592559,0.977406284,0.819755055,0.973801609,0.975704447,0.986722868
16,0.796248009,0.977615664,0.830308704,0.973474217,0.976540183,0.988933636
17,0.755632099,0.975075188,0.803546501,0.970095572,0.972740462,0.985001744
18,0.764167877,0.976198849,0.810788998,0.970005254,0.974165994,0.983694893
19,0.754620427,0.975387013,0.802689224,0.972162067,0.974930819,0.987625506
20,0.777361691,0.978252287,0.820192114,0.973740491,0.976243603,0.985580258
21,0.773689832,0.978036538,0.818368784,0.976072327,0.976863474,0.989020551
22,0.817674256,0.980772747,0.842791202,0.977202624,0.979509328,0.988477014
23,0.811664384,0.979788967,0.850017554,0.975808869,0.977832355,0.988592894
24,0.747823079,0.976080471,0.801185951,0.971205528,0.974602669,0.987350715
25,0.772585737,0.976577257,0.818813097,0.973272169,0.97497754,0.985325593
26,0.79178699,0.980421934,0.835244086,0.976502298,0.9787579,0.98804841
27,0.800591002,0.979740776,0.840392353,0.976012471,0.978484846,0.987289986
28,0.722805991,0.975441324,0.774225415,0.970918453,0.973396019,0.986443815
29,0.776399791,0.979927146,0.83044324,0.975636295,0.978480885,0.987005814
30,0.763792749,0.978984978,0.816561043,0.975029751,0.977535795,0.987956264
31,0.777266792,0.98052689,0.828631662,0.977492556,0.979143988,0.991143225
32,0.786071529,0.976615844,0.831666927,0.972723028,0.974411689,0.986304151
33,0.79600202,0.981407488,0.841438374,0.979319117,0.98071806,0.989161967
34,0.80205072,0.982360521,0.8447474,0.977527624,0.98069218,0.989796954
35,0.764798591,0.975073738,0.812818601,0.967588792,0.971605882,0.986282679
36,0.788634841,0.979667602,0.842620897,0.975365287,0.977683314,0.988638707
37,0.756672824,0.979184799,0.813209059,0.974792322,0.977764434,0.987283865
38,0.766895348,0.977924723,0.814935387,0.973195669,0.976219798,0.98676474
39,0.739201348,0.976980114,0.798802183,0.973119273,0.974834291,0.986861855
40,0.789107108,0.979800914,0.830334254,0.974566678,0.977547488,0.987543357
41,0.775922675,0.980132473,0.820272818,0.976814946,0.97782391,0.988206468
42,0.802096799,0.979026543,0.845733533,0.975318303,0.977880318,0.988111688
43,0.73436182,0.974645275,0.777889817,0.970210715,0.972919921,0.985981829
44,0.784259042,0.978887402,0.831186952,0.976435285,0.978106306,0.987538328
45,0.772272824,0.979504762,0.815811377,0.973502933,0.976496155,0.986686341
46,0.760874098,0.978257495,0.81397679,0.974387215,0.976795951,0.987404151
47,0.782502109,0.979049397,0.828089185,0.97495502,0.97790206,0.989093887
48,0.739772939,0.974725142,0.787248055,0.968642757,0.972318086,0.987051761
49,0.74605431,0.976732221,0.802742985,0.971731368,0.974919127,0.988105462
50,0.777604395,0.975137964,0.826056824,0.969529857,0.972670785,0.988012549
51,0.746086082,0.975246801,0.800569271,0.97116485,0.9744556,0.986421529
52,0.792322887,0.979787596,0.831193813,0.973665631,0.977505991,0.987747367
53,0.722804684,0.974357166,0.778106719,0.970260792,0.972068079,0.984938452
54,0.791738649,0.978844887,0.828761823,0.974583139,0.977784302,0.987335789
55,0.724017953,0.972131391,0.784067834,0.967476033,0.969476052,0.985532439
56,0.783264736,0.978467219,0.8227933,0.976244863,0.9777519,0.988713353
57,0.753668068,0.975276343,0.801525041,0.971156971,0.973676646,0.985414473
58,0.735340717,0.975774609,0.789069428,0.970631983,0.974169464,0.984416089
59,0.757638702,0.97805898,0.805329862,0.971367258,0.975868008,0.986871263
60,0.765930205,0.978200091,0.809979399,0.972749222,0.975788548,0.985967454
61,0.778598302,0.977865312,0.823529484,0.973048662,0.976156708,0.986715039
62,0.758940314,0.975064641,0.804683917,0.97001608,0.973459039,0.988003924
63,0.734340486,0.971645271,0.787922407,0.967189279,0.968615193,0.986793802
64,0.79970845,0.97857378,0.843456889,0.972857329,0.975969515,0.988420658
65,0.796977987,0.98080686,0.827441651,0.978072908,0.980212758,0.98952168
66,0.754013643,0.975838676,0.801385977,0.969345259,0.973973418,0.986770552
67,0.750669248,0.978563454,0.798015598,0.97739139,0.979063556,0.987332687
68,0.758831109,0.975153636,0.806240494,0.970017905,0.972145765,0.985100484
69,0.783152767,0.975508464,0.829532509,0.972187805,0.973919174,0.987581915
70,0.768928844,0.975299999,0.811467835,0.970689218,0.972490407,0.984732327
71,0.772235906,0.979567076,0.818831162,0.975758664,0.977878344,0.988626849
72,0.763130056,0.975897513,0.816004922,0.97273554,0.974842882,0.986355589
73,0.74721381,0.977461453,0.796867609,0.969912814,0.974641228,0.988052063
74,0.764954882,0.973294982,0.817831164,0.966057972,0.969701326,0.985269859
75,0.766977154,0.9759955,0.814608786,0.969204619,0.972921979,0.988098558
76,0.747496471,0.977985662,0.800270907,0.973193383,0.976224447,0.98475129
77,0.750106873,0.976529208,0.794602119,0.973690954,0.975232679,0.988580309
78,0.811379827,0.97862326,0.853075161,0.976547595,0.977844547,0.98979664
79,0.767848928,0.976049643,0.816566725,0.970268402,0.973957038,0.986839436
80,0.762257104,0.975552105,0.81173193,0.971188643,0.973131701,0.986406877
81,0.747427233,0.973469178,0.789383707,0.968132848,0.971410771,0.98722725
82,0.789672222,0.977539525,0.835541775,0.973238004,0.975843932,0.988626104
83,0.748371447,0.977952157,0.806662379,0.973550191,0.977108755,0.989060061
84,0.769746485,0.977444434,0.821317273,0.975413803,0.976368386,0.989203209
85,0.772456769,0.978144339,0.826342578,0.976033423,0.977235622,0.984829959
86,0.752348865,0.972905813,0.802039185,0.969394725,0.971508959,0.986249795
87,0.771992486,0.97709626,0.82421719,0.97310043,0.975505924,0.987374832
88,0.770408559,0.975951946,0.821567362,0.971355221,0.973362044,0.987903165
89,0.780325606,0.974238025,0.825470008,0.969089647,0.972113168,0.986953293
90,0.759757507,0.976357137,0.811730271,0.971483181,0.974818,0.985594881
91,0.770431039,0.976638322,0.821691787,0.972274388,0.975147619,0.987803026
92,0.753771379,0.975884475,0.810041477,0.969534793,0.972521854,0.987150523
93,0.773655545,0.976461711,0.81675352,0.971384148,0.974573754,0.986152093
94,0.780993095,0.979534515,0.827227829,0.976893861,0.978000758,0.988364818
95,0.777916883,0.977572255,0.819301436,0.973663326,0.976425682,0.987148397
96,0.756439201,0.97230747,0.804257798,0.970098022,0.969332343,0.985445162
97,0.730311519,0.970787254,0.785825237,0.964012332,0.967409442,0.982419458
98,0.756634593,0.978029765,0.809776909,0.97385208,0.976521391,0.988001465
99,0.770310083,0.975269517,0.808960198,0.972032213,0.974120397,0.98631906
100,0.7448851,0.975705163,0.795141807,0.970901599,0.974276881,0.986722628
101,0.769880279,0.979134282,0.821575891,0.974433846,0.97729457,0.988060854
102,0.793652635,0.979705003,0.835468094,0.975284494,0.978180647,0.98810613
103,0.795898232,0.97825756,0.83981796,0.974231731,0.976838344,0.988022581
104,0.774386283,0.976327493,0.815227884,0.970370327,0.973720322,0.986703263
105,0.785622233,0.979512286,0.828037628,0.974587832,0.977467316,0.987901408
106,0.740211279,0.975578969,0.794121421,0.973413353,0.974647926,0.988002118
107,0.772891745,0.977288464,0.824217489,0.97227728,0.975432354,0.985549785
108,0.716387782,0.976803274,0.772543332,0.972961625,0.974327495,0.986458935
109,0.761064123,0.970326722,0.815387183,0.96490604,0.967712391,0.987812748
110,0.753804047,0.972125203,0.80813775,0.969817414,0.971205225,0.984389286
111,0.779860735,0.977323119,0.821603925,0.972307188,0.975508404,0.987509166
112,0.815446928,0.981360731,0.850103812,0.976822992,0.979538784,0.989540098
113,0.760733513,0.976311474,0.806471482,0.971086503,0.974924265,0.986328865
114,0.761576907,0.975425493,0.816513309,0.971048832,0.973060608,0.987636652
115,0.758240107,0.97670624,0.809529298,0.973068805,0.975278678,0.986974926
116,0.784077661,0.976134697,0.826042771,0.972188809,0.974055156,0.984918109
117,0.778735997,0.976339678,0.829834064,0.972089375,0.973930955,0.986738
118,0.773376496,0.977139841,0.821936428,0.973255695,0.97577969,0.985951486
119,0.791675581,0.981669241,0.836331841,0.977613027,0.979813916,0.988545167
120,0.750346637,0.976637126,0.800724968,0.972296372,0.974662833,0.986940196
121,0.775257027,0.976504232,0.817705066,0.972363412,0.975318244,0.98809446
122,0.77643748,0.977880531,0.822820369,0.97314222,0.976231202,0.987231689
123,0.749204072,0.976728315,0.797765271,0.97189459,0.974475144,0.986216138
124,0.763842204,0.9739531,0.810524764,0.968418683,0.972460754,0.984520681
125,0.756527882,0.978000601,0.806051131,0.973993146,0.976549541,0.987351447
126,0.788961537,0.979413746,0.841443349,0.974339281,0.977338115,0.989015849
127,0.718709612,0.975378452,0.773557317,0.971310163,0.973300959,0.98623371
128,0.776504828,0.978583174,0.822064322,0.975143032,0.976717369,0.98447818
129,0.787649059,0.976085135,0.833167667,0.972729235,0.974693857,0.986886883
130,0.786873929,0.979854392,0.82405416,0.976910823,0.979453362,0.987859528
131,0.757658135,0.97633581,0.809163084,0.971049791,0.973873596,0.986111547
132,0.752885238,0.977299631,0.801569705,0.972358004,0.975270496,0.988552633
133,0.755783543,0.972024039,0.803901145,0.967405877,0.970227655,0.985983623
134,0.785926838,0.977937091,0.825557629,0.972839477,0.975255137,0.988198728
135,0.776709482,0.977850539,0.81932166,0.97305506,0.976228411,0.987162036
136,0.737778458,0.976659309,0.786802331,0.97259049,0.975631899,0.989038012
137,0.775790446,0.977179936,0.821667021,0.974664865,0.975619596,0.988473071
138,0.803224477,0.979403786,0.844130507,0.975549645,0.977277592,0.988022835
139,0.735724132,0.974732824,0.790483247,0.969573597,0.973003909,0.987045153
140,0.763315694,0.975324015,0.810157724,0.971868662,0.974294555,0.986038291
141,0.742956092,0.97718017,0.793712522,0.972949278,0.975752058,0.985916112
142,0.753345636,0.973256734,0.795827494,0.967613946,0.970940772,0.985649088
143,0.775901795,0.975325416,0.811369958,0.972470616,0.974046384,0.987506815
144,0.769703986,0.97832386,0.81833235,0.974465849,0.976131394,0.98806002
145,0.772834688,0.980205667,0.815409214,0.976303613,0.978611715,0.988812165
146,0.737921256,0.973848536,0.79668419,0.969259897,0.971650077,0.985182086
147,0.73875388,0.975905934,0.80182097,0.970977441,0.974475871,0.98597291
148,0.757989612,0.977678593,0.812361663,0.972315207,0.975529227,0.986051528
149,0.794735959,0.976293045,0.835506448,0.971617442,0.973467814,0.988000965
150,0.768351873,0.978836491,0.819606002,0.975531519,0.97755272,0.987795058
151,0.7527098,0.978063732,0.798141901,0.973320621,0.976958648,0.987045063
152,0.793775671,0.980074585,0.841930085,0.975998323,0.978857945,0.98761849
153,0.794181947,0.978826846,0.84164945,0.974213068,0.976933996,0.987614803
154,0.782683363,0.979120977,0.82309859,0.975895008,0.977142168,0.987383494
155,0.740269644,0.975088339,0.794209198,0.971139886,0.97438154,0.985028167
156,0.752481837,0.976752948,0.811339487,0.972206904,0.975886406,0.985825619
157,0.76582525,0.976542892,0.812351564,0.974245379,0.975346325,0.987345464
158,0.784399492,0.975901853,0.823283065,0.969808168,0.973487531,0.986752804
159,0.773042949,0.975630722,0.816849835,0.971416071,0.973558189,0.984198059
160,0.768111196,0.976988632,0.817164606,0.974708329,0.976158421,0.98534002
161,0.765706227,0.97510774,0.813842849,0.969549556,0.972949745,0.987019224
162,0.766367573,0.977589629,0.8137718,0.972746411,0.975702036,0.987407714
163,0.782233557,0.978819893,0.823903449,0.975231834,0.977359686,0.987783097
164,0.769427244,0.978170835,0.819854794,0.973288078,0.975459974,0.988708692
165,0.812033802,0.979946834,0.84674693,0.976078228,0.978648248,0.987946475
166,0.755138441,0.972662056,0.800776379,0.965543463,0.969885764,0.98541351
167,0.769144167,0.977302454,0.819361851,0.974515862,0.976396266,0.987436273
168,0.785948772,0.977428804,0.829034091,0.974647374,0.975748671,0.988543763
169,0.761439003,0.977935008,0.809211272,0.973979749,0.977579382,0.986400455
170,0.79854111,0.981300465,0.835020397,0.97731976,0.979724361,0.988935605
171,0.748270306,0.977157312,0.794146334,0.973415966,0.975823644,0.987012161
172,0.756592074,0.977873461,0.807882771,0.973527956,0.976200681,0.984477227
173,0.745295369,0.977230728,0.791744909,0.974726182,0.977070022,0.987100747
174,0.749586376,0.975303087,0.796959401,0.970388951,0.974123077,0.98663911
175,0.757788641,0.975603438,0.80134628,0.970837992,0.973529454,0.985704765
176,0.77604985,0.980502224,0.820319534,0.976138881,0.978988199,0.986318365
177,0.761731028,0.978153846,0.8170916,0.97326434,0.977401588,0.986582849
178,0.762021395,0.977166044,0.805576407,0.972355396,0.976097753,0.986636366
179,0.774599286,0.978392831,0.815773365,0.972711981,0.97643415,0.986388801
180,0.761535618,0.978221574,0.809425701,0.975245599,0.9768904,0.98806935
181,0.752803383,0.976739896,0.802425584,0.972706417,0.975204828,0.986970981
182,0.712398357,0.97332428,0.775397859,0.969985535,0.971495523,0.987407485
183,0.75063868,0.972968793,0.803724639,0.968707757,0.971589555,0.986966764
184,0.763888653,0.977737893,0.810083249,0.973763353,0.97633963,0.987246957
185,0.748721589,0.978208767,0.800082118,0.972697593,0.975414325,0.987200183
186,0.78060471,0.976992131,0.832297986,0.972846742,0.975447681,0.986579481
187,0.75045504,0.97067624,0.800528735,0.965156099,0.96887896,0.983862456
188,0.753803139,0.979089179,0.805375969,0.973556487,0.977270582,0.987667595
189,0.754658603,0.975207485,0.797750903,0.969623746,0.974043975,0.985966529
190,0.805479887,0.980084513,0.840362113,0.975941309,0.979267785,0.989011955
191,0.777622548,0.976185152,0.818278646,0.972604196,0.974563127,0.985729715
192,0.790030565,0.977634029,0.831524456,0.973170739,0.975582374,0.989077828
193,0.782069491,0.978727508,0.830750588,0.974708558,0.976328295,0.988467783
194,0.745873123,0.977286562,0.805291046,0.970662815,0.974667807,0.987346798
195,0.745191086,0.974684586,0.797579053,0.971104436,0.973528747,0.988152135
196,0.74643932,0.974040909,0.798598937,0.967448013,0.971048854,0.987624821
197,0.770124622,0.977200334,0.814836222,0.973085362,0.975667032,0.987067013
198,0.751702147,0.97679642,0.79868287,0.973440584,0.976072841,0.986054095
199,0.767642833,0.978011119,0.810747842,0.975081954,0.977235359,0.988326465
200,0.755757886,0.978959528,0.809946878,0.97509414,0.977773599,0.988703677
201,0.792289792,0.977282713,0.834035011,0.973814878,0.976523768,0.987927041
202,0.752640231,0.974403271,0.805590072,0.96875699,0.971702265,0.986648694
203,0.760276496,0.977643369,0.801656782,0.972509216,0.976386013,0.988676732
204,0.766046642,0.973869923,0.818648985,0.965920651,0.971152294,0.985009518
205,0.758031723,0.97801332,0.808092883,0.974977688,0.976911829,0.987591348
206,0.79378035,0.978565308,0.838003953,0.973906454,0.976066981,0.988587358
207,0.772684114,0.978936449,0.813839055,0.975300218,0.97844671,0.987214449
208,0.730144243,0.976023903,0.789147892,0.971105035,0.974740821,0.987390628
209,0.773671465,0.976517926,0.818295322,0.973280123,0.975172756,0.986373924
210,0.788115596,0.978062163,0.834103422,0.975151211,0.976045849,0.988402917
211,0.808822208,0.975594271,0.848424557,0.971018088,0.973096053,0.987801336
212,0.792529663,0.978585774,0.831287337,0.975193909,0.977020179,0.988669365
213,0.773729006,0.978725112,0.82339668,0.974962107,0.977380891,0.985974844
214,0.807459785,0.980344357,0.851424403,0.977987417,0.979086186,0.988809576
215,0.773622884,0.976391874,0.816878501,0.970490919,0.973846889,0.986625312
216,0.763336354,0.97646657,0.813153257,0.973551818,0.974553166,0.988658419
217,0.744172761,0.975917969,0.806338595,0.972950752,0.974800566,0.987897524
218,0.759906657,0.978113384,0.816466613,0.974059916,0.976163708,0.987335481
219,0.765975389,0.979650418,0.814820425,0.973612314,0.977439536,0.987051865
220,0.773318302,0.975277615,0.823673555,0.970638243,0.973721754,0.986715015
221,0.765070261,0.980287648,0.808393745,0.976589088,0.978936252,0.987285877
222,0.792713445,0.982551547,0.833764811,0.977480931,0.981215788,0.990079482
223,0.797131802,0.98143249,0.844686763,0.976901967,0.979868093,0.989656411
224,0.757406728,0.978143218,0.809710523,0.974660019,0.976594705,0.986801504
225,0.771004054,0.974988201,0.818609166,0.971012358,0.973290887,0.984936448
226,0.797641377,0.979368415,0.841787461,0.973499718,0.976535617,0.989675675
227,0.763187186,0.978260479,0.808348881,0.974505867,0.97746698,0.986915922
228,0.768265279,0.980038782,0.820991934,0.973755665,0.977466376,0.987278427
229,0.760504309,0.977857546,0.81749671,0.972283193,0.975781763,0.989284754
230,0.765219369,0.975732926,0.807754067,0.970721472,0.974425227,0.986779453
231,0.795298316,0.978095064,0.833333434,0.973759122,0.976749219,0.988377585
232,0.73137199,0.975604168,0.78383111,0.970255325,0.97405431,0.989437846
233,0.779710485,0.980506876,0.825516826,0.976285084,0.978830278,0.988134066
234,0.788314248,0.978996709,0.828859079,0.97387002,0.977323896,0.988957378
235,0.758176055,0.977251673,0.810513095,0.973247876,0.975299668,0.987505347
236,0.7702294,0.977997366,0.819562908,0.972595634,0.975460373,0.98963274
237,0.74159143,0.977928739,0.786069917,0.973605995,0.976772021,0.986213653
238,0.768236954,0.979170983,0.817229756,0.975417082,0.9780049,0.986170497
239,0.763996049,0.980781321,0.812746549,0.977190854,0.979943789,0.989666782
240,0.754612998,0.978619091,0.805650462,0.974267654,0.976808513,0.984524856
241,0.784406155,0.97835438,0.831532301,0.974741916,0.977173723,0.987618106
242,0.777971496,0.980099115,0.82464235,0.976242567,0.978279612,0.988256842
243,0.797673075,0.976356484,0.841080678,0.97223387,0.974116534,0.988072295
244,0.768650981,0.976909825,0.818414534,0.97238257,0.974488049,0.98602527
245,0.750988041,0.978720742,0.81008183,0.975808818,0.978108427,0.988929949
246,0.766325857,0.977180932,0.807055945,0.970932496,0.975741622,0.987211219
247,0.75991634,0.976186448,0.810606147,0.972434689,0.974147079,0.986368883
248,0.76555077,0.976894247,0.804355791,0.973356599,0.976362278,0.98426114
249,0.754028997,0.977601111,0.8116191,0.973521041,0.976136337,0.986102863
250,0.783341473,0.980157488,0.829226859,0.977590194,0.979093345,0.987605428
251,0.717602342,0.970695249,0.774571464,0.966384332,0.968269177,0.983985595
252,0.783640777,0.976558807,0.825646967,0.972192001,0.975188417,0.987390258
253,0.771190254,0.978611761,0.820577218,0.974694948,0.976367665,0.988051672
254,0.772731873,0.978089346,0.818445111,0.972596185,0.975806573,0.988506547
255,0.774711111,0.977621902,0.811176896,0.97461315,0.975879876,0.985932164
256,0.783919408,0.979650192,0.832526997,0.976192789,0.977590926,0.989255928
257,0.760589742,0.97694089,0.801978773,0.973462417,0.976098373,0.987318216
258,0.786515554,0.980602228,0.830381562,0.976373781,0.978680879,0.988208589
259,0.759149123,0.976941387,0.812307987,0.974852271,0.976374522,0.988043187
260,0.79347227,0.981093085,0.844395511,0.977475988,0.978614421,0.9879223
261,0.800974605,0.97675067,0.843251359,0.972763745,0.974831491,0.988578671
262,0.748925666,0.975978837,0.798080082,0.970952687,0.973533358,0.985492773
263,0.763678709,0.977391896,0.812262451,0.973254611,0.976568674,0.983775403
264,0.803354551,0.979270036,0.839803381,0.974847591,0.977774125,0.989192221
265,0.734754065,0.974993214,0.79071583,0.96995068,0.9729511,0.985887061
266,0.793334347,0.979498737,0.836006699,0.977161356,0.978900486,0.990138835
267,0.759409397,0.974303375,0.803266446,0.970993131,0.973025097,0.987233557
268,0.745442623,0.97618176,0.800233943,0.971495011,0.975150649,0.987394083
269,0.769996499,0.978339366,0.814266467,0.973954555,0.977045989,0.986166612
270,0.731302361,0.975426347,0.78451555,0.968786504,0.972760292,0.983522403
271,0.792168083,0.976879016,0.834652516,0.973961784,0.976321438,0.984666093
272,0.748533746,0.972731845,0.800882424,0.967723199,0.97136541,0.986476511
273,0.753729744,0.977018664,0.798302218,0.973822214,0.97664029,0.98697237
274,0.766887925,0.979535873,0.813198074,0.975565027,0.978440398,0.988045442
275,0.761644278,0.979530194,0.809606535,0.972768715,0.977045002,0.988320178
276,0.753591158,0.974131417,0.800522446,0.968290189,0.971237351,0.984578261
277,0.767721329,0.976202755,0.820857805,0.971478807,0.974467087,0.987635698
278,0.763799876,0.977924528,0.811279923,0.973659647,0.976314081,0.985991925
279,0.761870013,0.978654182,0.816141012,0.975669338,0.978016266,0.98893173
280,0.803885577,0.980100195,0.847884103,0.974714918,0.978050885,0.990546413
281,0.713329012,0.971074353,0.772712437,0.964922963,0.968003367,0.983988611
282,0.779117162,0.97664622,0.824341596,0.971450695,0.974807635,0.986541823
283,0.766403307,0.979984424,0.813297578,0.975720805,0.978582562,0.988292479
284,0.790568265,0.977689848,0.835748699,0.974003243,0.976228501,0.988550324
285,0.729426227,0.976361913,0.779595114,0.970512446,0.973820095,0.987343701
286,0.786700223,0.978175999,0.821094075,0.974499776,0.976336289,0.987281507
287,0.783048065,0.979918217,0.829252324,0.977008802,0.978515391,0.986837992
288,0.783283471,0.97568295,0.831555037,0.971157069,0.974852749,0.988159155
289,0.796173076,0.98066987,0.834876383,0.977158494,0.978592518,0.98883244
290,0.759431339,0.97409182,0.809285418,0.96908999,0.972169323,0.985895182
291,0.774678336,0.975886362,0.82452565,0.970046837,0.973246537,0.987897469
292,0.786849538,0.977837647,0.830350283,0.974309677,0.976532023,0.986012475
293,0.76396341,0.977706177,0.816401222,0.975169558,0.976523627,0.985948168
294,0.803677594,0.980102533,0.845486671,0.974984522,0.9782566,0.986197902
295,0.776075645,0.980128458,0.822698683,0.976201158,0.979015528,0.988149716
296,0.74464772,0.976861871,0.810778465,0.970747575,0.97426391,0.988132597
297,0.768439371,0.977329789,0.818176835,0.97201646,0.975492622,0.987149583
298,0.762415594,0.978491466,0.807742957,0.973359365,0.976463583,0.987525411
299,0.773012408,0.977561227,0.822430002,0.972430446,0.975504923,0.986187111
300,0.763568275,0.976521434,0.818114386,0.973097458,0.975673176,0.986256997
301,0.767834355,0.979323978,0.818192578,0.973815419,0.978146479,0.987423424
302,0.751495999,0.976935118,0.804402272,0.97437736,0.975779582,0.987936093
303,0.808399023,0.979402148,0.847343355,0.976688328,0.977848914,0.98849615
304,0.786314238,0.980238832,0.825812325,0.975619768,0.97895482,0.98796119
305,0.758745629,0.975463251,0.798229624,0.970560321,0.972849001,0.988384233
306,0.772088668,0.977697049,0.82124106,0.974471633,0.976085244,0.98761564
307,0.804811227,0.976107492,0.846190943,0.971934804,0.974662654,0.985804756
308,0.72284802,0.975061703,0.778219591,0.969139314,0.973122194,0.987703755
309,0.74515798,0.977383857,0.795273996,0.972255524,0.975566234,0.987155316
310,0.761400816,0.974520867,0.813024878,0.968120411,0.972337313,0.985237174
311,0.750372693,0.976797582,0.800344722,0.972098531,0.974943196,0.98579353
312,0.809694427,0.979674492,0.848349755,0.975289075,0.978464384,0.9894306
313,0.766623058,0.976458996,0.813082884,0.973761659,0.975194171,0.986442198
314,0.799502612,0.976181843,0.839766156,0.972900972,0.974564793,0.987608598
315,0.765430558,0.975928302,0.813369911,0.971536867,0.973424635,0.986270679
316,0.759889595,0.97801209,0.813992029,0.976027047,0.976828638,0.988222969
317,0.781452413,0.976651657,0.822645414,0.971463471,0.974897696,0.987552343
318,0.763959901,0.979023839,0.813935162,0.974585289,0.977658047,0.986485405
319,0.767183891,0.97856191,0.813819443,0.97505105,0.977066323,0.987034515
320,0.773970366,0.977346057,0.820671031,0.973457852,0.976412986,0.988317979
321,0.7402823,0.974153004,0.792767277,0.968488879,0.971797684,0.985443926
322,0.79113319,0.980917762,0.834698088,0.976786612,0.979417026,0.98801295
323,0.76430112,0.973884581,0.809678279,0.969932804,0.972536149,0.987694428
324,0.735646976,0.977074343,0.792330266,0.972427546,0.975176177,0.985331382
325,0.767842552,0.978381694,0.818593904,0.973065432,0.976330595,0.987648585
326,0.751563942,0.979439846,0.810257989,0.976058911,0.979044735,0.987070063
327,0.72546697,0.973943242,0.783474238,0.969742451,0.972073178,0.985976587
328,0.747211263,0.974553633,0.786704238,0.969144583,0.972343202,0.986240581
329,0.763864119,0.97782855,0.813765307,0.97261465,0.976072258,0.985726388
330,0.782897893,0.976916766,0.821324748,0.973784512,0.976102554,0.983789003
331,0.775839066,0.978943962,0.829295929,0.976217607,0.977925665,0.987760301
332,0.801083942,0.980796832,0.842834572,0.978289947,0.979751716,0.988002879
333,0.784248614,0.978421158,0.823394978,0.974141402,0.976673326,0.988111592
334,0.736776778,0.97796954,0.797775476,0.975071452,0.977250149,0.986494554
335,0.733864422,0.972877443,0.776500369,0.965271573,0.969018746,0.987166221
336,0.803570173,0.977616852,0.842241895,0.972531001,0.975455804,0.985937971
337,0.765428369,0.975522726,0.805095319,0.967787558,0.972127692,0.984942903
338,0.761580521,0.979235271,0.807358428,0.973237117,0.977198354,0.988644433
339,0.748987308,0.977409331,0.798407422,0.974164332,0.976677584,0.98495629
340,0.809299007,0.982148551,0.849567591,0.977646277,0.980278692,0.989320142
341,0.768067399,0.979198892,0.824842189,0.974516905,0.977936503,0.986488557
342,0.749277969,0.977876255,0.796558048,0.974387328,0.97702119,0.984565382
343,0.753268039,0.979434391,0.816382612,0.974279689,0.977715905,0.98821508
344,0.756332139,0.975652597,0.801312437,0.972345893,0.97406374,0.988902877
345,0.728213521,0.974506901,0.796575398,0.968737833,0.972229323,0.985501633
346,0.74101528,0.976007866,0.798250687,0.970053968,0.974025821,0.984490436
347,0.793159171,0.981967523,0.838421416,0.977697385,0.980764038,0.989346529
348,0.796733978,0.980317222,0.839668688,0.974780506,0.97796853,0.987300965
349,0.793834055,0.978311931,0.840398957,0.972397423,0.975975045,0.987896947
350,0.783349595,0.981746913,0.827358418,0.974622339,0.979234087,0.987540798
351,0.780390395,0.976066126,0.823072226,0.970666009,0.973494756,0.987650371
352,0.754334409,0.976956935,0.799590104,0.972691818,0.975372276,0.988398964
353,0.785529466,0.978485388,0.836229244,0.97544987,0.977736856,0.988327413
354,0.745972801,0.978738732,0.800479375,0.974665406,0.978206507,0.984991009
355,0.753349493,0.976413763,0.806301166,0.9724909,0.974674977,0.986494363
356,0.737716239,0.974493361,0.798541843,0.969927459,0.972511205,0.987144932
357,0.789800167,0.979310443,0.834103722,0.975607567,0.978006354,0.988645124
358,0.779932862,0.975520719,0.825720441,0.971100003,0.973204415,0.986144892
359,0.772711183,0.978783968,0.810178121,0.974367875,0.976459692,0.988919737
360,0.780413688,0.980258324,0.827516541,0.976584409,0.978456205,0.98785401
361,0.763876065,0.974715106,0.806494597,0.971508421,0.972938086,0.986936063
362,0.726370206,0.973745632,0.786068317,0.971421052,0.972731735,0.987199319
363,0.738066912,0.975955408,0.790404247,0.971823808,0.9744098,0.984747557
364,0.767690728,0.976767855,0.818684039,0.972264697,0.974604363,0.986228179
365,0.792592272,0.977944937,0.827442132,0.974296544,0.976014586,0.987970703
366,0.768666742,0.97874736,0.81042597,0.974115773,0.976973674,0.988122724
367,0.768789788,0.974607004,0.816459534,0.968157357,0.972137123,0.986298544
368,0.812562075,0.981629371,0.84619789,0.97832883,0.980000426,0.990172394
369,0.793987395,0.978470803,0.844855923,0.973351235,0.976075244,0.988023218
370,0.759987921,0.974499779,0.819495167,0.97219193,0.973387902,0.98743851
371,0.739768166,0.976902449,0.793744029,0.974430106,0.975397461,0.984984581
372,0.757985524,0.974788401,0.80559882,0.97131706,0.973547815,0.986778989
373,0.760082099,0.978292099,0.810863498,0.973182479,0.976567668,0.987677478
374,0.806195461,0.980232722,0.833355887,0.976516059,0.979191657,0.988957422
375,0.773267453,0.976869876,0.823028519,0.973390789,0.975428785,0.988017562
376,0.79268191,0.980912965,0.83288425,0.97787956,0.980232885,0.987582661
377,0.765702391,0.978566785,0.817070744,0.973388257,0.976689586,0.988388715
378,0.787790805,0.980275993,0.835409692,0.976541765,0.978623222,0.987010195
379,0.775363439,0.976678065,0.816951901,0.972434753,0.975456867,0.987095408
380,0.754772438,0.976024013,0.803595677,0.97214128,0.974625283,0.987671976
381,0.775569877,0.97679425,0.817811199,0.974132835,0.975914706,0.988866808
382,0.765625199,0.974677778,0.808891996,0.968987982,0.972119467,0.985215127
383,0.785067496,0.981114335,0.820150807,0.976914594,0.979895509,0.988471482
384,0.790293387,0.979411147,0.837249209,0.976523481,0.978227565,0.987680009
385,0.722984255,0.976219672,0.785490642,0.970781559,0.974321064,0.985759429
386,0.759726378,0.976130989,0.797724112,0.971846095,0.975319421,0.986650239
387,0.760115044,0.977252151,0.809521983,0.973404756,0.975737384,0.986356835
388,0.743542629,0.973996741,0.801625411,0.970201551,0.972635838,0.988877234
389,0.7887308,0.978240034,0.830955308,0.972108428,0.976887256,0.986730372
390,0.743960437,0.977267906,0.802702048,0.97335226,0.975883361,0.985019
391,0.805002657,0.979030781,0.84753369,0.974452373,0.976688265,0.988972686
392,0.765324675,0.979142987,0.821992957,0.974242974,0.976778758,0.987228777
393,0.716424919,0.975736748,0.785194114,0.970627853,0.974356168,0.986407377
394,0.787006574,0.979756306,0.823416345,0.974064026,0.977712444,0.987096485
395,0.774093243,0.980703155,0.815916635,0.977095665,0.97998329,0.98734525
396,0.769345567,0.97558236,0.80734508,0.971382401,0.973717344,0.986170153
397,0.775980579,0.977396281,0.820575307,0.97285657,0.97655316,0.987886244
398,0.749288206,0.974073328,0.798373618,0.969761466,0.973116513,0.985818083
399,0.741124848,0.977455232,0.794167328,0.974364319,0.976720608,0.985063592
400,0.770128888,0.978606643,0.81487993,0.974430492,0.977133059,0.986614081
401,0.786558394,0.980780292,0.829072803,0.977134239,0.978766815,0.988414965
402,0.766548111,0.976866751,0.811104407,0.97198057,0.974827215,0.986741017
403,0.792564306,0.979599429,0.838598618,0.974404768,0.977232275,0.989089868
404,0.745734027,0.974305439,0.79601447,0.967651739,0.971332779,0.98484101
405,0.779655889,0.980556458,0.826107036,0.975412299,0.978265653,0.98685659
406,0.767230266,0.974992903,0.812499136,0.972310954,0.973781683,0.986143911
407,0.761552344,0.975395001,0.811730422,0.969787414,0.972596763,0.987344739
408,0.73471363,0.977686861,0.795346566,0.974782572,0.976205424,0.98959544
409,0.75505164,0.97574995,0.800734207,0.970598997,0.973697255,0.985743548
410,0.791706878,0.976785922,0.835900746,0.971824122,0.974752324,0.987554918
411,0.79220571,0.978083801,0.831470027,0.973523295,0.97505919,0.988742992
412,0.80907826,0.980294986,0.845688762,0.976480289,0.978327119,0.985196765
413,0.763700088,0.978117644,0.81925332,0.973762357,0.975655806,0.987795171
414,0.732966153,0.975629531,0.788959447,0.973105221,0.974725803,0.986937086
415,0.730191391,0.973710024,0.787205654,0.966416738,0.972125595,0.985698905
416,0.797268946,0.976689098,0.835046024,0.972764815,0.975361101,0.986795321
417,0.783222672,0.981587198,0.825429696,0.977185807,0.980241656,0.989564326
418,0.745610971,0.978241626,0.799323325,0.974656299,0.977240552,0.986526356
419,0.765556653,0.980178676,0.80702071,0.975969367,0.977992157,0.988760752
420,0.757010158,0.976455354,0.805225461,0.970380016,0.973422882,0.986592809
421,0.772386674,0.977473213,0.813954811,0.97159076,0.974294829,0.98755758
422,0.767616702,0.977795391,0.813225149,0.97303031,0.975516461,0.987751034
423,0.756115764,0.975977331,0.811105874,0.970552153,0.974028188,0.984811713
424,0.787612338,0.97833202,0.82814409,0.974942402,0.977558129,0.987432241
425,0.718126422,0.975281597,0.783378905,0.968686496,0.972936011,0.987219567
426,0.775330209,0.976625223,0.824256962,0.971082204,0.973989063,0.987305436
427,0.782883479,0.978868112,0.833440134,0.972670393,0.97629102,0.987700257
428,0.752318855,0.977887375,0.799130388,0.975218455,0.977253906,0.986530911
429,0.782730361,0.979068383,0.825183419,0.97701363,0.977973101,0.984635626
430,0.76251419,0.974102794,0.807673036,0.969963394,0.971655142,0.986472453
431,0.757594344,0.980102517,0.806258067,0.976669199,0.978958988,0.987785258
432,0.755644969,0.976758728,0.812882106,0.972882982,0.974737361,0.988547672
433,0.788527014,0.975122626,0.822684201,0.969792625,0.972962416,0.985279545
434,0.734905946,0.974509221,0.800407909,0.969247375,0.971498465,0.986041376
435,0.762381121,0.976849079,0.818184975,0.971692878,0.974836315,0.98807938
436,0.771774002,0.977934327,0.813923787,0.974094608,0.976820801,0.98881945
437,0.766577045,0.978730616,0.820637033,0.974985249,0.976676416,0.987691875
438,0.778157502,0.976902675,0.817913362,0.97455229,0.976345414,0.988215363
439,0.781099676,0.976391735,0.827254301,0.971169342,0.974136832,0.987304635
440,0.772480663,0.976803491,0.823191153,0.972609731,0.975031206,0.986843793
441,0.732359035,0.974985135,0.791696079,0.967614035,0.972645536,0.985215089
442,0.780682582,0.975100909,0.824572427,0.970991034,0.973105864,0.985094727
443,0.766603051,0.973512134,0.812243743,0.96939152,0.971682157,0.987668806
444,0.778560484,0.978902482,0.822575677,0.974871917,0.977083815,0.986268629
445,0.743961314,0.976259527,0.80146285,0.973425933,0.975406865,0.986971187
446,0.786326389,0.977607173,0.820041957,0.973250926,0.975133506,0.986643903
447,0.766621971,0.974443182,0.819294587,0.968803161,0.972091307,0.984410557
448,0.813325993,0.982177274,0.854071417,0.978232053,0.981034809,0.988155388
449,0.765710295,0.976697885,0.811604791,0.971644381,0.974132483,0.987114209
450,0.796247248,0.978505962,0.838872516,0.974828386,0.976040739,0.988584839
451,0.741240436,0.975229117,0.798871515,0.969985096,0.973018456,0.98393388
452,0.716504911,0.976800568,0.779179519,0.970417488,0.973809782,0.986830118
453,0.785546983,0.979582711,0.829651878,0.975625349,0.977992013,0.988753095
454,0.756021365,0.979422192,0.809560048,0.974984294,0.977289624,0.988401809
455,0.783833391,0.9774606,0.831903047,0.972419917,0.975350342,0.988503417
456,0.774068927,0.977436244,0.825327764,0.97454234,0.976525976,0.987463965
457,0.801193336,0.979362821,0.840718629,0.974642494,0.977668836,0.988760539
458,0.795096965,0.978584672,0.843815307,0.976379425,0.977634925,0.986486245
459,0.756043106,0.979948842,0.811898022,0.977048667,0.9783285,0.986793641
460,0.764704952,0.977794471,0.811556846,0.972336913,0.976110639,0.987084636
461,0.728598078,0.97528666,0.786182886,0.969848018,0.973123469,0.98556667
462,0.773236851,0.976675523,0.826486996,0.973408936,0.975047687,0.988601057
463,0.764578095,0.978306583,0.808501628,0.973184091,0.975994892,0.986453425
464,0.783449459,0.977914832,0.832686767,0.973756827,0.976548927,0.98764113
465,0.75983011,0.97927127,0.817147821,0.973870743,0.9778613,0.985386793
466,0.767439892,0.975603453,0.81534346,0.971181302,0.973924024,0.98652741
467,0.769790627,0.979816815,0.823473959,0.97492875,0.977623661,0.985620377
468,0.771357542,0.975155906,0.808649912,0.971469084,0.973453365,0.987492214
469,0.744722405,0.97745364,0.795237911,0.973497012,0.97676177,0.986062276
470,0.801431314,0.978489764,0.845756888,0.975281054,0.976505269,0.98761059
471,0.770856096,0.979789781,0.82044335,0.975094389,0.978361818,0.988052943
472,0.742943001,0.978069078,0.790165063,0.973092729,0.976781831,0.986634837
473,0.797234167,0.980260579,0.833841873,0.977332967,0.979397729,0.988327506
474,0.77930542,0.977270639,0.829156565,0.972668189,0.974975955,0.986189018
475,0.755934381,0.980040826,0.806130123,0.976815934,0.978564226,0.98771722
476,0.758108461,0.975840311,0.806255714,0.971855952,0.974126876,0.987877392
477,0.784712303,0.974222771,0.826550143,0.967273369,0.971257195,0.988588722
478,0.74035449,0.97346873,0.794614144,0.96890176,0.970690093,0.98275388
479,0.765028714,0.976787996,0.810388231,0.970097662,0.973291775,0.986101241
480,0.78979713,0.979300214,0.836833375,0.972602598,0.977038741,0.988307535
481,0.788861125,0.97796375,0.82900248,0.972676688,0.97609832,0.986811835
482,0.78538465,0.979863214,0.828567415,0.976834136,0.978361971,0.985801001
483,0.736071319,0.970755991,0.783292799,0.965635533,0.967804343,0.984129865
484,0.784559075,0.977325265,0.830868181,0.973798713,0.976473617,0.987013134
485,0.781511054,0.97949864,0.827027635,0.974715668,0.977694726,0.987453156
486,0.785777295,0.979439604,0.831803141,0.974902584,0.978118828,0.986163137
487,0.797938421,0.978267928,0.8349199,0.976237579,0.978148648,0.987762828
488,0.797403372,0.976286819,0.836704607,0.973302787,0.974733534,0.987391927
489,0.746248973,0.977330748,0.806366711,0.97260939,0.975712184,0.985500661
490,0.76599279,0.978033347,0.815548796,0.974380216,0.976824175,0.98694459
491,0.724605994,0.975558217,0.781864912,0.969721053,0.973113379,0.986022271
492,0.771657575,0.9770501,0.818732708,0.973036854,0.974558912,0.985621421
493,0.77875881,0.977694224,0.824749148,0.973557981,0.975678417,0.987966741
494,0.801359343,0.978131276,0.844075564,0.973085145,0.976533108,0.987124568
495,0.762789525,0.980840089,0.817484304,0.977964611,0.980073301,0.98830033
496,0.761551639,0.974893102,0.814216272,0.971263438,0.973703774,0.98822722
497,0.778107201,0.978727541,0.824880401,0.975918473,0.977840129,0.987179173
498,0.796554382,0.980333038,0.847208115,0.977643057,0.978893031,0.988097782
499,0.766884279,0.976078657,0.810306064,0.970601533,0.973402742,0.985810947
500,0.787678312,0.978356094,0.834496706,0.975684147,0.977509329,0.988617233
501,0.761704505,0.978129428,0.813589139,0.972339595,0.974691574,0.989847191
502,0.76461276,0.978062705,0.820604784,0.974899989,0.977504128,0.985548443
503,0.744844755,0.974584236,0.804694055,0.968881796,0.971673675,0.985799432
504,0.756871729,0.976444819,0.812948403,0.971018876,0.974624705,0.986115613
505,0.76701619,0.977580851,0.813648304,0.973123246,0.97592862,0.986626503
506,0.79874748,0.981858185,0.840512784,0.978807348,0.980696978,0.988986932
507,0.749057275,0.974549712,0.796426016,0.96901573,0.972804397,0.98747684
508,0.782776554,0.978966064,0.825828316,0.974666339,0.977014422,0.987892031
509,0.781061929,0.977070243,0.831361405,0.974561301,0.976164877,0.987389628
510,0.77730811,0.975145064,0.813938668,0.970402033,0.973336702,0.987228065
511,0.758229671,0.973872655,0.804748056,0.967288258,0.970935469,0.985822527
512,0.739361361,0.975986597,0.788398188,0.970717523,0.974217735,0.986536676
513,0.740208337,0.973851673,0.79827765,0.968957828,0.971552325,0.985742625
514,0.756517465,0.9780044,0.804692779,0.974762592,0.976649282,0.988749751
515,0.765309573,0.979771749,0.80924884,0.977799318,0.978525107,0.987485659
516,0.782815606,0.979443361,0.828120643,0.974970274,0.978078356,0.985606708
517,0.785179431,0.976493741,0.834944458,0.973551045,0.975086184,0.985325623
518,0.750177994,0.975146938,0.803132557,0.972191364,0.973701354,0.98607131
519,0.778528633,0.977479769,0.819223811,0.972782801,0.975348468,0.985692697
520,0.762734928,0.978036642,0.815565573,0.973130295,0.975836392,0.988634538
521,0.756705374,0.979011998,0.80554395,0.974302954,0.977173218,0.987331372
522,0.764032782,0.974130869,0.805466785,0.969517258,0.971471909,0.986933788
523,0.774968725,0.978455326,0.818167025,0.974524687,0.976856828,0.988120967
524,0.800607138,0.979849379,0.839420715,0.976420781,0.978721497,0.987237608
525,0.788735252,0.979506348,0.839648209,0.976533924,0.977682748,0.986922731
526,0.776854725,0.977728499,0.817624653,0.97333775,0.976579473,0.988268098
527,0.772112276,0.978245634,0.817164141,0.975546024,0.977180785,0.987896842
528,0.770469011,0.975389978,0.815788655,0.969924321,0.973870678,0.986728497
529,0.754014614,0.97717253,0.801112573,0.971815555,0.975494937,0.98565954
530,0.759294569,0.978789457,0.810537318,0.975693136,0.977649154,0.987255798
531,0.785582184,0.979550006,0.830715927,0.976110722,0.978668923,0.987378945
532,0.763434982,0.976884168,0.809756802,0.972754783,0.974758253,0.987925023
533,0.775689136,0.975276487,0.824566401,0.971777557,0.97349844,0.987387168
534,0.768350242,0.977183292,0.809837559,0.972454052,0.975771862,0.987164629
535,0.73642662,0.976786327,0.788511438,0.974086656,0.976033973,0.988013543
536,0.789802397,0.975974914,0.827749928,0.972064606,0.973281815,0.986294996
537,0.776009286,0.976743621,0.825724888,0.973808451,0.974688314,0.988316758
538,0.775292368,0.97680406,0.818695197,0.970481727,0.974299155,0.986963526
539,0.786184035,0.976076163,0.830106564,0.972401697,0.974499317,0.985388723
540,0.757585106,0.978079594,0.800229671,0.974058489,0.977192617,0.986966079
541,0.783350591,0.980951111,0.836569529,0.976532938,0.979560625,0.988803865
542,0.789722927,0.974471994,0.832417794,0.971201774,0.971998706,0.984874545
543,0.768726231,0.980412957,0.822330123,0.976584296,0.979294294,0.988975496
544,0.740403115,0.974295395,0.785773113,0.969381142,0.972646655,0.986672867
545,0.745149997,0.98162461,0.801046845,0.978422841,0.980698616,0.986805195
546,0.774462567,0.978441445,0.815351617,0.97714566,0.977523229,0.987901314
547,0.778845644,0.976813438,0.826368599,0.971775913,0.975137618,0.985826352
548,0.768777564,0.979706918,0.811375193,0.975405364,0.978833256,0.987140036
549,0.79031684,0.977430433,0.830250758,0.97447439,0.976361652,0.986549008
550,0.772973094,0.974459655,0.817327543,0.968463378,0.970943126,0.987005769
551,0.767509545,0.976748731,0.815751824,0.971850415,0.975398308,0.985781596
552,0.73358267,0.971256995,0.791664993,0.968543239,0.970162632,0.987044358
553,0.765850492,0.975744274,0.811075536,0.970020505,0.972564042,0.98382161
554,0.760519599,0.976076979,0.807305037,0.972987159,0.97472993,0.988684837
555,0.818594667,0.979698289,0.858629173,0.976126334,0.978729468,0.987699136
556,0.790500014,0.979343929,0.836144689,0.975917829,0.977337751,0.990138025
557,0.768287227,0.976932413,0.816755482,0.973508164,0.975669093,0.987925454
558,0.781957924,0.980259072,0.828780037,0.976178054,0.978744618,0.988326656
559,0.789844689,0.977718326,0.832461853,0.973301817,0.975651863,0.987537595
560,0.787610814,0.977327518,0.826650718,0.973971725,0.976488113,0.98830808
561,0.769017207,0.977823582,0.818097927,0.974276598,0.976418584,0.987348546
562,0.750341418,0.977254663,0.804863587,0.973591581,0.976008979,0.98670753
563,0.769649591,0.977577846,0.815986255,0.972493178,0.975432772,0.987715165
564,0.766150196,0.980705502,0.809836055,0.976244239,0.979408179,0.987400016
565,0.779168752,0.977487143,0.819562154,0.972996721,0.975730717,0.986764749
566,0.735319031,0.979469298,0.786500973,0.974525094,0.978214839,0.98612622
567,0.763584515,0.977915867,0.811159116,0.972887875,0.97654818,0.987096881
568,0.793052973,0.978643697,0.834666005,0.975622199,0.977302351,0.988209388
569,0.789297917,0.97623056,0.827615486,0.972387639,0.975026229,0.988022511
570,0.756993139,0.978771432,0.807151933,0.974474891,0.976806929,0.986828745
571,0.778900725,0.978639719,0.82859055,0.974285996,0.976833524,0.985807282
572,0.792800377,0.978986305,0.836146307,0.976192371,0.97798499,0.987070489
573,0.806177851,0.977700981,0.84957549,0.973268089,0.976132013,0.986180596
574,0.736914078,0.97765144,0.800654077,0.97383892,0.97550358,0.986799194
575,0.760906144,0.977455345,0.820137901,0.971651497,0.97547205,0.98663043
576,0.757858683,0.974253812,0.799578092,0.970917795,0.973732847,0.984648764
577,0.768323146,0.976982621,0.822824565,0.973176422,0.975302369,0.987677023
578,0.7644733,0.974664756,0.809798284,0.966959982,0.972016614,0.984824541
579,0.776484342,0.976142392,0.82355943,0.972301626,0.974281197,0.987418612
580,0.765202559,0.976434821,0.815614361,0.970119645,0.974284101,0.98725818
581,0.783150014,0.978501621,0.824638021,0.972170392,0.975651556,0.987888628
582,0.767678488,0.976350209,0.813562384,0.972184693,0.974294285,0.985255838
583,0.766129878,0.977480046,0.815439039,0.971751808,0.974433817,0.988312489
584,0.770641943,0.979203098,0.827616759,0.976657022,0.978143508,0.988202886
585,0.772477061,0.977617134,0.815309285,0.974460337,0.977157828,0.985371264
586,0.780737378,0.978909998,0.823547224,0.977171452,0.977935937,0.988597078
587,0.806735922,0.981181944,0.851187058,0.978524504,0.980092667,0.989376065
588,0.787393001,0.9773149,0.827545959,0.971268297,0.975081829,0.988003797
589,0.767516648,0.979194352,0.813349681,0.975349175,0.978596067,0.987762935
590,0.77418232,0.977806549,0.821317629,0.971658756,0.9748675,0.988470125
591,0.75224533,0.978839772,0.810735408,0.973891951,0.97742257,0.987232152
592,0.778079634,0.978379208,0.822101056,0.976196313,0.978130565,0.988734189
593,0.764555726,0.975280477,0.810120848,0.970846019,0.973148949,0.986456725
594,0.734139237,0.97779749,0.791307011,0.972141584,0.976274156,0.987874051
595,0.765483956,0.976909902,0.82288536,0.974830717,0.976836514,0.987045789
596,0.742403612,0.97446243,0.795173075,0.96825253,0.973397686,0.984659063
597,0.797168991,0.978987303,0.835811477,0.97559177,0.977064966,0.988784886
598,0.757738336,0.978171628,0.8103532,0.972742914,0.976237108,0.987112329
599,0.761653583,0.977567446,0.8110575,0.972886601,0.975028819,0.983705507
600,0.780723238,0.97706365,0.818134584,0.971740896,0.975266314,0.986729149
601,0.741771478,0.977677993,0.792258537,0.972290417,0.976084976,0.986537617
602,0.780977323,0.982031564,0.821046535,0.978958138,0.980598809,0.988626591
603,0.753078014,0.976850476,0.804414672,0.974267162,0.976331919,0.988780781
604,0.741436651,0.975286035,0.793970067,0.969261636,0.973342774,0.986716168
605,0.790056787,0.978678758,0.835716196,0.973136159,0.97597017,0.987772079
606,0.777688177,0.980131674,0.824761921,0.974203969,0.977736922,0.98860261
607,0.786672011,0.979082313,0.826071296,0.976555957,0.977601834,0.986383413
608,0.764421246,0.975623768,0.80708377,0.970875413,0.973103091,0.987902623
609,0.75337703,0.975472989,0.803890718,0.97025727,0.973301236,0.987641151
610,0.790196311,0.979976009,0.836343176,0.976353867,0.978320987,0.988977952
611,0.765951708,0.979120021,0.810115246,0.975910644,0.977859123,0.988683071
612,0.772038071,0.980587179,0.819534387,0.97525393,0.978894266,0.988682321
613,0.799450475,0.980502354,0.835520913,0.976547441,0.979311765,0.989051
614,0.769287224,0.976999151,0.823273006,0.971713173,0.974226145,0.985372935
615,0.768145865,0.977926804,0.820262983,0.973895775,0.977111157,0.987955034
616,0.765145469,0.975014684,0.811304469,0.972502937,0.974214865,0.986060521
617,0.785111421,0.977483184,0.827653058,0.976615526,0.977442738,0.986221635
618,0.760277798,0.980395014,0.816054531,0.976377112,0.978851518,0.988262532
619,0.755041257,0.975408644,0.816150585,0.969083383,0.97231293,0.986667736
620,0.755132634,0.978108899,0.808878744,0.973754987,0.977264864,0.988198865
621,0.755271217,0.97294154,0.808281622,0.968598327,0.971698523,0.984577112
622,0.763085056,0.974210996,0.809913797,0.970024225,0.972248816,0.982261518
623,0.802586458,0.97733824,0.84357129,0.972741155,0.97440312,0.989123218
624,0.779350592,0.974676906,0.819883417,0.969243139,0.972346424,0.987656567
625,0.761631951,0.975400255,0.81107848,0.970163595,0.973172212,0.983703252
626,0.762959155,0.975038824,0.800257685,0.968793412,0.971989913,0.98675735
627,0.73203757,0.973317692,0.790457734,0.968523057,0.971200379,0.988163524
628,0.755975875,0.980147797,0.807574361,0.975075226,0.978830426,0.988802342
629,0.799102143,0.979603234,0.843290437,0.974838336,0.977599953,0.987353798
630,0.770059308,0.977358719,0.815396317,0.973134177,0.975278391,0.987060297
631,0.781752671,0.981190894,0.819861861,0.976455052,0.980216053,0.987954605
632,0.744469667,0.978366461,0.797197898,0.97228974,0.975709888,0.986930326
633,0.747583062,0.975890308,0.797522189,0.971419738,0.974826357,0.987449962
634,0.797449227,0.980557499,0.839246102,0.976344127,0.978923616,0.988801362
635,0.765819515,0.976935104,0.812142931,0.97148048,0.974682952,0.985614013
636,0.793813419,0.977194733,0.833894522,0.97227655,0.975168797,0.985751689
637,0.789814356,0.981232509,0.837949279,0.976539414,0.979500003,0.989491089
638,0.777132188,0.978375816,0.827746672,0.973520551,0.976177833,0.987449671
639,0.772656052,0.977578336,0.820475474,0.97197133,0.975530211,0.986825969
640,0.743817937,0.972839111,0.798737317,0.970442102,0.971063241,0.983906699
641,0.791978625,0.98140518,0.838722858,0.978789052,0.980760335,0.989760972
642,0.783507579,0.975706702,0.830284119,0.972123786,0.97405091,0.988283097
643,0.743848447,0.974191372,0.796219306,0.971494342,0.973693807,0.9845073
644,0.743857623,0.977263703,0.801741359,0.973079829,0.976426964,0.98721137
645,0.754203372,0.979553876,0.810628743,0.973506936,0.976989331,0.986064645
646,0.754597784,0.976699832,0.804712484,0.973863596,0.976355161,0.986463437
647,0.783624165,0.979486438,0.8308136,0.97657057,0.978440314,0.988211844
648,0.771341518,0.977338986,0.81778137,0.972497753,0.975987879,0.987058964
649,0.736147591,0.977466728,0.786658617,0.971381345,0.975504262,0.984515006
650,0.756236499,0.974398057,0.807185015,0.971418234,0.972710613,0.987441573
651,0.720192465,0.97450387,0.775849378,0.96862041,0.971617777,0.983926255
652,0.764933719,0.976230867,0.814200426,0.972990951,0.974498853,0.987196675
653,0.769700037,0.978216091,0.81790669,0.974519433,0.977158814,0.986166434
654,0.794899901,0.98078672,0.835891074,0.976161904,0.979126734,0.988485951
655,0.750976315,0.972861936,0.800728554,0.96792261,0.971563372,0.987919857
656,0.747864146,0.973964091,0.79623256,0.969480534,0.971889207,0.986747954
657,0.78189359,0.978488159,0.83446378,0.971352439,0.976269606,0.987335535
658,0.761114625,0.978627881,0.808533382,0.973980457,0.977259557,0.988192838
659,0.770009687,0.975673891,0.809568388,0.973436857,0.974306168,0.986475374
660,0.755003536,0.978895459,0.804741987,0.973587629,0.976583185,0.985874001
661,0.767612017,0.978083603,0.821307007,0.973858904,0.976826719,0.986442349
662,0.770844425,0.976328189,0.818352773,0.970689562,0.973952144,0.987061457
663,0.765294752,0.976447323,0.807319166,0.971043354,0.97513551,0.986089835
664,0.805324444,0.980486104,0.844128026,0.97699647,0.978771271,0.988975228
665,0.794812142,0.979893577,0.832908663,0.975642555,0.978235102,0.98999339
666,0.734307146,0.972609922,0.784478372,0.968870071,0.97088908,0.986046215
667,0.773597422,0.975662585,0.824857639,0.97191364,0.973959877,0.986798313
668,0.754489068,0.97698271,0.802601569,0.97260827,0.975144725,0.986145159
669,0.760300131,0.976476125,0.80592346,0.971672765,0.974963665,0.985469418
670,0.735610717,0.974488071,0.784586414,0.969232186,0.971630925,0.985790183
671,0.745752733,0.974523263,0.79551327,0.968674937,0.972472186,0.985958198
672,0.777173146,0.977665454,0.817257202,0.972047319,0.975390059,0.986311909
673,0.743106897,0.974426778,0.796929438,0.972425608,0.974506889,0.986743079
674,0.756669672,0.971215737,0.803478802,0.965849202,0.967845884,0.985480285
675,0.770163748,0.976043864,0.817742361,0.970206886,0.974083481,0.987570166
676,0.741115074,0.975901738,0.794968264,0.969128704,0.973443452,0.987675198
677,0.77766788,0.977964272,0.829735594,0.972769298,0.976513813,0.986870739
678,0.786158905,0.976245746,0.829658393,0.973291588,0.974794666,0.985540496
679,0.733393017,0.978003112,0.790311848,0.972658499,0.975293587,0.986481373
680,0.754749127,0.974583451,0.799548378,0.970357719,0.972972869,0.986444685
681,0.751957826,0.974677935,0.809150814,0.971913526,0.973637101,0.986743289
682,0.772106977,0.977902916,0.823722349,0.972580871,0.97538123,0.987335831
683,0.770220245,0.974993886,0.815986832,0.970439052,0.973663297,0.986273267
684,0.803018978,0.978039817,0.836561543,0.973241408,0.975810589,0.988209026
685,0.767884426,0.974010085,0.817434341,0.969774682,0.97179084,0.986248171
686,0.765077539,0.978807999,0.814834168,0.974968507,0.977670096,0.988715998
687,0.755870086,0.977677937,0.806022023,0.972607368,0.976029956,0.987558018
688,0.774443509,0.974898782,0.818449295,0.969516707,0.973138992,0.986775954
689,0.73307127,0.97667967,0.779543238,0.970215551,0.974270261,0.986780724
690,0.760650182,0.974621928,0.810465341,0.969027095,0.971783782,0.986394146
691,0.794011233,0.97581141,0.834142374,0.970020472,0.972854767,0.987362253
692,0.782775956,0.977971414,0.833607592,0.974070136,0.975490645,0.987557386
693,0.780454256,0.978278844,0.821094221,0.973250252,0.976455117,0.988377316
694,0.798421136,0.980308135,0.831060971,0.974974231,0.977736289,0.988201428
695,0.74627803,0.975200896,0.805013874,0.969807435,0.972887848,0.984441151
696,0.788658578,0.982133635,0.82678095,0.975713179,0.980059365,0.989631438
697,0.771626464,0.979891125,0.821427519,0.973900897,0.977496387,0.987318188
698,0.790867707,0.979342268,0.830192407,0.976216641,0.978537381,0.989742811
699,0.766704347,0.980140066,0.822290126,0.975827302,0.978075223,0.988819249
700,0.797948107,0.978682866,0.835248647,0.975157248,0.977643152,0.986542248
701,0.769235556,0.974231676,0.809147278,0.969754598,0.972366125,0.984249559
702,0.792381268,0.978561637,0.831531364,0.974677045,0.977301068,0.988079667
703,0.76816285,0.97607887,0.813155212,0.971343296,0.973268008,0.987420439
704,0.748217724,0.974211905,0.79736813,0.969945092,0.972802792,0.985296042
705,0.774550487,0.975505679,0.823282143,0.969767798,0.973127087,0.986221712
706,0.759060654,0.971792894,0.815192846,0.966806624,0.969273559,0.98547137
707,0.763555932,0.978664532,0.814898323,0.975463534,0.978318749,0.985516445
708,0.745395003,0.976605355,0.795936625,0.973287998,0.975372649,0.986927299
709,0.77227842,0.975719421,0.814885556,0.97185129,0.973503013,0.988203838
710,0.711308532,0.974495851,0.7688768,0.969278577,0.972334393,0.9854025
711,0.804722515,0.981329888,0.847287064,0.976331816,0.979220428,0.989197485
712,0.77794366,0.979290953,0.818066845,0.975628579,0.97842342,0.985985427
713,0.77371804,0.979595109,0.824531735,0.973620183,0.977471696,0.987497988
714,0.747697133,0.979171238,0.793050561,0.976049277,0.97883645,0.987040921
715,0.804403381,0.978690911,0.848323238,0.974456976,0.97678752,0.987400767
716,0.76900367,0.97837369,0.818864642,0.974662547,0.976640902,0.986968263
717,0.753543442,0.973051987,0.799746071,0.967180244,0.970477203,0.986036147
718,0.76892837,0.977003891,0.820822956,0.972334425,0.975225227,0.987401979
719,0.755295009,0.975764793,0.806919741,0.972286831,0.974353575,0.987262047
720,0.752959772,0.977636675,0.798736942,0.97264646,0.975149398,0.985862417
721,0.794735675,0.978917841,0.834396032,0.975643233,0.97823028,0.984937257
722,0.742160648,0.974890016,0.796771302,0.970342248,0.97313756,0.987281854
723,0.690068525,0.971746567,0.752682379,0.967242957,0.970109716,0.985586628
724,0.753125513,0.979637119,0.811873667,0.976630272,0.978392484,0.987126175
725,0.763068924,0.975723132,0.810981296,0.971700072,0.974675035,0.987220873
726,0.760370692,0.977183483,0.820150016,0.971959441,0.97457595,0.986259337
727,0.755357641,0.973293336,0.804757753,0.966428992,0.970731735,0.983808384
728,0.781918139,0.978373363,0.826816295,0.974657137,0.977076765,0.99010412
729,0.793149594,0.981718325,0.835274603,0.977764955,0.979953131,0.989513445
730,0.758958376,0.977660952,0.810211262,0.970507949,0.974483573,0.985777366
731,0.761504477,0.979812292,0.815527584,0.97655228,0.978535865,0.987210114
732,0.788997827,0.977856678,0.83261187,0.972809133,0.975520314,0.986095217
733,0.767670947,0.97832057,0.816337934,0.972592819,0.975512456,0.984547376
734,0.777605089,0.97533814,0.816859283,0.970881369,0.973940451,0.986414842
735,0.77880668,0.977335974,0.822636472,0.973157318,0.975175117,0.986876088
736,0.75870211,0.979327257,0.804491448,0.975857705,0.978061626,0.987087061
737,0.7703817,0.977235103,0.813354613,0.973513342,0.975919912,0.987395397
738,0.783138519,0.981835945,0.828513925,0.97908335,0.981010659,0.989315863
739,0.761617984,0.978036212,0.809461274,0.973302053,0.976059114,0.987198155
740,0.73735984,0.976136061,0.790927966,0.971245293,0.973229321,0.986364693
741,0.750100959,0.976761328,0.798576441,0.973014908,0.975217577,0.988695999
742,0.773036573,0.980300755,0.818940886,0.974412229,0.978662936,0.987942106
743,0.765016445,0.977807657,0.820652057,0.973282955,0.975375225,0.987537891
744,0.765661368,0.978333254,0.813638346,0.972376534,0.976721077,0.985824453
745,0.779007428,0.979236368,0.820201103,0.975557123,0.97770864,0.985951371
746,0.745985187,0.974699683,0.792191448,0.972384546,0.973354332,0.985531997
747,0.775884547,0.977470465,0.819020631,0.972926745,0.975567306,0.98753681
748,0.72584359,0.971272662,0.783019115,0.966525089,0.969242145,0.981643568
749,0.786312279,0.978666758,0.834630021,0.973818724,0.977222705,0.989390289
750,0.760234151,0.974932623,0.813281946,0.969769002,0.972457262,0.983462023
751,0.783958452,0.97722886,0.824448774,0.97374387,0.976098312,0.987308634
752,0.782228245,0.977993478,0.834437314,0.975689575,0.976732799,0.987700258
753,0.782127869,0.981973459,0.828848536,0.977682656,0.980983003,0.988934803
754,0.757438552,0.977333631,0.804962988,0.973174116,0.976101272,0.988700086
755,0.782975525,0.980144269,0.83227494,0.976593971,0.978615538,0.989833229
756,0.784851309,0.979455163,0.833933959,0.97567267,0.977463437,0.988365509
757,0.731873047,0.971646481,0.79028408,0.968291137,0.96915644,0.986556232
758,0.781719962,0.976512723,0.823211906,0.969966984,0.973722846,0.983044439
759,0.750752165,0.97705386,0.800691566,0.973428783,0.97624488,0.986904753
760,0.752719792,0.973648936,0.794730064,0.969810581,0.971527212,0.987099418
761,0.762930947,0.976488438,0.809774397,0.973339041,0.974893114,0.985400075
762,0.801371173,0.979451152,0.839376281,0.975092163,0.977746715,0.988316606
763,0.761744856,0.975894144,0.805849389,0.970304107,0.97374618,0.986489437
764,0.805913045,0.98116787,0.850266372,0.976645095,0.979244741,0.989313319
765,0.790536451,0.979524184,0.832230307,0.976370092,0.979284896,0.986862241
766,0.782555033,0.979796692,0.835378945,0.974119158,0.977626261,0.986326239
767,0.782868263,0.978290059,0.836818854,0.973915204,0.97613573,0.986827162
768,0.795594204,0.979077613,0.83650461,0.976130659,0.977410814,0.987646868
769,0.767206298,0.977587477,0.812735559,0.97456982,0.976717306,0.986612911
770,0.707332644,0.973350023,0.770092687,0.970633408,0.972202227,0.985337968
771,0.738086574,0.976719232,0.790795128,0.971221261,0.974661345,0.985530444
772,0.754358995,0.975213947,0.799742715,0.973192103,0.974382247,0.985774638
773,0.757905665,0.977295349,0.807644617,0.973240868,0.975491979,0.986182025
774,0.771456224,0.977008071,0.812127452,0.97197324,0.975910569,0.986323238
775,0.746939279,0.978268847,0.798663039,0.973170835,0.976215085,0.988131631
776,0.758607953,0.978529075,0.815680049,0.976908458,0.977920866,0.986850393
777,0.809940139,0.979647687,0.850500824,0.976581021,0.9783681,0.989957402
778,0.727805553,0.972624421,0.780844974,0.964171665,0.970437249,0.985875058
779,0.765504129,0.975569082,0.806908837,0.973753843,0.974735168,0.986221542
780,0.777761665,0.976834198,0.828990582,0.971558903,0.975128351,0.987875014
781,0.781414539,0.979716278,0.824786274,0.976448402,0.978326866,0.987693061
782,0.789492341,0.979977727,0.828586075,0.976084788,0.978857719,0.988371507
783,0.778690295,0.973518036,0.816605605,0.96952496,0.971383552,0.985200212
784,0.786262802,0.976645386,0.83267491,0.973445341,0.974010053,0.989059852
785,0.770658137,0.975195301,0.810044228,0.97036446,0.973542513,0.985490684
786,0.751764113,0.974994219,0.808377295,0.971361216,0.973669207,0.987028284
787,0.783123749,0.978024365,0.82895035,0.974202653,0.976344478,0.988107905
788,0.78663067,0.977363745,0.826440548,0.972618289,0.976000199,0.986059442
789,0.789462642,0.98020508,0.832025726,0.974150711,0.978330139,0.988022988
790,0.75199545,0.978515709,0.81254964,0.974104902,0.976271646,0.986050149
791,0.790077671,0.97916478,0.831879634,0.976468085,0.978497127,0.987008652
792,0.752287669,0.976353023,0.809218665,0.971458346,0.974179267,0.986137651
793,0.781440507,0.977047871,0.828250023,0.973007957,0.975158286,0.986229102
794,0.760530881,0.974462104,0.811804748,0.968201644,0.97193258,0.987243271
795,0.757146347,0.980914287,0.81013058,0.978089997,0.979560792,0.987978438
796,0.769051079,0.978563266,0.821622963,0.975441579,0.977825626,0.98826608
797,0.76860751,0.980400808,0.818183097,0.975616729,0.979046798,0.988988018
798,0.768326835,0.97788339,0.813198287,0.97257037,0.976437841,0.987139418
799,0.766707523,0.977376788,0.811597349,0.973294873,0.975836825,0.986086145
800,0.786572963,0.978675349,0.837726342,0.974346264,0.976403531,0.986954662
801,0.738939971,0.977329393,0.798642007,0.973556986,0.975524997,0.986582094
802,0.793649672,0.979728268,0.837355504,0.9752495,0.978015456,0.987349251
803,0.808576425,0.978856517,0.844801187,0.974020322,0.977302178,0.987725019
804,0.777519334,0.978414238,0.823591724,0.97370894,0.976967057,0.988185867
805,0.768816108,0.979872284,0.82092801,0.977041894,0.979498,0.987817069
806,0.761665246,0.97657448,0.808172927,0.970885354,0.973660361,0.98848777
807,0.75449435,0.975514612,0.807805075,0.970856955,0.973958351,0.987687479
808,0.779036388,0.976603991,0.822810386,0.970206409,0.97442931,0.986900265
809,0.77692337,0.978432248,0.828072353,0.972625324,0.975499257,0.987832434
810,0.768766893,0.976114397,0.812571015,0.971028792,0.973253727,0.987420135
811,0.786372002,0.97721595,0.825434459,0.972744279,0.974705919,0.987609191
812,0.803512676,0.979832145,0.843208417,0.974159545,0.976940759,0.987125183
813,0.762019942,0.97851982,0.807467449,0.975410672,0.977557694,0.987228746
814,0.774821213,0.974974026,0.817433833,0.973068773,0.974839975,0.98892252
815,0.769198692,0.979223747,0.814974478,0.97343261,0.97650112,0.987977668
816,0.763110201,0.978496837,0.805898088,0.974857401,0.977460598,0.984902048
817,0.767388736,0.977332636,0.813164584,0.972476717,0.97531418,0.986310278
818,0.795016248,0.981257131,0.839614091,0.97831147,0.980520934,0.991159417
819,0.760830875,0.978712943,0.807728551,0.974583973,0.977325062,0.988377832
820,0.703327823,0.976835636,0.766224456,0.971200986,0.975568042,0.985070021
821,0.738389174,0.975323767,0.793936284,0.968322436,0.971990275,0.986134786
822,0.766539975,0.974508094,0.813864757,0.970677086,0.972667989,0.986184849
823,0.76103821,0.975121905,0.805609205,0.972125807,0.974337374,0.988145838
824,0.764822073,0.98118533,0.821201952,0.976524186,0.980328991,0.986517811
825,0.734674793,0.973847986,0.785811509,0.967979857,0.971808021,0.986650084
826,0.77975325,0.978898692,0.821479876,0.972417835,0.976551898,0.988428723
827,0.741466507,0.974810593,0.795352398,0.968946848,0.972388524,0.984820403
828,0.751528088,0.973503621,0.801060738,0.970319828,0.972180084,0.988190616
829,0.744247723,0.973021652,0.80037464,0.968874335,0.970995036,0.98694435
830,0.782365107,0.974927755,0.821283932,0.97128737,0.972786842,0.985904402
831,0.771136403,0.977378193,0.817089968,0.97563424,0.976161246,0.987206887
832,0.785367376,0.975755204,0.828267575,0.972259702,0.97370859,0.98672395
833,0.757020709,0.980190856,0.816988281,0.976299799,0.978515684,0.98778681
834,0.755481949,0.977556846,0.800538048,0.974589569,0.976841919,0.987946428
835,0.776224991,0.977153816,0.823276311,0.971822596,0.975121086,0.98654372
836,0.760462083,0.973104804,0.812779591,0.969025429,0.971315463,0.985889678
837,0.798764637,0.978894495,0.842950144,0.975148919,0.977366876,0.988582614
838,0.748393062,0.975866042,0.795884492,0.969054424,0.973690026,0.986230001
839,0.74619042,0.975551162,0.795467765,0.971385352,0.974104898,0.987041382
840,0.769203064,0.974613112,0.816869568,0.972298582,0.973025642,0.987643183
841,0.770803852,0.976437658,0.826177208,0.972622879,0.974382054,0.984891958
842,0.757328863,0.974786025,0.820235131,0.970759463,0.973872012,0.984418272
843,0.776074956,0.97747707,0.824283249,0.971114386,0.974440134,0.985470029
844,0.768623856,0.975705672,0.8142833,0.969968747,0.973646254,0.988575343
845,0.755370956,0.974526085,0.804862607,0.970347928,0.973179348,0.985376797
846,0.758512512,0.977369159,0.803798309,0.973211886,0.976070832,0.987418313
847,0.7726293,0.975940277,0.817510878,0.972735514,0.974015199,0.986089631
848,0.783454083,0.977660596,0.831006484,0.972397839,0.975441163,0.987148352
849,0.761982746,0.977876868,0.809352333,0.97401387,0.975915844,0.988044758
850,0.77048216,0.974748309,0.814348741,0.96897189,0.972086748,0.987104423
851,0.758290153,0.975348027,0.80639717,0.97325289,0.975317051,0.987171484
852,0.792746017,0.981973923,0.837043496,0.977104645,0.979787279,0.987430449
853,0.751883339,0.976154686,0.799585014,0.972804946,0.974386366,0.98844667
854,0.757275516,0.976016725,0.807834003,0.97305807,0.974854453,0.988390247
855,0.746170616,0.974782015,0.796365029,0.969957122,0.973540667,0.985912314
856,0.775022514,0.978264338,0.818443022,0.974114772,0.977658025,0.985565592
857,0.77345115,0.971638576,0.81883033,0.965845166,0.96873727,0.985125465
858,0.755786215,0.974703554,0.81576531,0.968655325,0.971441695,0.98550462
859,0.772670547,0.976003694,0.817038297,0.972336418,0.974354237,0.9862692
860,0.795964193,0.979864494,0.827160479,0.974786936,0.97796673,0.986955798
861,0.766565414,0.975160411,0.809720339,0.972770407,0.97347771,0.985667817
862,0.81249143,0.980163188,0.845369239,0.975198418,0.977917894,0.98859498
863,0.775788213,0.977448009,0.820911435,0.975207992,0.976627459,0.988531051
864,0.737000874,0.972246917,0.779704156,0.969217778,0.971216713,0.986235985
865,0.782770647,0.980348872,0.823681063,0.978922323,0.979579326,0.988797159
866,0.753381684,0.97719144,0.804678198,0.970328272,0.974952419,0.984461382
867,0.756261311,0.979958327,0.809672031,0.976364734,0.978321768,0.988375217
868,0.776957637,0.974793243,0.824411105,0.970235364,0.972984095,0.98387949
869,0.736579543,0.974843818,0.790688527,0.971189222,0.973642824,0.985697347
870,0.734722507,0.975487284,0.793401913,0.970300668,0.973483493,0.986647457
871,0.765023513,0.976486086,0.814098424,0.971746887,0.973906151,0.986881044
872,0.739835719,0.975239173,0.795954158,0.971265718,0.973430449,0.985341353
873,0.759381155,0.976418841,0.815805146,0.972129375,0.974473893,0.98652523
874,0.78241551,0.977765549,0.822438389,0.972385246,0.975385557,0.985602223
875,0.783252401,0.979801509,0.835843578,0.974651779,0.977533294,0.987211976
876,0.755484127,0.971231257,0.804251118,0.966434949,0.969462982,0.984685011
877,0.782089502,0.978459086,0.830481141,0.970517758,0.975253573,0.988667869
878,0.772989189,0.976914299,0.820154052,0.972175886,0.975372857,0.987211419
879,0.768195656,0.975686098,0.8144677,0.971947057,0.9752031,0.986135519
880,0.746114699,0.978933094,0.803395941,0.97506402,0.977327678,0.989203699
881,0.7782964,0.977856871,0.820367062,0.973167103,0.97606164,0.988138044
882,0.747566237,0.973649057,0.799701015,0.970527098,0.972972724,0.986818652
883,0.783014636,0.975732012,0.822354561,0.973189812,0.975027328,0.986725065
884,0.763012998,0.978410369,0.818922599,0.972330185,0.975544965,0.988285591
885,0.737132971,0.976749557,0.786963818,0.97076752,0.974379484,0.986028576
886,0.753252821,0.977185172,0.79235378,0.969780498,0.974896193,0.987392191
887,0.783002575,0.979203664,0.830729933,0.975202206,0.977823095,0.986736965
888,0.745575682,0.975446071,0.794527589,0.97052777,0.973114782,0.98628297
889,0.749439592,0.978307657,0.796772031,0.970012501,0.975586146,0.987705924
890,0.759209277,0.978430068,0.811076562,0.975073854,0.976342921,0.985569786
891,0.774448984,0.97948359,0.81947663,0.975330093,0.978330208,0.984895137
892,0.715631859,0.973681637,0.779158789,0.968506022,0.97111469,0.984574959
893,0.781175781,0.978851076,0.829585087,0.974372652,0.976181762,0.986516395
894,0.778436556,0.979884089,0.820174604,0.974722914,0.978195118,0.988203145
895,0.770740376,0.975166405,0.817759387,0.970839193,0.973874327,0.987547767
896,0.792897212,0.978380213,0.833188939,0.976116707,0.97766278,0.987584872
897,0.790441107,0.978090825,0.831750832,0.974169332,0.976043877,0.986673748
898,0.745257074,0.979312908,0.806863068,0.974368879,0.977603117,0.988460887
899,0.762483298,0.97789589,0.80512016,0.973035158,0.976708728,0.987945522
900,0.785606821,0.97704882,0.82971641,0.974195328,0.975766304,0.98690495
901,0.800246208,0.980814753,0.842526747,0.978656791,0.980277307,0.988762061
902,0.767858654,0.97902858,0.821436294,0.974009557,0.977118589,0.986959076
903,0.785401812,0.979621802,0.82473767,0.976113523,0.97851575,0.987932576
904,0.772092746,0.978967866,0.826247571,0.973292183,0.976777525,0.987133582
905,0.794451884,0.977576459,0.840647317,0.97517385,0.976961801,0.985852788
906,0.759486196,0.97541449,0.807483163,0.971260908,0.972799912,0.985472258
907,0.750136113,0.975245244,0.802659282,0.972514964,0.97403513,0.985557547
908,0.752545164,0.975035509,0.807752253,0.971006427,0.97227429,0.98701011
909,0.804838626,0.980361468,0.849269751,0.976654532,0.9794616,0.989256861
910,0.772743722,0.976987527,0.82671564,0.972552362,0.975596289,0.987079792
911,0.794141793,0.974621029,0.827815342,0.96936481,0.972583285,0.985702611
912,0.749940659,0.97511525,0.804290398,0.968861609,0.972283159,0.985921572
913,0.782429523,0.977239884,0.831793154,0.972431364,0.975400019,0.986226187
914,0.750798163,0.974029115,0.807578714,0.970585121,0.971558455,0.985015829
915,0.773567525,0.979091982,0.821043889,0.975885392,0.978031353,0.986584897
916,0.754367421,0.972605531,0.813604081,0.96734662,0.970045374,0.986287938
917,0.791399299,0.977886453,0.826139744,0.971853955,0.974994617,0.988713039
918,0.767757851,0.979434138,0.819488844,0.97604306,0.978225565,0.988193369
919,0.74115663,0.978966841,0.795051296,0.974180163,0.977980335,0.9898466
920,0.77511915,0.978552674,0.821725251,0.973404176,0.976584002,0.987903785
921,0.786261601,0.978610527,0.839604048,0.971508658,0.974871984,0.98883362
922,0.759581545,0.976829526,0.805237736,0.973449712,0.974999297,0.987866704
923,0.782888782,0.979363391,0.829114417,0.975419067,0.977375576,0.988537959
924,0.78014865,0.977976289,0.819118097,0.974869,0.976721191,0.987482332
925,0.787973346,0.978923105,0.826329808,0.97628958,0.979039105,0.987839313
926,0.782608565,0.978080776,0.833427646,0.974072156,0.976356898,0.986470444
927,0.798079904,0.978343767,0.835988703,0.973663975,0.976894037,0.987566918
928,0.784176001,0.97701354,0.827260655,0.972111211,0.975045676,0.986183304
929,0.755522785,0.977810878,0.796071861,0.973705812,0.976801615,0.988635049
930,0.758127886,0.977320174,0.800314881,0.973328313,0.976692025,0.988284515
931,0.796515707,0.975850153,0.834380185,0.97078155,0.973764397,0.987396946
932,0.78684996,0.979836944,0.825466479,0.976230518,0.978643206,0.989855889
933,0.756740186,0.975684625,0.809488303,0.970562709,0.97422712,0.986827306
934,0.78762189,0.977914136,0.832243291,0.973720186,0.976475612,0.986215903
935,0.765139101,0.977721413,0.815069286,0.971950866,0.975037231,0.98558833
936,0.776754805,0.978265336,0.822227163,0.975075223,0.976779162,0.987185161
937,0.76205458,0.979795013,0.807434147,0.974121781,0.977837815,0.98725311
938,0.786470582,0.977837357,0.825841886,0.972964615,0.976145945,0.98753539
939,0.78936373,0.979208813,0.824287977,0.973953078,0.977950647,0.988241439
940,0.76859791,0.978486351,0.818830138,0.974729417,0.976879084,0.987294144
941,0.757589419,0.977013952,0.809917799,0.971091253,0.974679426,0.986605789
942,0.762510647,0.977039726,0.80310326,0.971162978,0.974249521,0.9869376
943,0.780389274,0.981146679,0.824113201,0.976505684,0.979240276,0.98860729
944,0.752914677,0.974984423,0.80201352,0.970565914,0.974608011,0.988034673
945,0.75223852,0.978561291,0.806032104,0.974055687,0.976631825,0.988065254
946,0.774810174,0.974798405,0.815689678,0.970622368,0.973759128,0.98703296
947,0.750869603,0.974864013,0.80078313,0.972032474,0.974263965,0.98820074
948,0.761594783,0.978717766,0.815369691,0.97424243,0.975804255,0.987737703
949,0.754440999,0.976318159,0.804094639,0.970986026,0.974433024,0.984815457
950,0.767087524,0.978329133,0.807966894,0.975633566,0.976745886,0.985978951
951,0.747790619,0.980112169,0.806234771,0.976494353,0.978993044,0.988562653
952,0.778254944,0.977164794,0.82457963,0.974336919,0.975686133,0.985419217
953,0.728530201,0.975739289,0.789503661,0.970772049,0.97398351,0.985062674
954,0.748673258,0.9763239,0.800842038,0.97327469,0.975676733,0.985428012
955,0.793928443,0.97796215,0.838233677,0.973829088,0.976513668,0.988374038
956,0.727727975,0.973823443,0.774830419,0.968572989,0.971878257,0.984778667
957,0.765389123,0.977751084,0.816846665,0.970432391,0.974730826,0.987962951
958,0.714648975,0.972682007,0.763939168,0.96592766,0.971034451,0.984032605
959,0.739691572,0.968715498,0.794578983,0.963677657,0.966587075,0.983505682
960,0.790288293,0.975343124,0.82919829,0.972048754,0.974419714,0.986407689
961,0.78990188,0.97791589,0.83581534,0.974667945,0.975821952,0.98728567
962,0.783165697,0.980325084,0.824220839,0.976333473,0.978521632,0.986761961
963,0.7825694,0.980119313,0.830608303,0.975461359,0.978626807,0.988512908
964,0.743418103,0.976985772,0.800179447,0.971752569,0.976113714,0.986427993
965,0.759330315,0.975127774,0.809372069,0.970167921,0.972823984,0.985749978
966,0.764331484,0.978184259,0.810865348,0.974589164,0.977027296,0.987774864
967,0.797735739,0.97846145,0.84156488,0.972447358,0.976372077,0.988000268
968,0.778438204,0.977581269,0.831308426,0.972342686,0.9750729,0.987391671
969,0.799878539,0.977537248,0.845391866,0.976727788,0.978172957,0.988342326
970,0.763255417,0.973057803,0.814698211,0.968145781,0.970131985,0.985454646
971,0.72281359,0.974228574,0.779448708,0.970908839,0.973074952,0.98824912
972,0.761125644,0.976163928,0.799047904,0.971073498,0.974448843,0.987123334
973,0.790970466,0.980166623,0.839371761,0.974935441,0.978102368,0.986359646
974,0.789696294,0.979363495,0.839180385,0.974025308,0.97732696,0.987240656
975,0.731691558,0.974800684,0.783654814,0.970010745,0.97288247,0.983434464
976,0.761754869,0.979547835,0.811876808,0.974856103,0.978106572,0.988870706
977,0.788353489,0.979801647,0.831437468,0.97563997,0.978136196,0.988242229
978,0.811780864,0.979258544,0.849612954,0.975642572,0.977831046,0.987660832
979,0.749477782,0.980020944,0.805127683,0.976573004,0.979223164,0.988242105
980,0.786851053,0.978158853,0.833133367,0.971930868,0.975651938,0.987381288
981,0.779299161,0.980812684,0.819625369,0.97619423,0.979074536,0.989929256
982,0.721259508,0.972580551,0.783776791,0.966685374,0.971204266,0.988664535
983,0.756581388,0.978089925,0.812183425,0.976108955,0.977724588,0.988708834
984,0.747897385,0.978818108,0.799998282,0.974636824,0.977462148,0.987412096
985,0.743238642,0.974713356,0.795958411,0.971465309,0.97362397,0.986611464
986,0.734677859,0.977687056,0.795231698,0.972919583,0.976532905,0.986369536
987,0.786673855,0.977282152,0.82380274,0.973127192,0.975777046,0.987452873
988,0.81204684,0.979705266,0.849120868,0.974821972,0.977322444,0.986296327
989,0.770571328,0.976991351,0.818913946,0.97430464,0.975708205,0.989228203
990,0.751145267,0.977572544,0.801842415,0.973673372,0.97615528,0.986580451
991,0.77399787,0.975863969,0.813818563,0.973503097,0.974812876,0.985432918
992,0.786069658,0.978653853,0.829617152,0.975856858,0.977294903,0.988096267
993,0.747734591,0.977852422,0.792261233,0.972571727,0.97570003,0.985842158
994,0.772567321,0.978379477,0.815975307,0.973457223,0.976929539,0.988065428
995,0.775231942,0.974441019,0.820232797,0.970062101,0.97320197,0.985064358
996,0.769659706,0.976226314,0.817127084,0.970597106,0.97472893,0.986652057
997,0.760084124,0.975585948,0.809421756,0.969093635,0.972803742,0.985049189
998,0.770349472,0.97531944,0.814684144,0.97186716,0.973754145,0.984911152
999,0.766783113,0.976958535,0.815519771,0.973211156,0.975895633,0.987190719
1000,0.764854928,0.977312118,0.812702612,0.973127691,0.975022203,0.986993729
