X1,X2,X3,Y,U,V,Beta0,Beta1,Beta2,Beta3
0.559068799875561,0.40199177094011,1.33223070742875,2.97057742165702,0,0,0,2.25,4,0
1.19231835948006,0.998273854534498,1.94630878967827,6.97180072056933,1.05263157894737,0,0.105263157894737,2.39958448753463,3.89163448340127,0.210859490603606
1.65686917440602,0.550838635956479,0.559300872992534,7.0386138406155,2.10526315789474,0,0.210526315789474,2.53254847645429,3.57828101879279,0.754514512859201
1.5643050757419,0.839207845259818,1.06278593007921,8.5110243997623,3.15789473684211,0,0.315789473684211,2.648891966759,3.09389631624485,1.40169542465297
1.11447745970335,1.19398576397022,1.86138531523395,10.1418820265933,4.21052631578947,0,0.421052631578947,2.74861495844875,2.4909709742816,1.87947375120649
0.0725527805161712,0.0982898188667503,0.333324812518863,1.61215157626339,5.26315789473684,0,0.526315789473684,2.83171745152355,1.83484130905534,1.98636130340272
1.33874354846264,1.77335886119307,1.57849946647197,8.701138027931,6.31578947368421,0,0.631578947368421,2.89819944598338,1.19660915069406,1.67728157162574
1.69797699679586,1.71659833389204,0.205930695091538,6.80688423190188,7.36842105263158,0,0.736842105263158,2.94806094182825,0.645436856748518,1.08257934547233
0.130929143112621,0.170123100093091,1.76724539100158,2.473329009954,8.42105263157895,0,0.842105263157895,2.98130193905817,0.241052497587022,0.453051841877573
0.721531261104571,0.354833546450195,1.04447522613339,3.12920477378191,9.47368421052632,0,0.947368421052632,2.99792243767313,0.0272773931945554,0.0541827582993655
0.516102497382569,0.0267970416067922,1.94825283268665,2.55321707344275,10.5263157894737,0,1.05263157894737,2.99792243767313,0.0272773931945551,0.054182758299365
0.865193073682839,1.17997087207574,1.51220838895553,4.77495858042104,11.5789473684211,0,1.15789473684211,2.98130193905817,0.241052497587021,0.453051841877572
0.612141815974104,1.41572398700142,1.44514014709233,5.68961433820451,12.6315789473684,0,1.26315789473684,2.94806094182825,0.645436856748518,1.08257934547233
1.93317719318302,1.51784511873049,0.00520237655203704,8.61440257781182,13.6842105263158,0,1.36842105263158,2.89819944598338,1.19660915069406,1.67728157162574
0.259865903228842,0.427942587399185,0.411227454685373,3.88810102835005,14.7368421052632,0,1.47368421052632,2.83171745152355,1.83484130905533,1.98636130340272
0.434872315421676,1.93233453767388,0.520738377346638,8.24948521500097,15.7894736842105,0,1.57894736842105,2.74861495844875,2.4909709742816,1.87947375120649
1.78678756326132,0.968777944846465,0.159909406929693,9.46782248527298,16.8421052631579,0,1.68421052631579,2.648891966759,3.09389631624485,1.40169542465297
1.24341220446237,0.124936202153684,1.47065546676618,6.33876625644424,17.8947368421053,0,1.78947368421053,2.53254847645429,3.57828101879279,0.754514512859201
0.796324754220901,0.356918395568545,1.64530135010558,5.58865319088725,18.9473684210526,0,1.89473684210526,2.39958448753463,3.89163448340127,0.210859490603607
0.712178758784605,0.676526766123109,0.686781272599545,6.78765766449827,20,0,2,2.25,4,0
1.29314618367129,1.76096439011294,0.272276198833758,10.2678368509149,0,1.05263157894737,0.105263157894737,2.39958448753463,3.89163448340127,0.210859490603607
1.46618245109055,0.085441095720536,1.33177885383743,4.61969456668181,1.05263157894737,1.05263157894737,0.210526315789474,2.55911365014081,3.78326896680254,0.421718981207213
1.46340218943053,0.710814832835484,1.66088227841249,7.91853462773116,2.10526315789474,1.05263157894737,0.315789473684211,2.70091735023519,3.46991550219406,0.965374003462807
1.91635107532289,1.28147864943752,1.34724174062552,11.6372024396678,3.15789473684211,1.05263157894737,0.421052631578947,2.82499558781777,2.98553079964612,1.61255491525658
0.0919089057332423,1.65576741495299,0.278918195844898,5.69729195802974,4.21052631578947,1.05263157894737,0.526315789473684,2.93134836288856,2.38260545768287,2.0903332418101
0.848722343106197,0.0892460291537356,0.757653767894592,5.14389981280292,5.26315789473684,1.05263157894737,0.631578947368421,3.01997567544755,1.72647579245661,2.19722079400633
0.0180349165540594,1.58165126833693,1.3567258823513,4.80364843695637,6.31578947368421,1.05263157894737,0.736842105263158,3.09087752549474,1.08824363409533,1.88814106222935
1.40761037470578,0.102301322179394,1.03185018477956,6.99046568900399,7.36842105263158,1.05263157894737,0.842105263157895,3.14405391303013,0.537071340149788,1.29343883607594
1.56178473482805,0.592851695458986,1.95611074917573,7.07899745210999,8.42105263157895,1.05263157894737,0.947368421052632,3.17950483805373,0.132686980988291,0.66391133248118
1.12968047053091,0.544284762458014,0.53544939731154,4.84138899728287,9.47368421052632,1.05263157894737,1.05263157894737,3.19723030056553,0.0810881234041754,0.265042248902972
0.0465904716643075,1.8269076229459,1.73382100130009,1.7390877700661,10.5263157894737,1.05263157894737,1.15789473684211,3.19723030056553,0.0810881234041756,0.265042248902972
0.0151278343097361,1.21093419074105,0.747509736913113,1.9649837291014,11.5789473684211,1.05263157894737,1.26315789473684,3.17950483805373,0.132686980988291,0.663911332481179
1.97793766372598,1.00443490262376,0.273260685657613,8.30867781387229,12.6315789473684,1.05263157894737,1.36842105263158,3.14405391303013,0.537071340149787,1.29343883607594
0.403294306597808,1.47320089744177,0.165383091937208,4.45009965612955,13.6842105263158,1.05263157894737,1.47368421052632,3.09087752549474,1.08824363409533,1.88814106222935
1.64667645762973,0.224246339210767,1.47764737365264,10.0001011455268,14.7368421052632,1.05263157894737,1.57894736842105,3.01997567544755,1.7264757924566,2.19722079400633
0.721900538456039,1.76897976930525,0.744135608817578,10.0792094808384,15.7894736842105,1.05263157894737,1.68421052631579,2.93134836288856,2.38260545768287,2.0903332418101
0.92250596294142,1.05910135074898,0.761032600348351,8.28326000580448,16.8421052631579,1.05263157894737,1.78947368421053,2.82499558781777,2.98553079964612,1.61255491525658
0.220090092804394,0.010987843210946,0.604347529684784,3.36650706373834,17.8947368421053,1.05263157894737,1.89473684210526,2.70091735023519,3.46991550219406,0.965374003462808
1.56252330846803,0.325735828026705,0.589050813085631,7.36361842099305,18.9473684210526,1.05263157894737,2,2.55911365014081,3.78326896680254,0.421718981207213
0.906887122747598,0.524652105098302,0.519627130990544,6.57052601401318,20,1.05263157894737,2.10526315789474,2.39958448753463,3.89163448340127,0.210859490603607
0.594204901500005,0.0777396607252656,0.926950030824508,2.95155406523492,0,2.10526315789474,0.210526315789474,2.53254847645429,3.57828101879279,0.754514512859201
0.716800753045828,1.36412894206327,1.97570454809394,8.52581525018758,1.05263157894737,2.10526315789474,0.315789473684211,2.70091735023519,3.46991550219406,0.965374003462807
0.96487207751495,0.0563929282183919,0.770151757534467,4.69682800972693,2.10526315789474,2.10526315789474,0.421052631578947,2.85057857137376,3.15656203758557,1.5090290257184
0.862449633825234,0.999898414580788,1.88646841281792,9.77358365650554,3.15789473684211,2.10526315789474,0.526315789473684,2.98153213987001,2.67217733503764,2.15620993751217
1.39764510482623,0.961389869118952,0.334002396848996,7.56704927592213,4.21052631578947,2.10526315789474,0.631578947368421,3.09377805572394,2.06925199307439,2.63398826406569
1.35013297608461,0.557057702761639,1.85000811834432,10.889999954283,5.26315789473684,2.10526315789474,0.736842105263158,3.18731631893555,1.41312232784812,2.74087581626192
0.0137419836123789,1.18098342497398,1.50867473515864,5.44784146377181,6.31578947368421,2.10526315789474,0.842105263157895,3.26214692950484,0.774890169486848,2.43179608448494
0.157979446217731,0.57483189648247,1.71319887342943,4.82448738348868,7.36842105263158,2.10526315789474,0.947368421052632,3.3182698874318,0.223717875541305,1.83709385833153
0.921253240817989,1.8398926379484,1.20477303341399,6.03222972511302,8.42105263157895,2.10526315789474,1.05263157894737,3.35568519271645,0.180666483620191,1.20756635473677
1.55507256290709,0.012127689919267,0.214733643139661,6.50740431606225,9.47368421052632,2.10526315789474,1.15789473684211,3.37439284535877,0.394441588012657,0.808697271158566
1.63352793811765,1.1290607565432,0.910944514430704,8.14444457897169,10.5263157894737,2.10526315789474,1.26315789473684,3.37439284535877,0.394441588012658,0.808697271158566
1.26277608809078,0.737384642566283,1.30917942097552,7.39698785229751,11.5789473684211,2.10526315789474,1.36842105263158,3.35568519271645,0.180666483620191,1.20756635473677
0.729752219071825,0.742721514685455,0.115066241563708,4.59127716306543,12.6315789473684,2.10526315789474,1.47368421052632,3.3182698874318,0.223717875541305,1.83709385833153
1.77499627579719,0.0423886425253006,0.0425257536924899,7.86146522541455,13.6842105263158,2.10526315789474,1.57894736842105,3.26214692950484,0.774890169486847,2.43179608448494
0.501853653008283,1.37450128539691,0.579603480326655,6.69209566166992,14.7368421052632,2.10526315789474,1.68421052631579,3.18731631893555,1.41312232784812,2.74087581626192
0.132238068975598,1.10912748769017,1.86295766254622,9.33151224559487,15.7894736842105,2.10526315789474,1.78947368421053,3.09377805572394,2.06925199307438,2.63398826406569
1.45430235815729,1.53087158147509,1.02803871491318,12.8057450459064,16.8421052631579,2.10526315789474,1.89473684210526,2.98153213987001,2.67217733503764,2.15620993751217
1.5335950649789,1.58267791914248,1.75059686073645,14.5159682558077,17.8947368421053,2.10526315789474,2,2.85057857137376,3.15656203758557,1.5090290257184
1.79665141274088,0.493121721112379,0.756199023330955,9.72333055515052,18.9473684210526,2.10526315789474,2.10526315789474,2.70091735023519,3.46991550219406,0.965374003462808
1.53365087793979,0.39961330225465,1.76902303908594,8.8590228311252,20,2.10526315789474,2.21052631578947,2.53254847645429,3.57828101879279,0.754514512859201
1.8937668977626,0.733878116354367,1.06954774029631,9.15481064478093,0,3.15789473684211,0.315789473684211,2.648891966759,3.09389631624485,1.40169542465297
1.07146645812041,1.43914404950584,1.78520547060269,11.0256548892601,1.05263157894737,3.15789473684211,0.421052631578947,2.82499558781777,2.98553079964612,1.61255491525658
1.91956155884861,0.250729642267038,0.205526853343658,7.08206116010928,2.10526315789474,3.15789473684211,0.526315789473684,2.98153213987001,2.67217733503764,2.15620993751217
1.95637666326044,0.859788471694514,0.424091665628322,9.74099099363903,3.15789473684211,3.15789473684211,0.631578947368421,3.11850162291572,2.18779263248971,2.80339084930594
1.04420038721194,0.0327069734397878,1.40321147902509,8.57382219756991,4.21052631578947,3.15789473684211,0.736842105263158,3.2359040369549,1.58486729052645,3.28116917585946
1.69072018962085,0.14204031642189,0.72270165917011,9.40826478288909,5.26315789473684,3.15789473684211,0.842105263157895,3.33373938198755,0.92873762530019,3.38805672805569
1.79605301341825,1.42061220502782,0.00279142941609134,7.18419877221343,6.31578947368421,3.15789473684211,0.947368421052632,3.41200765801367,0.290505466938915,3.07897699627871
1.86245744843456,1.60589564425344,0.768616679707368,9.71443717682875,7.36842105263158,3.15789473684211,1.05263157894737,3.47070886503326,0.260666827006628,2.4842747701253
0.915279261997469,1.82039324326938,0.6402858247865,6.78371830273448,8.42105263157895,3.15789473684211,1.15789473684211,3.50984300304632,0.665051186168124,1.85474726653054
1.51832313660226,1.82424739054662,0.786690765184028,9.45301194167583,9.47368421052632,3.15789473684211,1.26315789473684,3.52941007205285,0.878826290560591,1.45587818295233
1.87759170428604,1.25907235466093,0.362502446552567,9.53023212880323,10.5263157894737,3.15789473684211,1.36842105263158,3.52941007205285,0.878826290560591,1.45587818295233
1.62140142199779,0.262987589519012,0.418753442100934,7.86206090839193,11.5789473684211,3.15789473684211,1.47368421052632,3.50984300304632,0.665051186168125,1.85474726653054
1.86078391097552,0.124273014555901,1.18744926592144,10.9367303308377,12.6315789473684,3.15789473684211,1.57894736842105,3.47070886503326,0.260666827006628,2.4842747701253
0.893914598293975,1.55508765040648,1.18893271135415,8.7652691867847,13.6842105263158,3.15789473684211,1.68421052631579,3.41200765801367,0.290505466938914,3.07897699627871
1.66777213166075,1.48429902279541,0.344940562816889,9.60030746367467,14.7368421052632,3.15789473684211,1.78947368421053,3.33373938198755,0.928737625300188,3.38805672805569
1.97556224852722,1.25185846727632,1.86600313329717,16.0596133478628,15.7894736842105,3.15789473684211,1.89473684210526,3.2359040369549,1.58486729052645,3.28116917585946
0.739278861691706,1.45819335335381,0.112433538467031,7.86183905218545,16.8421052631579,3.15789473684211,2,3.11850162291572,2.18779263248971,2.80339084930594
0.341533969546609,0.406028719125334,0.403448283485752,5.25210155769849,17.8947368421053,3.15789473684211,2.10526315789474,2.98153213987001,2.67217733503764,2.15620993751217
1.64633082164483,1.58998961290466,1.01650412995301,13.3809693427927,18.9473684210526,3.15789473684211,2.21052631578947,2.82499558781777,2.98553079964612,1.61255491525658
1.17411454435754,1.94914233992792,1.51842971917323,13.584678195479,20,3.15789473684211,2.31578947368421,2.648891966759,3.09389631624485,1.40169542465297
1.92322325749778,0.840288320879921,0.292104183594835,8.19277382733511,0,4.21052631578947,0.421052631578947,2.74861495844875,2.4909709742816,1.87947375120649
0.978258640369795,0.491441179961605,1.86214597237608,8.0426474170995,1.05263157894737,4.21052631578947,0.526315789473684,2.93134836288856,2.38260545768287,2.0903332418101
0.507045561042274,0.960244020030092,0.843896130848582,6.15775754165858,2.10526315789474,4.21052631578947,0.631578947368421,3.09377805572394,2.06925199307439,2.63398826406569
1.35644825387907,1.3379448462656,0.112997474780763,7.46209518870771,3.15789473684211,4.21052631578947,0.736842105263158,3.2359040369549,1.58486729052645,3.28116917585946
1.82898356410916,1.70475157430225,1.34840087769046,13.6514837562598,4.21052631578947,4.21052631578947,0.842105263157895,3.35772630658144,0.981941948563197,3.75894750241298
1.23414958014113,1.89064523957124,0.559617464543277,8.05675645047332,5.26315789473684,4.21052631578947,0.947368421052632,3.45924486460356,0.325812283336934,3.86583505460921
0.644997478344093,0.257464526688669,1.56017408651952,9.02099697531687,6.31578947368421,4.21052631578947,1.05263157894737,3.54045971102125,0.31241987502434,3.55675532283223
0.981023859881577,1.39329050626018,1.92568243207517,11.8027527795987,7.36842105263158,4.21052631578947,1.15789473684211,3.60137084583452,0.863592168969883,2.96205309667882
0.814910684870733,0.160168290023486,1.37648967330561,7.72994512698305,8.42105263157895,4.21052631578947,1.26315789473684,3.64197826904336,1.26797652813138,2.33252559308406
0.167879247188169,0.207125302321232,0.996845120408984,3.86744230893035,9.47368421052632,4.21052631578947,1.36842105263158,3.66228198064779,1.48175163252385,1.93365650950585
1.18391904893858,0.262396727161543,0.198064920101063,6.77552787079379,10.5263157894737,4.21052631578947,1.47368421052632,3.66228198064779,1.48175163252385,1.93365650950585
1.7580309572782,1.03011079817304,0.575502494624937,10.3592000845013,11.5789473684211,4.21052631578947,1.57894736842105,3.64197826904336,1.26797652813138,2.33252559308406
1.10661572280964,0.963562168548369,1.07622456560115,9.56881218062868,12.6315789473684,4.21052631578947,1.68421052631579,3.60137084583452,0.863592168969884,2.96205309667882
0.598942137112198,0.891766805444971,0.0226601027673803,4.0818802467194,13.6842105263158,4.21052631578947,1.78947368421053,3.54045971102125,0.312419875024341,3.55675532283223
1.7940166313613,1.59635380821388,0.56568696915034,10.9621640501919,14.7368421052632,4.21052631578947,1.89473684210526,3.45924486460356,0.325812283336933,3.86583505460921
1.58861261245374,1.05787649375085,1.17914258135162,12.3605074509958,15.7894736842105,4.21052631578947,2,3.35772630658144,0.981941948563196,3.75894750241298
1.55162491088224,1.33768746138459,0.344096223749904,10.5190614785018,16.8421052631579,4.21052631578947,2.10526315789474,3.2359040369549,1.58486729052645,3.28116917585946
1.1979365929494,0.966675174837623,0.340196330658397,8.62186082154718,17.8947368421053,4.21052631578947,2.21052631578947,3.09377805572394,2.06925199307439,2.63398826406569
1.11444204611831,0.665374009891815,1.35268558762607,9.77313556082171,18.9473684210526,4.21052631578947,2.31578947368421,2.93134836288856,2.38260545768287,2.0903332418101
0.599415264139165,0.517603306322637,1.13918886181334,7.1571495063288,20,4.21052631578947,2.42105263157895,2.74861495844875,2.4909709742816,1.87947375120649
1.09531450886485,1.94740541791449,1.10334100237473,9.17534681172725,0,5.26315789473684,0.526315789473684,2.83171745152355,1.83484130905534,1.98636130340272
1.98365965893621,0.528720589683349,1.93488196912132,11.4683067609789,1.05263157894737,5.26315789473684,0.631578947368421,3.01997567544755,1.72647579245661,2.19722079400633
0.966825940943619,1.57988169976795,1.25684380412605,9.25864979301344,2.10526315789474,5.26315789473684,0.736842105263158,3.18731631893555,1.41312232784812,2.74087581626192
1.36954739236095,0.994137842313735,0.649099435030479,8.81322016132695,3.15789473684211,5.26315789473684,0.842105263157895,3.33373938198755,0.92873762530019,3.38805672805569
0.960033662391735,0.641570530140821,1.04203138173514,8.44683268591893,4.21052631578947,5.26315789473684,0.947368421052632,3.45924486460356,0.325812283336934,3.86583505460921
1.49304154967562,1.23256557778054,1.72987335217509,13.3761666193378,5.26315789473684,5.26315789473684,1.05263157894737,3.56383276678356,0.330317381889328,3.97272260680544
0.422844860516006,0.0137882997975622,1.9882164695731,10.2815378843097,6.31578947368421,5.26315789473684,1.15789473684211,3.64750308852756,0.968549540250603,3.66364287502846
0.496973452937028,0.125867307357001,1.6769764602819,8.58509135030807,7.36842105263158,5.26315789473684,1.26315789473684,3.71025582983556,1.51972183419615,3.06894064887506
0.195678159145034,1.84004993558888,0.694794295866097,7.42179972722381,8.42105263157895,5.26315789473684,1.36842105263158,3.75209099070756,1.92410619335764,2.4394131452803
1.41734086902322,1.81232738892897,1.49881975957398,13.6062998471235,9.47368421052632,5.26315789473684,1.47368421052632,3.77300857114356,2.13788129775011,2.04054406170209
1.71149183855786,1.66307425061913,1.87882566547573,15.5823162836952,10.5263157894737,5.26315789473684,1.57894736842105,3.77300857114356,2.13788129775011,2.04054406170209
1.57806849984661,1.82734934709104,1.33616367745381,14.2075015060623,11.5789473684211,5.26315789473684,1.68421052631579,3.75209099070756,1.92410619335764,2.43941314528029
1.48568509951855,1.35831529923621,0.962405434761771,12.111601201934,12.6315789473684,5.26315789473684,1.78947368421053,3.71025582983556,1.51972183419615,3.06894064887506
0.209044230446143,1.55411719657459,0.572326154002904,6.09624471976721,13.6842105263158,5.26315789473684,1.89473684210526,3.64750308852756,0.968549540250604,3.66364287502846
1.04174981853029,1.38733589278354,1.19031161119836,10.7746367948175,14.7368421052632,5.26315789473684,2,3.56383276678356,0.33031738188933,3.97272260680544
1.69326493063106,0.397712939611218,0.672814289611785,10.8138845551214,15.7894736842105,5.26315789473684,2.10526315789474,3.45924486460356,0.325812283336933,3.86583505460921
1.68722630130242,0.9047765330848,1.91910113492012,15.3926880078424,16.8421052631579,5.26315789473684,2.21052631578947,3.33373938198755,0.928737625300189,3.38805672805569
0.755494595399043,1.57777349779663,0.884150043438029,8.86630857325091,17.8947368421053,5.26315789473684,2.31578947368421,3.18731631893555,1.41312232784812,2.74087581626192
0.544190722923936,0.0038490932637214,1.9239924169273,8.17275058453954,18.9473684210526,5.26315789473684,2.42105263157895,3.01997567544755,1.72647579245661,2.19722079400633
0.250607848605877,1.11115519444332,1.35276724072812,7.59035143541582,20,5.26315789473684,2.52631578947368,2.83171745152355,1.83484130905534,1.98636130340272
1.38270507861304,0.866496586458229,1.41215567351548,8.33535138420495,0,6.31578947368421,0.631578947368421,2.89819944598338,1.19660915069406,1.67728157162574
1.1102623280811,0.116831891762977,1.91538550630838,8.30385326005696,1.05263157894737,6.31578947368421,0.736842105263158,3.09087752549474,1.08824363409533,1.88814106222935
0.0169484638831192,0.883919698497397,1.87975387562214,5.98120854811758,2.10526315789474,6.31578947368421,0.842105263157895,3.26214692950484,0.774890169486848,2.43179608448494
0.832063614337837,1.67918735759845,1.66751506974738,9.61626476795454,3.15789473684211,6.31578947368421,0.947368421052632,3.41200765801367,0.290505466938915,3.07897699627871
0.87823641082294,1.236513352886,0.310482641637084,5.78191770189265,4.21052631578947,6.31578947368421,1.05263157894737,3.54045971102125,0.31241987502434,3.55675532283223
1.56872129003346,1.48318811396134,1.66086434938664,14.4898684497593,5.26315789473684,6.31578947368421,1.15789473684211,3.64750308852756,0.968549540250603,3.66364287502846
1.65999498222483,1.87127480303559,0.928280645938655,13.8031175741054,6.31578947368421,6.31578947368421,1.26315789473684,3.73313779053261,1.60678169861188,3.35456314325148
1.17921287690952,0.650620029211081,0.597376855355998,9.07906748537254,7.36842105263158,6.31578947368421,1.36842105263158,3.7973638170364,2.15795399255742,2.75986091709807
0.284148076543375,1.4919828879088,1.04661063948257,8.66896160312984,8.42105263157895,6.31578947368421,1.47368421052632,3.84018116803892,2.56233835171892,2.13033341350331
1.186626767423,1.74579644815204,1.66326087028788,13.6975886977234,9.47368421052632,6.31578947368421,1.57894736842105,3.86158984354018,2.77611345611138,1.73146432992511
1.45238559854021,0.86657181818693,1.07826470561884,11.937521315543,10.5263157894737,6.31578947368421,1.68421052631579,3.86158984354018,2.77611345611138,1.73146432992511
0.856760716267392,1.04311932491185,0.519663719341922,8.60318197475919,11.5789473684211,6.31578947368421,1.78947368421053,3.84018116803892,2.56233835171892,2.13033341350331
0.421584111972265,1.30531851896311,0.708076852275305,8.24011490769424,12.6315789473684,6.31578947368421,1.89473684210526,3.7973638170364,2.15795399255742,2.75986091709807
0.530768536808536,0.938022915010741,0.373476272146491,6.65065627035451,13.6842105263158,6.31578947368421,2,3.73313779053261,1.60678169861188,3.35456314325148
1.98636751042533,0.366598640038537,0.701313468217196,12.5225069497595,14.7368421052632,6.31578947368421,2.10526315789474,3.64750308852756,0.968549540250604,3.66364287502846
0.96151273901341,0.452004375524986,0.379437070267443,7.40004202469431,15.7894736842105,6.31578947368421,2.21052631578947,3.54045971102125,0.312419875024341,3.55675532283223
1.65550026372894,0.823910847203311,1.67138187644649,13.6717805270919,16.8421052631579,6.31578947368421,2.31578947368421,3.41200765801367,0.290505466938914,3.07897699627871
1.20647653164576,0.0305834153324296,0.768301911197165,8.59946094260141,17.8947368421053,6.31578947368421,2.42105263157895,3.26214692950484,0.774890169486848,2.43179608448494
1.63568336213613,1.5013408197472,0.0189994447626844,8.89601840649236,18.9473684210526,6.31578947368421,2.52631578947368,3.09087752549474,1.08824363409533,1.88814106222935
1.91109434107111,0.124246833738553,0.6180493904439,9.44576143855781,20,6.31578947368421,2.63157894736842,2.89819944598338,1.19660915069406,1.67728157162574
1.30075638678134,0.863368735791864,1.67349446840562,6.94268933024352,0,7.36842105263158,0.736842105263158,2.94806094182825,0.645436856748518,1.08257934547233
1.25529469254155,1.08555871975022,0.562673642325065,5.9418018209824,1.05263157894737,7.36842105263158,0.842105263157895,3.14405391303013,0.537071340149788,1.29343883607594
1.29312666260862,1.22029710066792,1.56268662419901,8.42760033316082,2.10526315789474,7.36842105263158,0.947368421052632,3.3182698874318,0.223717875541305,1.83709385833153
0.124266257383439,0.872468346016415,1.06302849848788,4.27328588448426,3.15789473684211,7.36842105263158,1.05263157894737,3.47070886503326,0.260666827006628,2.4842747701253
1.87639329175756,0.162137115798072,0.307829031425828,8.65735554948233,4.21052631578947,7.36842105263158,1.15789473684211,3.60137084583452,0.863592168969883,2.96205309667882
1.79743287518883,0.567914476037511,1.05050736831911,11.8174851393379,5.26315789473684,7.36842105263158,1.26315789473684,3.71025582983556,1.51972183419615,3.06894064887506
1.38971832586929,0.146453608699411,0.566479575491361,8.28348553318859,6.31578947368421,7.36842105263158,1.36842105263158,3.7973638170364,2.15795399255742,2.75986091709807
0.620812342458843,1.45995510330864,1.4297322290179,10.6973436222206,7.36842105263158,7.36842105263158,1.47368421052632,3.86269480743702,2.70912628650296,2.16515869094467
0.687091211260731,0.692750205863876,1.46877856984065,8.64171417758987,8.42105263157895,7.36842105263158,1.57894736842105,3.90624880103744,3.11351064566446,1.53563118734991
0.1524588862701,1.30441053976614,0.899271686127435,7.69469429407094,9.47368421052632,7.36842105263158,1.68421052631579,3.92802579783765,3.32728575005693,1.1367621037717
1.03967388119251,0.96351490335779,0.36415486796852,9.24714226548662,10.5263157894737,7.36842105263158,1.78947368421053,3.92802579783765,3.32728575005693,1.1367621037717
1.21755464293815,0.765187276460438,0.271080852815255,9.06101710051042,11.5789473684211,7.36842105263158,1.89473684210526,3.90624880103744,3.11351064566446,1.53563118734991
1.45431992086892,0.653771680413074,0.545543227330956,10.3057205170629,12.6315789473684,7.36842105263158,2,3.86269480743702,2.70912628650296,2.16515869094467
0.00014786715410775,0.20607983493293,1.27128701426173,6.2104395550657,13.6842105263158,7.36842105263158,2.10526315789474,3.7973638170364,2.15795399255742,2.75986091709807
0.339532537592793,0.740824758613867,1.61237583685019,9.75979302840548,14.7368421052632,7.36842105263158,2.21052631578947,3.71025582983556,1.51972183419615,3.06894064887506
0.926582047263979,0.754883079194942,1.33575464535774,9.90486055875079,15.7894736842105,7.36842105263158,2.31578947368421,3.60137084583452,0.863592168969884,2.96205309667882
0.723704302543569,0.963596641553584,0.573178294598191,6.69490405648707,16.8421052631579,7.36842105263158,2.42105263157895,3.47070886503326,0.260666827006629,2.4842747701253
1.90413122910473,1.59123912575479,0.284883125502014,9.61004311227,17.8947368421053,7.36842105263158,2.52631578947368,3.3182698874318,0.223717875541305,1.83709385833153
1.86438671839374,1.38278739234163,0.491750470536807,9.63803638060508,18.9473684210526,7.36842105263158,2.63157894736842,3.14405391303013,0.537071340149788,1.29343883607594
1.91613732159785,1.69958019730555,1.38379402702243,11.0506636482175,20,7.36842105263158,2.73684210526316,2.94806094182825,0.645436856748518,1.08257934547233
0.413076840816485,1.02456505179305,0.143493687015657,2.03708348279609,0,8.42105263157895,0.842105263157895,2.98130193905817,0.241052497587022,0.453051841877574
0.319401468105306,1.71006681687467,0.997321750270395,2.50648441663362,1.05263157894737,8.42105263157895,0.947368421052632,3.17950483805373,0.132686980988291,0.66391133248118
1.14352113406058,0.930883093519053,1.97199555466305,7.34269948573702,2.10526315789474,8.42105263157895,1.05263157894737,3.35568519271645,0.180666483620191,1.20756635473677
1.1858383830966,0.529697195527156,1.80980129152657,8.44777031645574,3.15789473684211,8.42105263157895,1.15789473684211,3.50984300304632,0.665051186168124,1.85474726653054
1.39722149974138,1.25896842745995,1.15041539502538,10.4272918977647,4.21052631578947,8.42105263157895,1.26315789473684,3.64197826904336,1.26797652813138,2.33252559308406
0.611626928162071,1.12546823788384,1.5330345479368,9.23178359185129,5.26315789473684,8.42105263157895,1.36842105263158,3.75209099070756,1.92410619335764,2.4394131452803
0.787702682156671,1.08231293528977,1.49353489694487,10.0061098948473,6.31578947368421,8.42105263157895,1.47368421052632,3.84018116803892,2.56233835171892,2.13033341350331
0.673771652170215,0.786622878636948,1.39066281394841,8.57228655793662,7.36842105263158,8.42105263157895,1.57894736842105,3.90624880103744,3.11351064566446,1.53563118734991
0.257986082520871,0.840924742532836,1.35463450128289,6.89750211588491,8.42105263157895,8.42105263157895,1.68421052631579,3.95029388970312,3.51789500482596,0.906103683755147
0.173872712214412,0.274243955468837,0.564799655502964,3.70935685443687,9.47368421052632,8.42105263157895,1.78947368421053,3.97231643403596,3.73167010921842,0.507234600176939
1.09788669761208,0.584355756990448,1.163735960458,9.57442625049358,10.5263157894737,8.42105263157895,1.89473684210526,3.97231643403596,3.73167010921842,0.507234600176939
0.635466490281659,0.0146464263692432,1.23774458177394,5.63838795441498,11.5789473684211,8.42105263157895,2,3.95029388970312,3.51789500482596,0.906103683755146
1.98549515211139,1.86540244955301,1.62847983367434,17.9455325240216,12.6315789473684,8.42105263157895,2.10526315789474,3.90624880103744,3.11351064566446,1.53563118734991
1.44713050688247,1.21851708216806,0.031974120879573,11.1332428960401,13.6842105263158,8.42105263157895,2.21052631578947,3.84018116803892,2.56233835171892,2.13033341350331
1.14420278021158,1.78369138765256,0.428705207628593,11.2394491915141,14.7368421052632,8.42105263157895,2.31578947368421,3.75209099070756,1.92410619335764,2.4394131452803
1.43445434326431,0.841649680571664,1.97573471710289,13.0828985552647,15.7894736842105,8.42105263157895,2.42105263157895,3.64197826904336,1.26797652813138,2.33252559308406
1.95311845537667,0.800362688027249,1.63467450756841,12.9142369152578,16.8421052631579,8.42105263157895,2.52631578947368,3.50984300304632,0.665051186168125,1.85474726653054
0.853981116461621,1.10786823593778,1.26416342146626,6.92802933289527,17.8947368421053,8.42105263157895,2.63157894736842,3.35568519271645,0.180666483620191,1.20756635473677
1.82602754211805,1.19251887650155,1.36429489314742,9.51148384991773,18.9473684210526,8.42105263157895,2.73684210526316,3.17950483805373,0.132686980988291,0.66391133248118
1.79462250856236,1.01255764220998,1.61643364581331,9.08628701256291,20,8.42105263157895,2.84210526315789,2.98130193905817,0.241052497587022,0.453051841877574
1.67045713495183,1.17441925488444,0.559324276367247,6.54162392190594,0,9.47368421052632,0.947368421052632,2.99792243767313,0.0272773931945554,0.0541827582993655
0.0959163428254908,0.265643372326866,1.32993853581897,1.90095844567493,1.05263157894737,9.47368421052632,1.05263157894737,3.19723030056553,0.0810881234041754,0.265042248902972
0.718561138826385,1.52319596556518,0.0586482246953894,3.93333420150449,2.10526315789474,9.47368421052632,1.15789473684211,3.37439284535877,0.394441588012657,0.808697271158566
0.591507792217586,1.3022869938036,1.0887603084955,5.7170648817481,3.15789473684211,9.47368421052632,1.26315789473684,3.52941007205285,0.878826290560591,1.45587818295233
1.25825123646243,0.702179736261451,1.05794049157447,8.88191122895372,4.21052631578947,9.47368421052632,1.36842105263158,3.66228198064779,1.48175163252385,1.93365650950585
0.272367603377874,0.625192755685724,1.74632855630883,7.48538930662972,5.26315789473684,9.47368421052632,1.47368421052632,3.77300857114356,2.13788129775011,2.04054406170209
0.748091602558307,0.548501051893454,0.37521660764034,7.10659878076854,6.31578947368421,9.47368421052632,1.57894736842105,3.86158984354018,2.77611345611138,1.73146432992511
1.72956339641965,0.299061475298847,1.86292114944672,11.4352406359859,7.36842105263158,9.47368421052632,1.68421052631579,3.92802579783765,3.32728575005693,1.1367621037717
0.500547183882977,0.668691353458116,1.95270455184073,7.21852800972546,8.42105263157895,9.47368421052632,1.78947368421053,3.97231643403596,3.73167010921842,0.507234600176939
0.0590111571901113,1.66606810151156,0.662408855170033,8.37693889388951,9.47368421052632,9.47368421052632,1.89473684210526,3.99446175213511,3.94544521361089,0.108365516598731
1.99889794278076,0.46715152206885,1.24741846827004,12.2630542837765,10.5263157894737,9.47368421052632,2,3.99446175213511,3.94544521361089,0.108365516598731
1.21028535016456,0.138481926131073,1.05412143701201,8.11070654672975,11.5789473684211,9.47368421052632,2.10526315789474,3.97231643403596,3.73167010921842,0.507234600176938
0.488390243850773,0.989454341542749,0.918163043055325,8.68362924885755,12.6315789473684,9.47368421052632,2.21052631578947,3.92802579783765,3.32728575005693,1.1367621037717
0.876390543107219,0.244302684560107,0.717131251418227,7.80218523652635,13.6842105263158,9.47368421052632,2.31578947368421,3.86158984354018,2.77611345611138,1.73146432992511
1.47018713429163,0.8052425304753,0.668539102906162,10.531018386654,14.7368421052632,9.47368421052632,2.42105263157895,3.77300857114356,2.13788129775011,2.04054406170209
1.11597818447644,0.18242842201816,0.166390499775791,7.48502712535226,15.7894736842105,9.47368421052632,2.52631578947368,3.66228198064779,1.48175163252385,1.93365650950585
0.876678779067113,1.44109615966242,0.780803736792909,8.1115201993655,16.8421052631579,9.47368421052632,2.63157894736842,3.52941007205285,0.878826290560591,1.45587818295234
1.20708352724287,0.684685817374615,0.478687891889659,7.31247527672669,17.8947368421053,9.47368421052632,2.73684210526316,3.37439284535877,0.394441588012658,0.808697271158567
0.361997628756424,1.13260977214497,0.972543978392801,4.23313664443951,18.9473684210526,9.47368421052632,2.84210526315789,3.19723030056553,0.0810881234041754,0.265042248902972
1.61757227819319,1.30902474217239,1.40018720920662,8.17950714198784,20,9.47368421052632,2.94736842105263,2.99792243767313,0.0272773931945554,0.0541827582993655
1.6381168596371,1.30500230755348,0.274540663031034,6.48917289194679,0,10.5263157894737,1.05263157894737,2.99792243767313,0.0272773931945551,0.054182758299365
0.974471436623272,1.40171342054903,1.65293467743907,5.07863843795221,1.05263157894737,10.5263157894737,1.15789473684211,3.19723030056553,0.0810881234041756,0.265042248902971
1.5101007946535,0.602208973363537,1.86010643906131,8.55290062623977,2.10526315789474,10.5263157894737,1.26315789473684,3.37439284535877,0.394441588012658,0.808697271158566
0.808745065475415,0.170927628381187,1.65746101377579,6.64964993576353,3.15789473684211,10.5263157894737,1.36842105263158,3.52941007205285,0.878826290560591,1.45587818295233
1.45135260873491,1.26687141021926,0.96990552549689,10.1592729220152,4.21052631578947,10.5263157894737,1.47368421052632,3.66228198064779,1.48175163252385,1.93365650950585
0.308017160195831,0.53286923069004,1.31953852790573,6.47414110880989,5.26315789473684,10.5263157894737,1.57894736842105,3.77300857114356,2.13788129775011,2.04054406170209
1.01814655805984,1.78850355852596,0.912802163827016,11.8905591681148,6.31578947368421,10.5263157894737,1.68421052631579,3.86158984354018,2.77611345611138,1.73146432992511
1.33607118708037,0.600537940669506,0.836924108369198,9.7091719058743,7.36842105263158,10.5263157894737,1.78947368421053,3.92802579783765,3.32728575005693,1.1367621037717
0.305151305809037,1.43011385005165,0.0685925239999265,8.38342212490561,8.42105263157895,10.5263157894737,1.89473684210526,3.97231643403596,3.73167010921842,0.507234600176938
0.125392028427042,0.660704626553028,1.853695092652,4.932900240071,9.47368421052632,10.5263157894737,2,3.99446175213511,3.94544521361089,0.108365516598731
0.674229765688311,0.729746518727235,0.0867601113626637,7.45971846176284,10.5263157894737,10.5263157894737,2.10526315789474,3.99446175213511,3.94544521361089,0.10836551659873
0.891887960947283,1.18469622434264,0.952120198553081,10.6287635071459,11.5789473684211,10.5263157894737,2.21052631578947,3.97231643403596,3.73167010921842,0.507234600176937
1.51529693492601,1.81037093636664,0.771495469467593,15.1958105607689,12.6315789473684,10.5263157894737,2.31578947368421,3.92802579783765,3.32728575005693,1.1367621037717
0.261067157903259,0.529057677670492,1.06811666849318,6.54852352448848,13.6842105263158,10.5263157894737,2.42105263157895,3.86158984354018,2.77611345611138,1.73146432992511
1.80302367153706,1.89965176185311,1.99633654256934,17.396765885532,14.7368421052632,10.5263157894737,2.52631578947368,3.77300857114356,2.13788129775011,2.04054406170209
0.440676480895601,1.47745795866123,1.80494837659946,9.91663564200999,15.7894736842105,10.5263157894737,2.63157894736842,3.66228198064779,1.48175163252385,1.93365650950585
0.757101474821329,0.00892229608433004,0.0295109967040639,5.36933143775756,16.8421052631579,10.5263157894737,2.73684210526316,3.52941007205285,0.878826290560592,1.45587818295233
0.845511776746679,1.70147351923085,1.56102985757896,7.80351925604434,17.8947368421053,10.5263157894737,2.84210526315789,3.37439284535877,0.394441588012658,0.808697271158566
1.94537240017815,1.39114437573907,0.970578900830756,9.30990278493933,18.9473684210526,10.5263157894737,2.94736842105263,3.19723030056553,0.0810881234041756,0.265042248902972
0.354032087009915,1.12486424492576,0.780439529108634,4.30020117990374,20,10.5263157894737,3.05263157894737,2.99792243767313,0.0272773931945551,0.054182758299365
1.7645530213001,0.6754322267669,1.64618020972321,7.70251883600616,0,11.5789473684211,1.15789473684211,2.98130193905817,0.241052497587021,0.453051841877572
1.1025147009858,0.665598695961721,1.74883508912424,6.43526181650197,1.05263157894737,11.5789473684211,1.26315789473684,3.17950483805373,0.132686980988291,0.663911332481179
0.642983815442703,0.154645575323448,1.99671205285842,5.83394401292501,2.10526315789474,11.5789473684211,1.36842105263158,3.35568519271645,0.180666483620191,1.20756635473677
1.79969120243511,0.916601862104728,0.39132117857512,9.25074752932582,3.15789473684211,11.5789473684211,1.47368421052632,3.50984300304632,0.665051186168125,1.85474726653054
1.08422344074879,1.31438013291701,1.73993783637881,11.0077157718992,4.21052631578947,11.5789473684211,1.57894736842105,3.64197826904336,1.26797652813138,2.33252559308406
0.925778512369538,1.14390769099582,0.614983237267239,8.976124277521,5.26315789473684,11.5789473684211,1.68421052631579,3.75209099070756,1.92410619335764,2.43941314528029
1.61594985584497,0.804217287715899,0.822472906741869,11.389802813043,6.31578947368421,11.5789473684211,1.78947368421053,3.84018116803892,2.56233835171892,2.13033341350331
0.721636483005078,1.86940233883164,1.63268039708266,12.6099050480719,7.36842105263158,11.5789473684211,1.89473684210526,3.90624880103744,3.11351064566446,1.5356311873499
1.94200595961919,0.721068463198739,0.736509494862434,12.6453036972088,8.42105263157895,11.5789473684211,2,3.95029388970312,3.51789500482596,0.906103683755146
1.1110346488621,1.89542801790763,0.852430850744517,13.5653935309237,9.47368421052632,11.5789473684211,2.10526315789474,3.97231643403596,3.73167010921842,0.507234600176938
1.53963940555337,0.0602471578705797,0.182433620696413,8.76887200584489,10.5263157894737,11.5789473684211,2.21052631578947,3.97231643403596,3.73167010921842,0.507234600176937
1.36024203825769,0.88219333523317,1.33499636249962,12.0199174001361,11.5789473684211,11.5789473684211,2.31578947368421,3.95029388970312,3.51789500482596,0.906103683755145
0.410399102040711,1.40141829974145,1.46261632224713,10.8805741169595,12.6315789473684,11.5789473684211,2.42105263157895,3.90624880103744,3.11351064566446,1.5356311873499
1.66924586615335,1.40598563298836,0.601636819453172,13.8976099612739,13.6842105263158,11.5789473684211,2.52631578947368,3.84018116803892,2.56233835171892,2.13033341350331
1.7309340594587,1.02033310669473,0.675994418656762,12.9010291896774,14.7368421052632,11.5789473684211,2.63157894736842,3.75209099070756,1.92410619335764,2.43941314528029
0.0830415653885295,1.22448777399819,1.46864471961353,7.77081256702136,15.7894736842105,11.5789473684211,2.73684210526316,3.64197826904336,1.26797652813138,2.33252559308406
1.22838605056359,1.49273788789574,1.97091324065723,12.0186883921111,16.8421052631579,11.5789473684211,2.84210526315789,3.50984300304632,0.665051186168125,1.85474726653054
0.546560462491521,1.60287122078969,1.39754202773771,6.75174538295546,17.8947368421053,11.5789473684211,2.94736842105263,3.35568519271645,0.180666483620192,1.20756635473677
1.49341383424638,0.673449957416338,0.179863625399246,7.84521786394981,18.9473684210526,11.5789473684211,3.05263157894737,3.17950483805373,0.132686980988291,0.663911332481179
0.975743893492315,1.12818601218943,0.941475052961792,7.04992519537946,20,11.5789473684211,3.15789473684211,2.98130193905817,0.241052497587021,0.453051841877572
1.58475098772942,1.71053214082642,1.2707257759913,8.60126007404301,0,12.6315789473684,1.26315789473684,2.94806094182825,0.645436856748518,1.08257934547233
1.04892579183068,1.17831720662839,1.05053871039079,6.61105344089483,1.05263157894737,12.6315789473684,1.36842105263158,3.14405391303013,0.537071340149787,1.29343883607594
1.19502305095425,1.01648239342611,0.282678873734425,6.25495765672014,2.10526315789474,12.6315789473684,1.47368421052632,3.3182698874318,0.223717875541305,1.83709385833153
0.440060394211665,1.70686100033642,0.551030963639426,4.82608231430579,3.15789473684211,12.6315789473684,1.57894736842105,3.47070886503326,0.260666827006628,2.4842747701253
0.728038513433906,1.36759668412548,1.97420546898578,11.1231625949707,4.21052631578947,12.6315789473684,1.68421052631579,3.60137084583452,0.863592168969884,2.96205309667882
0.594484061391603,0.212676512105845,1.58999661571478,9.25033541446082,5.26315789473684,12.6315789473684,1.78947368421053,3.71025582983556,1.51972183419615,3.06894064887505
1.70323383794841,1.00391365861409,1.86666982063453,15.6128386292186,6.31578947368421,12.6315789473684,1.89473684210526,3.7973638170364,2.15795399255742,2.75986091709807
1.94737918918655,0.0383333308805596,0.696745117438598,11.0370617555603,7.36842105263158,12.6315789473684,2,3.86269480743702,2.70912628650296,2.16515869094466
1.24724320826063,0.885218766374807,0.418266964476424,10.4662910220866,8.42105263157895,12.6315789473684,2.10526315789474,3.90624880103744,3.11351064566446,1.53563118734991
1.78455838681428,1.81435086210935,1.36073102870364,16.6847541908541,9.47368421052632,12.6315789473684,2.21052631578947,3.92802579783765,3.32728575005693,1.1367621037717
1.9618054165753,0.0893392477465385,0.710847585896197,11.0453851979557,10.5263157894737,12.6315789473684,2.31578947368421,3.92802579783765,3.32728575005693,1.1367621037717
1.29395820958096,1.89038160854544,0.876746292612417,15.1243346930953,11.5789473684211,12.6315789473684,2.42105263157895,3.90624880103744,3.11351064566446,1.5356311873499
1.59763701631521,0.360760719381272,1.81755635879843,13.0421632551587,12.6315789473684,12.6315789473684,2.52631578947368,3.86269480743702,2.70912628650296,2.16515869094466
0.809748887776618,0.739816292075513,1.66717991892006,11.7126573294203,13.6842105263158,12.6315789473684,2.63157894736842,3.7973638170364,2.15795399255742,2.75986091709807
0.964728862573831,0.410478164705034,0.782767630928196,9.02481143651078,14.7368421052632,12.6315789473684,2.73684210526316,3.71025582983556,1.51972183419615,3.06894064887505
0.127784718581814,0.191171689682936,1.46795819857161,8.32478496070358,15.7894736842105,12.6315789473684,2.84210526315789,3.60137084583452,0.863592168969885,2.96205309667882
1.60585706163727,0.865481869597632,0.581320070135068,10.1264465746594,16.8421052631579,12.6315789473684,2.94736842105263,3.47070886503326,0.260666827006629,2.4842747701253
0.702141997638534,0.555121882512897,0.584273288927651,6.98949745056419,17.8947368421053,12.6315789473684,3.05263157894737,3.3182698874318,0.223717875541305,1.83709385833153
1.69854490036911,0.201716419769265,0.593592554769901,9.41895493520493,18.9473684210526,12.6315789473684,3.15789473684211,3.14405391303013,0.537071340149787,1.29343883607594
1.98361443276526,0.997840908919131,0.0496848433313248,9.82423684030257,20,12.6315789473684,3.26315789473684,2.94806094182825,0.645436856748518,1.08257934547233
0.96864790892638,0.478068147050814,1.83568362641841,7.53240997843779,0,13.6842105263158,1.36842105263158,2.89819944598338,1.19660915069406,1.67728157162574
0.712729190715169,0.699202662368126,1.37206024516873,6.75985273584435,1.05263157894737,13.6842105263158,1.47368421052632,3.09087752549474,1.08824363409533,1.88814106222935
0.108742170079801,1.11652458058817,0.468555710305707,3.92058349129111,2.10526315789474,13.6842105263158,1.57894736842105,3.26214692950484,0.774890169486847,2.43179608448494
1.82815412004282,1.09613382212851,0.994705280282043,11.1471852768047,3.15789473684211,13.6842105263158,1.68421052631579,3.41200765801367,0.290505466938914,3.07897699627871
1.40993748272823,0.842547861083365,1.58116310186189,13.1852115139618,4.21052631578947,13.6842105263158,1.78947368421053,3.54045971102125,0.312419875024341,3.55675532283223
0.876167209702452,0.770999332201083,0.760465235851864,8.33773843329053,5.26315789473684,13.6842105263158,1.89473684210526,3.64750308852756,0.968549540250604,3.66364287502846
1.93621805059303,0.761327558359453,0.437166825179799,12.2657942556027,6.31578947368421,13.6842105263158,2,3.73313779053261,1.60678169861188,3.35456314325148
1.44764167631266,0.561456725742752,1.44533055447838,12.9092053354573,7.36842105263158,13.6842105263158,2.10526315789474,3.7973638170364,2.15795399255742,2.75986091709807
1.31360661536114,0.359824768501403,1.54566511413789,11.3845930952739,8.42105263157895,13.6842105263158,2.21052631578947,3.84018116803892,2.56233835171892,2.13033341350331
1.02954317787738,0.254568049583084,1.38656531022414,9.14036181961971,9.47368421052632,13.6842105263158,2.31578947368421,3.86158984354018,2.77611345611138,1.73146432992511
1.75411251498669,0.0313804489563416,1.23934958942228,11.2407549391948,10.5263157894737,13.6842105263158,2.42105263157895,3.86158984354018,2.77611345611138,1.73146432992511
0.120348321388834,1.50617593858352,1.52460608192453,9.92611717705165,11.5789473684211,13.6842105263158,2.52631578947368,3.84018116803892,2.56233835171892,2.13033341350331
0.942955293990591,1.00991037550388,1.02296059141476,10.877375439998,12.6315789473684,13.6842105263158,2.63157894736842,3.7973638170364,2.15795399255742,2.75986091709807
0.622033147876383,1.444220479562,0.658810933975887,9.97072632919823,13.6842105263158,13.6842105263158,2.73684210526316,3.73313779053261,1.60678169861188,3.35456314325148
0.389386143458308,1.52220161011712,0.00268812306806088,5.54294582551686,14.7368421052632,13.6842105263158,2.84210526315789,3.64750308852756,0.968549540250605,3.66364287502846
0.30209907773769,0.537897759157303,1.16128810045146,8.01109846011399,15.7894736842105,13.6842105263158,2.94736842105263,3.54045971102125,0.312419875024342,3.55675532283223
1.80284080992394,0.387243965314511,0.34367613792798,10.3788391561539,16.8421052631579,13.6842105263158,3.05263157894737,3.41200765801367,0.290505466938913,3.07897699627871
0.141316590696841,0.12829757912895,0.38981444170277,4.67127358755073,17.8947368421053,13.6842105263158,3.15789473684211,3.26214692950484,0.774890169486847,2.43179608448494
1.9167754339083,0.850748634753105,0.300643016576258,10.3353151329016,18.9473684210526,13.6842105263158,3.26315789473684,3.09087752549474,1.08824363409533,1.88814106222935
1.3997794791553,1.40429397813677,1.01083945040077,10.6824867661655,20,13.6842105263158,3.36842105263158,2.89819944598338,1.19660915069406,1.67728157162574
0.0240193277767402,1.95464129029618,0.0347738498608203,5.2580515572928,0,14.7368421052632,1.47368421052632,2.83171745152355,1.83484130905533,1.98636130340272
0.00976079863820734,1.10316546400792,0.942415905322885,5.90538677592221,1.05263157894737,14.7368421052632,1.57894736842105,3.01997567544755,1.7264757924566,2.19722079400633
1.70658279576805,0.0876135533009723,0.0921549882551274,7.4122592040559,2.10526315789474,14.7368421052632,1.68421052631579,3.18731631893555,1.41312232784812,2.74087581626192
0.934575548912028,1.16429754177135,0.884530497400477,9.21376161622978,3.15789473684211,14.7368421052632,1.78947368421053,3.33373938198755,0.928737625300188,3.38805672805569
1.67343731775563,0.556751469837542,0.327118387799487,8.72485217512286,4.21052631578947,14.7368421052632,1.89473684210526,3.45924486460356,0.325812283336933,3.86583505460921
0.441249613767787,1.08438849800777,1.14419991083037,8.37475561268443,5.26315789473684,14.7368421052632,2,3.56383276678356,0.33031738188933,3.97272260680544
1.61192100290382,0.886641786751402,1.63664064547569,14.8825720796226,6.31578947368421,14.7368421052632,2.10526315789474,3.64750308852756,0.968549540250604,3.66364287502846
0.49715888148182,0.234410860309427,0.170683961329787,4.33058337805909,7.36842105263158,14.7368421052632,2.21052631578947,3.71025582983556,1.51972183419615,3.06894064887505
1.99654522301565,0.759882441458888,0.465672186328088,12.4612125544883,8.42105263157895,14.7368421052632,2.31578947368421,3.75209099070756,1.92410619335764,2.4394131452803
1.87579525687626,1.5296657702449,0.492092064965434,13.6169168413776,9.47368421052632,14.7368421052632,2.42105263157895,3.77300857114356,2.13788129775011,2.04054406170209
1.10791270670419,1.83673658355973,0.703868426545593,11.7915647163002,10.5263157894737,14.7368421052632,2.52631578947368,3.77300857114356,2.13788129775011,2.04054406170209
1.8253948490014,1.38539811125826,0.818168181657623,14.4359488948632,11.5789473684211,14.7368421052632,2.63157894736842,3.75209099070756,1.92410619335764,2.43941314528029
1.27097987245323,1.94124848785612,0.228486229555354,11.1774658021755,12.6315789473684,14.7368421052632,2.73684210526316,3.71025582983556,1.51972183419615,3.06894064887505
1.56019146471225,0.252329933145991,0.814429542524453,11.572765766036,13.6842105263158,14.7368421052632,2.84210526315789,3.64750308852756,0.968549540250605,3.66364287502846
1.13443635447954,1.29282777104385,1.35186141654629,12.6958636052886,14.7368421052632,14.7368421052632,2.94736842105263,3.56383276678356,0.330317381889331,3.97272260680544
0.383523333852116,0.773699910813215,1.08604788150024,8.46955730790206,15.7894736842105,14.7368421052632,3.05263157894737,3.45924486460356,0.325812283336932,3.86583505460921
1.81249666302783,1.1246891810597,0.714259231293237,12.401527750111,16.8421052631579,14.7368421052632,3.15789473684211,3.33373938198755,0.928737625300188,3.38805672805569
1.0297128356305,0.396701166552159,1.32318546135246,11.0738542494083,17.8947368421053,14.7368421052632,3.26315789473684,3.18731631893555,1.41312232784812,2.74087581626192
1.99795262206833,0.787852630461564,1.35740558044173,14.2463701643238,18.9473684210526,14.7368421052632,3.36842105263158,3.01997567544755,1.7264757924566,2.19722079400633
0.754657330893815,0.680484521276379,0.263120366312278,7.57165974250515,20,14.7368421052632,3.47368421052632,2.83171745152355,1.83484130905533,1.98636130340272
0.412223956234812,0.71295553986646,0.879239223092945,5.95620094038551,0,15.7894736842105,1.57894736842105,2.74861495844875,2.4909709742816,1.87947375120649
1.45989340544943,0.746079779262156,1.87439115104783,11.7452404644263,1.05263157894737,15.7894736842105,1.68421052631579,2.93134836288856,2.38260545768287,2.0903332418101
0.626871346605868,0.230728462490445,1.14044772114695,7.07458188101955,2.10526315789474,15.7894736842105,1.78947368421053,3.09377805572394,2.06925199307438,2.63398826406569
0.235161851295053,1.00241951636069,1.15527858232366,7.85884298297143,3.15789473684211,15.7894736842105,1.89473684210526,3.2359040369549,1.58486729052645,3.28116917585946
1.77721118594313,1.63382564121524,1.52920474061764,15.5669886059992,4.21052631578947,15.7894736842105,2,3.35772630658144,0.981941948563196,3.75894750241298
1.38624579604632,0.687013988357006,0.493903336966345,9.53217745917905,5.26315789473684,15.7894736842105,2.10526315789474,3.45924486460356,0.325812283336933,3.86583505460921
1.87980028304511,0.99707239349058,1.38771085161774,14.1820387573565,6.31578947368421,15.7894736842105,2.21052631578947,3.54045971102125,0.312419875024341,3.55675532283223
0.834334634148056,0.236047965246377,0.589725823659423,7.51688815127414,7.36842105263158,15.7894736842105,2.31578947368421,3.60137084583452,0.863592168969884,2.96205309667882
1.63154170039816,1.15103334666128,1.14140106167415,12.3108747623421,8.42105263157895,15.7894736842105,2.42105263157895,3.64197826904336,1.26797652813138,2.33252559308406
1.60968537317607,1.0309284913577,1.26960833114385,12.3370104417778,9.47368421052632,15.7894736842105,2.52631578947368,3.66228198064779,1.48175163252385,1.93365650950585
0.720808554039401,0.710553360356133,0.797782394454313,7.78218161900478,10.5263157894737,15.7894736842105,2.63157894736842,3.66228198064779,1.48175163252385,1.93365650950585
1.8276282858183,1.72669786265669,0.497767379026141,13.0750820868207,11.5789473684211,15.7894736842105,2.73684210526316,3.64197826904336,1.26797652813138,2.33252559308406
0.576631665009508,0.688029962234359,1.87066476182933,10.9420634581591,12.6315789473684,15.7894736842105,2.84210526315789,3.60137084583452,0.863592168969885,2.96205309667882
0.330003723845431,0.913762762840945,0.897803802869373,7.60034805057033,13.6842105263158,15.7894736842105,2.94736842105263,3.54045971102125,0.312419875024342,3.55675532283223
0.911725020320779,0.476177823541624,1.06356803472973,10.62433557385,14.7368421052632,15.7894736842105,3.05263157894737,3.45924486460356,0.325812283336932,3.86583505460921
0.485634630885236,1.54232616042609,1.26967709983436,10.9681514115199,15.7894736842105,15.7894736842105,3.15789473684211,3.35772630658144,0.981941948563195,3.75894750241298
0.00384410510686228,0.546809043762785,1.33624072271435,8.29462974013461,16.8421052631579,15.7894736842105,3.26315789473684,3.2359040369549,1.58486729052645,3.28116917585946
1.23068575289492,1.05000422593511,0.878026377442531,11.6061654177217,17.8947368421053,15.7894736842105,3.36842105263158,3.09377805572394,2.06925199307438,2.63398826406569
1.32245572133205,1.06222691681789,0.345978729018223,10.4249775242186,18.9473684210526,15.7894736842105,3.47368421052632,2.93134836288856,2.38260545768287,2.0903332418101
1.32067285618587,1.74676837298351,1.38876848291234,14.0343681071978,20,15.7894736842105,3.57894736842105,2.74861495844875,2.4909709742816,1.87947375120649
1.36095034484504,1.87522606745759,1.84985242041787,13.9024968745736,0,16.8421052631579,1.68421052631579,2.648891966759,3.09389631624485,1.40169542465297
1.70129934562595,0.0974349600083688,0.74121188926705,8.05390694278293,1.05263157894737,16.8421052631579,1.78947368421053,2.82499558781777,2.98553079964612,1.61255491525658
0.0746289368618431,1.95768982753942,1.27757577067394,10.3085716638202,2.10526315789474,16.8421052631579,1.89473684210526,2.98153213987001,2.67217733503764,2.15620993751217
1.36155039200107,1.26465172770632,1.77935817314669,13.6604958485507,3.15789473684211,16.8421052631579,2,3.11850162291572,2.18779263248971,2.80339084930594
1.14227520241355,0.145267624504213,0.965884667511737,9.17666090813096,4.21052631578947,16.8421052631579,2.10526315789474,3.2359040369549,1.58486729052645,3.28116917585946
1.38042955069202,0.423648023579977,1.25963573675818,11.1629014512772,5.26315789473684,16.8421052631579,2.21052631578947,3.33373938198755,0.928737625300189,3.38805672805569
1.79113288650105,0.719774446708009,0.930034987959993,11.4964984736933,6.31578947368421,16.8421052631579,2.31578947368421,3.41200765801367,0.290505466938914,3.07897699627871
0.533724584855521,0.853362560160105,0.218345721005287,4.74481350203193,7.36842105263158,16.8421052631579,2.42105263157895,3.47070886503326,0.260666827006629,2.4842747701253
0.137109216736419,1.51629074925361,0.226232755426748,4.51598020802309,8.42105263157895,16.8421052631579,2.52631578947368,3.50984300304632,0.665051186168125,1.85474726653054
0.627202925210879,1.83150153338966,0.215784617028359,6.9765283901469,9.47368421052632,16.8421052631579,2.63157894736842,3.52941007205285,0.878826290560591,1.45587818295234
1.5783590316414,1.25948029931195,0.891461916355089,10.6054396474976,10.5263157894737,16.8421052631579,2.73684210526316,3.52941007205285,0.878826290560592,1.45587818295234
0.996679646133405,1.9118182251612,1.87769007325002,11.1356029896417,11.5789473684211,16.8421052631579,2.84210526315789,3.50984300304632,0.665051186168125,1.85474726653054
0.874065481793073,1.51023687426047,1.26762795660091,9.7381694637069,12.6315789473684,16.8421052631579,2.94736842105263,3.47070886503326,0.260666827006629,2.4842747701253
0.336811396856588,1.05222234502399,1.85933869614869,10.3961416328869,13.6842105263158,16.8421052631579,3.05263157894737,3.41200765801367,0.290505466938913,3.07897699627871
0.529125353335591,1.7002219958614,0.125752511786397,6.93860048103872,14.7368421052632,16.8421052631579,3.15789473684211,3.33373938198755,0.928737625300188,3.38805672805569
1.36776316670879,1.63206184963928,0.613877823318888,11.8760062190501,15.7894736842105,16.8421052631579,3.26315789473684,3.2359040369549,1.58486729052645,3.28116917585946
1.63327481306352,0.264260941822492,1.89952899074984,14.2528871325248,16.8421052631579,16.8421052631579,3.36842105263158,3.11850162291572,2.18779263248971,2.80339084930594
1.41104197983852,1.52144833711266,0.0207287581777444,11.2932530540427,17.8947368421053,16.8421052631579,3.47368421052632,2.98153213987001,2.67217733503764,2.15620993751217
1.15307778556425,1.2344649362209,0.335655416851368,10.9694136373123,18.9473684210526,16.8421052631579,3.57894736842105,2.82499558781777,2.98553079964612,1.61255491525658
1.98812498592064,0.795294437329876,1.51054489610465,13.7488455498027,20,16.8421052631579,3.68421052631579,2.648891966759,3.09389631624485,1.40169542465297
0.922386539777375,1.68254396797648,1.66764346455157,11.5227630940026,0,17.8947368421053,1.78947368421053,2.53254847645429,3.57828101879279,0.754514512859202
0.986706500002867,0.076639414275546,1.2117208727678,6.60210461072604,1.05263157894737,17.8947368421053,1.89473684210526,2.70091735023519,3.46991550219406,0.965374003462808
0.547919374772217,0.192411856080393,1.03583433673843,5.6841256924267,2.10526315789474,17.8947368421053,2,2.85057857137376,3.15656203758557,1.5090290257184
1.31020577347582,1.89620447249094,1.88571520655476,15.3215452279198,3.15789473684211,17.8947368421053,2.10526315789474,2.98153213987001,2.67217733503764,2.15620993751217
0.814114184818376,0.792031229065755,1.48241279109987,10.2999646155791,4.21052631578947,17.8947368421053,2.21052631578947,3.09377805572394,2.06925199307439,2.63398826406569
0.599926276605093,1.06452419560879,1.4021577340112,9.34102439233252,5.26315789473684,17.8947368421053,2.31578947368421,3.18731631893555,1.41312232784812,2.74087581626192
1.21087114402234,1.80728495766584,1.48943629805141,11.4013581744999,6.31578947368421,17.8947368421053,2.42105263157895,3.26214692950484,0.774890169486848,2.43179608448494
1.58234654407102,0.680070482286661,1.74765154724351,10.9971798370151,7.36842105263158,17.8947368421053,2.52631578947368,3.3182698874318,0.223717875541305,1.83709385833153
1.9417871357582,1.32779128984253,1.92824119189487,11.485449666876,8.42105263157895,17.8947368421053,2.63157894736842,3.35568519271645,0.180666483620191,1.20756635473677
1.54676765463321,1.45472213005703,1.96383381459125,9.96748122899693,9.47368421052632,17.8947368421053,2.73684210526316,3.37439284535877,0.394441588012658,0.808697271158567
1.19996341937518,0.446027201109444,1.83726565547272,8.50284544514092,10.5263157894737,17.8947368421053,2.84210526315789,3.37439284535877,0.394441588012658,0.808697271158567
0.898137265568781,1.11090806372168,0.566960732984032,7.5074705494785,11.5789473684211,17.8947368421053,2.94736842105263,3.35568519271645,0.180666483620192,1.20756635473677
0.30694554032293,0.910465340175258,0.117251150216811,4.35803023796039,12.6315789473684,17.8947368421053,3.05263157894737,3.3182698874318,0.223717875541305,1.83709385833153
0.422466006270995,1.22052907595933,1.64198909387176,9.30185912837245,13.6842105263158,17.8947368421053,3.15789473684211,3.26214692950484,0.774890169486847,2.43179608448494
1.40069808258078,1.08798007616621,0.359044470106754,10.0682502370081,14.7368421052632,17.8947368421053,3.26315789473684,3.18731631893555,1.41312232784812,2.74087581626192
1.91236437228978,1.03671267796007,0.0698625435359468,11.6137577334237,15.7894736842105,17.8947368421053,3.36842105263158,3.09377805572394,2.06925199307438,2.63398826406569
1.27093732977801,0.572095493987267,1.54265342772328,12.4049701348604,16.8421052631579,17.8947368421053,3.47368421052632,2.98153213987001,2.67217733503764,2.15620993751217
1.78254232276399,1.75803232664012,1.08105223867689,15.5506730884685,17.8947368421053,17.8947368421053,3.57894736842105,2.85057857137376,3.15656203758557,1.5090290257184
0.432570027396104,1.87308607394484,0.66307991172181,11.3784564904224,18.9473684210526,17.8947368421053,3.68421052631579,2.70091735023519,3.46991550219406,0.965374003462808
1.3670874109302,1.61241856390874,1.15643321242445,13.8725177059641,20,17.8947368421053,3.78947368421053,2.53254847645429,3.57828101879279,0.754514512859202
0.630117238808532,1.93816985422684,1.70901484363689,11.5588685279786,0,18.9473684210526,1.89473684210526,2.39958448753463,3.89163448340127,0.210859490603607
0.0507731605379167,1.04846984440732,1.28475016816304,6.03475317323129,1.05263157894737,18.9473684210526,2,2.55911365014081,3.78326896680254,0.421718981207213
1.64049807610956,0.225737870228019,0.840207064813844,8.32320894492122,2.10526315789474,18.9473684210526,2.10526315789474,2.70091735023519,3.46991550219406,0.965374003462807
0.865337398243375,1.30046887772416,1.09182577239132,10.6109845720195,3.15789473684211,18.9473684210526,2.21052631578947,2.82499558781777,2.98553079964612,1.61255491525658
0.177413225169296,0.381771935517776,0.364595456729754,4.55114865844511,4.21052631578947,18.9473684210526,2.31578947368421,2.93134836288856,2.38260545768287,2.0903332418101
1.87016798290698,1.71387167054035,0.472548454261059,11.5762495188539,5.26315789473684,18.9473684210526,2.42105263157895,3.01997567544755,1.72647579245661,2.19722079400633
0.78155363200401,1.88570614492402,0.410827333471972,7.7748157538955,6.31578947368421,18.9473684210526,2.52631578947368,3.09087752549474,1.08824363409533,1.88814106222935
1.1758632929101,0.206893799438787,0.519372625177012,7.25252318173387,7.36842105263158,18.9473684210526,2.63157894736842,3.14405391303013,0.537071340149788,1.29343883607594
0.479671882712054,0.59287789437779,1.88526481236593,5.80025589329769,8.42105263157895,18.9473684210526,2.73684210526316,3.17950483805373,0.132686980988291,0.66391133248118
1.30713000940447,1.59806806119058,1.2831407150965,7.6682186517032,9.47368421052632,18.9473684210526,2.84210526315789,3.19723030056553,0.0810881234041754,0.265042248902972
0.73306496725585,0.8834295184504,1.65812673385949,5.98558246791845,10.5263157894737,18.9473684210526,2.94736842105263,3.19723030056553,0.0810881234041756,0.265042248902972
0.962499865214882,0.985041122909235,0.777524387233053,7.0411662830947,11.5789473684211,18.9473684210526,3.05263157894737,3.17950483805373,0.132686980988291,0.663911332481179
0.803371128714166,0.0590323447010728,0.336824435761969,5.85150926969451,12.6315789473684,18.9473684210526,3.15789473684211,3.14405391303013,0.537071340149787,1.29343883607594
0.667595088305078,1.14528677076388,1.48023548080578,9.62647210910081,13.6842105263158,18.9473684210526,3.26315789473684,3.09087752549474,1.08824363409533,1.88814106222935
0.535170736822648,1.14492433263192,1.74559170070747,10.357492983979,14.7368421052632,18.9473684210526,3.36842105263158,3.01997567544755,1.7264757924566,2.19722079400633
1.53568592727909,1.48338273717276,0.711049951018194,13.0093156669349,15.7894736842105,18.9473684210526,3.47368421052632,2.93134836288856,2.38260545768287,2.0903332418101
0.480763837893657,0.153211125901222,0.357657342348236,6.05298285559936,16.8421052631579,18.9473684210526,3.57894736842105,2.82499558781777,2.98553079964612,1.61255491525658
1.92255432316663,1.57433293209155,1.99284721583928,16.5374420315113,17.8947368421053,18.9473684210526,3.68421052631579,2.70091735023519,3.46991550219406,0.965374003462808
1.84710252277646,0.386989989962102,1.91825511775526,10.5448886435454,18.9473684210526,18.9473684210526,3.78947368421053,2.55911365014081,3.78326896680254,0.421718981207213
0.548493826011906,1.06185540838034,0.31199247401842,9.45451139454086,20,18.9473684210526,3.89473684210526,2.39958448753463,3.89163448340127,0.210859490603607
0.446557961735778,1.84825956276896,1.85787133055006,10.7315932060589,0,20,2,2.25,4,0
0.504247125764329,1.97211292984368,0.84914837353495,11.2674668618226,1.05263157894737,20,2.10526315789474,2.39958448753463,3.89163448340127,0.210859490603606
0.493986840595136,1.95058679604495,0.446167890145596,10.9668518559468,2.10526315789474,20,2.21052631578947,2.53254847645429,3.57828101879279,0.754514512859201
0.479152753997901,0.609537710491701,0.272790185172512,5.84529272719381,3.15789473684211,20,2.31578947368421,2.648891966759,3.09389631624485,1.40169542465297
0.856501921609574,1.50727681478536,0.520351308223996,9.35897486234303,4.21052631578947,20,2.42105263157895,2.74861495844875,2.4909709742816,1.87947375120649
1.65185177381651,0.412710230388533,1.08893076597952,10.3759320670959,5.26315789473684,20,2.52631578947368,2.83171745152355,1.83484130905534,1.98636130340272
1.23437248273048,1.72276142644116,0.16441678403885,8.69769149983667,6.31578947368421,20,2.63157894736842,2.89819944598338,1.19660915069406,1.67728157162574
0.387748804547463,1.31568832637011,1.19625462665309,6.29628655045954,7.36842105263158,20,2.73684210526316,2.94806094182825,0.645436856748518,1.08257934547233
1.6161628945837,0.204411511983851,0.0583723567987366,7.62265944657331,8.42105263157895,20,2.84210526315789,2.98130193905817,0.241052497587022,0.453051841877573
1.97126838850988,1.16092960742733,0.909817795375809,8.95172111233708,9.47368421052632,20,2.94736842105263,2.99792243767313,0.0272773931945554,0.0541827582993655
0.297204896862374,1.92697656114366,0.66499736837722,4.29368286777141,10.5263157894737,20,3.05263157894737,2.99792243767313,0.0272773931945551,0.054182758299365
1.7060616160824,1.6897452982804,1.88734566311168,9.24032725329675,11.5789473684211,20,3.15789473684211,2.98130193905817,0.241052497587021,0.453051841877572
0.477203900869283,1.50621379744939,0.606203640019386,6.43993210288266,12.6315789473684,20,3.26315789473684,2.94806094182825,0.645436856748518,1.08257934547233
0.833881101547941,1.40609962457207,0.856448672996251,9.02264811395901,13.6842105263158,20,3.36842105263158,2.89819944598338,1.19660915069406,1.67728157162574
0.644799804694119,0.493247298036836,1.32206751965951,9.21885620852894,14.7368421052632,20,3.47368421052632,2.83171745152355,1.83484130905533,1.98636130340272
0.868077278518209,0.0798829907827749,0.76217602407289,8.08847689710306,15.7894736842105,20,3.57894736842105,2.74861495844875,2.4909709742816,1.87947375120649
0.654847423269381,0.924226361960893,0.27234122325163,8.98733990160301,16.8421052631579,20,3.68421052631579,2.648891966759,3.09389631624485,1.40169542465297
0.19793756527431,0.234747624078211,0.193253246086754,4.9952033571207,17.8947368421053,20,3.78947368421053,2.53254847645429,3.57828101879279,0.754514512859201
1.34234879966318,0.323239949225861,0.610323283142963,8.09332289280334,18.9473684210526,20,3.89473684210526,2.39958448753463,3.89163448340127,0.210859490603607
0.0987173916118791,0.839511679692803,1.64776729972941,7.24471832114709,20,20,4,2.25,4,0
