U,V,Y,ANN_YHat,GWRFG_Yhat,GWRFB_Yhat,GWRAG_Yhat,GWRAB_Yhat,MGWRFG_Yhat,AGWNN_Yhat
0,0,2.970577422,6.795279088,3.332759418,6.419964068,3.904057082,3.831519576,3.170638729,2.982785916
1.052631579,0,6.971800721,10.56846125,7.771418867,10.19807599,8.586669189,8.379741302,7.238236721,6.886983087
2.105263158,0,7.038613841,9.583638275,7.234039592,8.829015971,7.294965615,7.285815311,6.788600949,6.98983525
3.157894737,0,8.5110244,10.80461377,8.550540391,9.805336293,8.496375012,8.51691224,8.700703052,8.558341169
4.210526316,0,10.14188203,10.67719753,9.65691288,10.26712278,9.438177724,9.563752986,10.01457842,10.07251396
5.263157895,0,1.612151576,4.069127708,2.139759635,2.423089367,2.009661892,2.200102272,1.875305283,1.550527222
6.315789474,0,8.701138028,12.84647822,9.027664772,11.6956113,9.13402764,9.125774248,8.804708631,8.644215814
7.368421053,0,6.806884232,10.50764536,7.530763586,10.54357229,7.750587172,7.548712237,7.029600041,6.797973741
8.421052632,0,2.47332901,6.286612484,2.591437704,5.20602076,2.746747053,2.623338485,2.390769228,2.441467911
9.473684211,0,3.129204774,6.832423986,3.742178421,6.341648303,3.884229019,3.79119123,3.303630441,3.069068538
10.52631579,0,2.553217073,6.992966006,2.769813014,6.696343263,3.049387624,2.868139016,2.610170914,2.636778702
11.57894737,0,4.77495858,9.317633849,5.158803058,9.235390817,5.036358032,5.116019015,4.990827403,4.761719294
12.63157895,0,5.689614338,8.812762723,4.998755536,8.743785688,4.930105108,4.843342733,5.278435598,5.663395841
13.68421053,0,8.614402578,10.05441223,9.10506011,10.84823594,9.599637935,9.275456037,9.058819023,8.59528426
14.73684211,0,3.888101028,4.742292379,3.82752818,4.001324712,3.937443159,3.893931844,3.623332201,3.889866971
15.78947368,0,8.249485215,7.832418979,8.398705239,7.641520306,8.092942686,8.35794909,8.254742496,8.217893905
16.84210526,0,9.467822485,9.315726505,9.375917067,9.632725923,9.07783648,9.329461954,9.120930838,9.438635284
17.89473684,0,6.338766256,8.638917395,6.795950707,8.628871722,7.090906112,7.151925197,6.634443508,6.081415346
18.94736842,0,5.588653191,7.692851126,6.215168113,7.945757601,6.775134809,6.612871244,6.00909449,6.019898997
20,0,6.787657664,6.802684121,6.726056097,6.567377681,6.645696256,6.649347455,6.430485982,6.338393528
0,1.052631579,10.26783685,9.655698618,10.49217125,9.51071575,10.59353815,10.51412881,9.744612062,10.28863048
1.052631579,1.052631579,4.619694567,9.318692359,5.281019841,8.538617552,5.614004251,5.514106204,5.309156323,4.760904227
2.105263158,1.052631579,7.918534628,10.70616273,8.287800645,10.17961401,8.234408548,8.207653631,8.212597866,8.018820859
3.157894737,1.052631579,11.63720244,13.23945129,11.28796788,12.22922573,11.186935,11.24265276,11.56490495,11.67628368
4.210526316,1.052631579,5.697291958,5.727614326,4.771383825,5.108416496,4.510762255,4.649990952,5.325040696,5.681517479
5.263157895,1.052631579,5.143899813,6.390936018,5.515139377,5.691417552,5.646281501,5.619799234,5.347243861,5.210155031
6.315789474,1.052631579,4.803648437,7.026988707,4.985091125,6.550707036,4.940640389,4.967035563,4.836822149,4.88143334
7.368421053,1.052631579,6.990465689,8.927379707,6.541567468,8.185384452,6.391936807,6.362182061,6.655764231,6.97084605
8.421052632,1.052631579,7.078997452,11.06553106,7.710614384,11.25891478,7.452190145,7.456431978,7.639883716,7.158969006
9.473684211,1.052631579,4.841388997,7.795688125,5.49059101,7.236694608,5.457766219,5.430952138,4.752551856,4.954151187
10.52631579,1.052631579,1.73908777,8.045892759,2.419364214,7.942810366,2.492381951,2.387358822,2.289747434,1.778997773
11.57894737,1.052631579,1.964983729,5.4280471,1.937243917,5.043790674,1.785092584,1.839448315,1.959643367,2.060138069
12.63157895,1.052631579,8.308677814,10.29658876,9.320480029,10.60535668,9.327252755,9.2357827,8.74312749,8.476016652
13.68421053,1.052631579,4.450099656,6.22736675,4.660781799,5.889029689,4.846637249,4.72414598,4.502293433,4.67995123
14.73684211,1.052631579,10.00010115,10.24172698,10.41501417,10.34630761,10.61063992,10.59311802,10.41521334,10.07986335
15.78947368,1.052631579,10.07920948,9.117395311,9.491105618,8.693015205,9.49324839,9.523938149,9.522301622,10.00585282
16.84210526,1.052631579,8.283260006,8.476448902,8.422071829,8.142891564,8.463444119,8.451002388,8.514085301,8.864829821
17.89473684,1.052631579,3.366507064,4.394641975,2.636442199,3.614792642,2.675679037,2.629186151,3.18907168,3.331553968
18.94736842,1.052631579,7.363618421,9.009224748,7.641307082,8.47134346,7.616464511,7.602045686,7.505827344,7.792450842
20,1.052631579,6.570526014,6.944727202,6.613643432,6.614240547,6.660463878,6.599448681,6.209167583,6.807180477
0,2.105263158,2.951554065,5.790600217,2.821066766,5.186449117,2.905180662,2.853172608,3.063852261,2.958967799
1.052631579,2.105263158,8.52581525,9.618974978,8.977602747,9.448265482,9.042159873,9.032926458,8.803402782,8.668020935
2.105263158,2.105263158,4.69682801,6.773604064,4.40202843,5.997845243,3.963800524,4.343236108,4.582741904,4.389516438
3.157894737,2.105263158,9.773583657,9.17721305,9.117534086,9.209410866,9.212841411,9.242107581,9.363532595,9.705585253
4.210526316,2.105263158,7.567049276,8.804964175,7.577089535,8.348908029,7.779962083,7.65932808,8.059762322,7.592380925
5.263157895,2.105263158,10.88999995,9.980971035,10.46096632,10.15243064,10.42780777,10.46988979,10.63461222,10.91322952
6.315789474,2.105263158,5.447841464,6.684734671,5.252311482,6.137367672,5.056443171,5.194982345,5.24213884,5.245097753
7.368421053,2.105263158,4.824487383,6.61566791,5.251410821,5.985867825,5.163605979,5.216105171,4.737685472,4.88303086
8.421052632,2.105263158,6.032229725,10.8246998,7.101995371,9.97273094,6.657229012,6.995010073,6.411942702,6.010680919
9.473684211,2.105263158,6.507404316,7.470018559,6.854240021,7.278863119,6.994322291,7.06320674,6.119396126,6.519571385
10.52631579,2.105263158,8.144444579,11.28518572,8.840778989,10.78506469,8.375091995,8.535949838,7.921575997,7.981194216
11.57894737,2.105263158,7.396987852,9.794706192,7.456400321,9.599430611,7.071815945,7.277951116,7.16693111,7.406279293
12.63157895,2.105263158,4.591277163,6.064533094,4.495273438,5.633498299,4.65461683,4.60429605,4.428365244,4.325971375
13.68421053,2.105263158,7.861465225,7.571119897,7.310901297,7.903043392,7.060021724,7.184239664,7.262154583,7.885543357
14.73684211,2.105263158,6.692095662,7.113068272,6.707100874,6.904441086,6.793618016,6.774053383,6.657164689,6.712207489
15.78947368,2.105263158,9.331512246,7.331533458,9.197530117,7.657790565,9.119057096,9.237462609,9.322693937,9.345588142
16.84210526,2.105263158,12.80574505,11.74585537,12.32923191,11.3257173,12.29791225,12.38560662,12.50492907,12.70183347
17.89473684,2.105263158,14.51596826,13.33882597,14.23432799,13.06322707,13.9917353,14.19818531,14.29689548,14.50570513
18.94736842,2.105263158,9.723330555,10.37986047,9.24336101,9.977040844,9.238612498,9.216184126,9.535895577,9.424700123
20,2.105263158,8.859022831,10.29474243,9.182414105,10.73734225,9.373044657,9.373920402,9.563004295,8.957614642
0,3.157894737,9.154810645,11.5992205,9.38102935,10.66542548,9.420257263,9.394252733,9.358709681,9.105795716
1.052631579,3.157894737,11.02565489,11.088898,10.31932996,10.47832042,10.3021768,10.32502853,10.47395266,10.9319668
2.105263158,3.157894737,7.08206116,8.750827664,7.11394136,8.560881831,7.177907374,7.061173971,7.403645233,7.170286797
3.157894737,3.157894737,9.740990994,10.49877546,9.342659327,10.1978958,9.401960332,9.434742506,9.623851023,9.59092781
4.210526316,3.157894737,8.573822198,7.804737046,8.298677921,7.420078032,8.385297161,8.406401968,8.354661752,8.857701917
5.263157895,3.157894737,9.408264783,9.439766299,8.994096635,8.699007183,8.964706062,9.084344985,8.816734108,9.223118225
6.315789474,3.157894737,7.184198772,9.487146955,7.585149047,10.08706652,7.11927596,7.312917305,7.753017942,7.237308335
7.368421053,3.157894737,9.714437177,12.4598315,9.987399441,12.05410359,9.989578225,9.741712323,9.962590813,9.784123632
8.421052632,3.157894737,6.783718303,9.697904845,6.911485311,8.96998446,7.147882304,7.019353717,6.710242544,6.812640833
9.473684211,3.157894737,9.453011942,11.98407698,9.505127627,11.37498476,9.477750505,9.332959013,9.296389325,9.408136449
10.52631579,3.157894737,9.530232129,10.74418827,9.991201451,10.92760007,9.858993065,9.823010756,9.508062725,9.709452052
11.57894737,3.157894737,7.862060908,8.615825577,8.11244567,8.479643145,8.302199761,8.160293667,7.868466661,7.978215785
12.63157895,3.157894737,10.93673033,10.61767513,10.55449434,10.51986862,10.50088928,10.50884676,10.55230584,10.96488994
13.68421053,3.157894737,8.765269187,10.02527259,9.546627757,9.687921713,9.888351752,9.598128659,8.970158082,8.806315756
14.73684211,3.157894737,9.600307464,10.49745315,10.06949009,10.68402388,10.20163593,10.08474476,9.944867982,9.665605996
15.78947368,3.157894737,16.05961335,14.16979735,15.77418263,14.21262479,15.73099371,15.75060717,15.78461373,16.1276086
16.84210526,3.157894737,7.861839052,7.045549757,7.376640127,7.122059035,7.178083688,7.334059898,7.676710996,7.871988293
17.89473684,3.157894737,5.252101558,4.904788017,4.564857493,4.533175123,4.537911043,4.610789493,4.961869907,5.220657244
18.94736842,3.157894737,13.38096934,12.42155895,12.97203625,12.11015731,12.88537521,12.93253173,13.07198146,13.61622599
20,3.157894737,13.5846782,12.56947298,13.64306611,12.20018954,13.48827944,13.62716602,13.30726779,13.54911508
0,4.210526316,8.192773827,9.951570856,8.111538978,9.717932241,8.335101351,8.161232617,8.234809717,8.239908154
1.052631579,4.210526316,8.042647417,8.512384297,8.079148759,8.673125276,8.068889575,8.127325539,8.159629957,8.221913696
2.105263158,4.210526316,6.157757542,6.811863231,5.825572834,6.243537506,5.82859627,5.901288201,5.885380386,6.191167346
3.157894737,4.210526316,7.462095189,8.552896454,7.503737257,8.531918226,7.334657388,7.502705882,7.628150933,7.642171664
4.210526316,4.210526316,13.65148376,13.84220293,13.27130211,13.01602696,13.2245369,13.3884095,13.31538295,13.59923189
5.263157895,4.210526316,8.05675645,10.65839242,8.337106386,9.973251016,8.109624116,8.301836853,8.675655435,8.084553604
6.315789474,4.210526316,9.020996975,7.109278021,8.689255588,6.931335128,8.480152063,8.73241253,8.640030835,9.131753486
7.368421053,4.210526316,11.80275278,10.73009093,11.83225081,10.77508466,11.40598391,11.82499235,11.68175405,11.7635361
8.421052632,4.210526316,7.729945127,7.256419727,8.000629095,7.155329176,8.077218872,8.091025584,7.852384144,7.629802738
9.473684211,4.210526316,3.867442309,4.966333648,4.578595159,4.376657611,4.601740559,4.714572838,4.402040048,3.957356068
10.52631579,4.210526316,6.775527871,6.772428798,5.835795924,6.597233398,5.467681459,5.646355088,6.332781375,6.621401295
11.57894737,4.210526316,10.35920008,10.68306313,10.41262358,10.61528311,10.220779,10.30442985,10.636241,10.36226449
12.63157895,4.210526316,9.568812181,9.473457385,9.508490371,9.21767379,9.399372169,9.528866975,9.423646545,9.591068239
13.68421053,4.210526316,4.081880247,5.814131894,4.573371158,5.449494929,4.616345492,4.512995751,4.666849002,4.244293263
14.73684211,4.210526316,10.96216405,11.72198716,11.30876662,11.77225864,11.43370474,11.22621946,11.30650805,10.8880416
15.78947368,4.210526316,12.36050745,11.46511702,12.33866189,11.34002383,12.45841821,12.42796193,12.36068971,12.5513934
16.84210526,4.210526316,10.51906148,9.913327528,10.35748,10.13005948,10.41368678,10.45802096,10.67085856,10.51074931
17.89473684,4.210526316,8.621860822,8.229563046,8.486646643,8.313240564,8.541025609,8.654976781,8.719574994,8.64698795
18.94736842,4.210526316,9.773135561,9.121991213,9.870171826,9.429218925,9.876402301,9.895369802,9.842923355,9.891210586
20,4.210526316,7.157149506,6.823349272,7.252435703,7.064866809,7.417036533,7.305366725,7.418161793,7.103595822
0,5.263157895,9.175346812,11.58395621,9.134422392,10.42873694,9.296541409,9.16506705,9.153628024,9.225648252
1.052631579,5.263157895,11.46830676,12.64776591,11.29667501,12.25817988,10.99562457,11.10535425,11.5174177,11.44253252
2.105263158,5.263157895,9.258649793,10.44855004,9.013336564,9.664858472,9.168401162,9.065702268,9.13274895,9.226162817
3.157894737,5.263157895,8.813220161,9.682065351,8.469419529,8.965614614,8.450291629,8.511366872,8.443306422,8.479205655
4.210526316,5.263157895,8.446832686,8.246418044,8.042443143,7.706189003,8.212985405,8.200755751,8.208600146,8.426812404
5.263157895,5.263157895,13.37616662,12.273582,13.6400947,11.85740697,13.77379125,13.8339761,13.4894248,13.57144778
6.315789474,5.263157895,10.28153788,6.88374538,9.624440915,6.580215399,9.815368901,9.796639169,9.563915252,10.15118844
7.368421053,5.263157895,8.58509135,6.764498604,8.712820086,6.544706305,8.772860676,8.791624119,8.695061626,8.634179343
8.421052632,5.263157895,7.421799727,7.05122517,7.109629134,6.745860747,6.985588477,7.18853571,7.297908022,7.381358798
9.473684211,5.263157895,13.60629985,13.09861084,13.56807009,12.40732708,13.56436484,13.68222415,13.65389621,13.59741158
10.52631579,5.263157895,15.58231628,14.22247743,15.46278841,13.90529823,15.52732028,15.51814291,15.54507025,15.4513758
11.57894737,5.263157895,14.20750151,13.364563,13.98674876,12.78372421,14.10872203,14.0960137,14.11128637,14.30265473
12.63157895,5.263157895,12.1116012,11.37306005,11.73219586,11.0383636,11.62746704,11.72266495,11.92918333,12.01264014
13.68421053,5.263157895,6.09624472,6.349700733,6.18292104,6.314646604,6.06602287,6.09065675,6.276206342,6.016643134
14.73684211,5.263157895,10.77463679,10.23124437,10.72201238,10.07817119,10.7185854,10.67871437,10.80430215,10.84075524
15.78947368,5.263157895,10.81388456,9.740890911,10.77593976,9.699513903,10.90059578,10.87643649,10.69628764,10.79031054
16.84210526,5.263157895,15.39268801,12.43232451,14.65082787,12.90062587,14.6870501,14.73331822,14.92159069,15.31083745
17.89473684,5.263157895,8.866308573,9.110353756,8.855355432,9.001183871,8.973163278,8.873173578,9.12087278,8.820334953
18.94736842,5.263157895,8.172750585,6.995980625,8.61722887,7.597566579,8.888144171,8.776638802,8.191294974,8.309333182
20,5.263157895,7.590351435,6.970470413,7.837974181,7.515707153,8.138938685,7.993882791,7.455970637,7.609112024
0,6.315789474,8.335351384,10.58011313,8.427161817,9.974273133,8.404653195,8.441999568,8.282682758,7.987823819
1.052631579,6.315789474,8.30385326,8.290008443,7.923300401,8.655267448,7.910084263,7.885569311,7.94743711,8.31735248
2.105263158,6.315789474,5.981208548,6.897510817,5.539323707,6.384335637,5.480312478,5.662661657,5.822324426,5.92961318
3.157894737,6.315789474,9.616264768,10.56084315,9.464877272,10.23255397,9.598547078,9.544931878,9.579359853,9.73260847
4.210526316,6.315789474,5.781917702,7.5946378,5.880658764,7.249700681,5.918207461,5.717533205,6.447723119,5.908430777
5.263157895,6.315789474,14.48986845,13.1027953,14.06852652,12.50099665,14.1822761,14.29674471,14.2274596,14.43273322
6.315789474,6.315789474,13.80311757,12.82038289,12.70441703,12.24264476,12.97038046,12.85820376,13.72022888,13.71160379
7.368421053,6.315789474,9.079067485,8.302900201,8.524735449,7.94373894,8.837189226,8.770264048,9.029574428,9.045220365
8.421052632,6.315789474,8.668961603,7.293790227,8.285964224,7.158417779,8.31872593,8.297024768,8.428902664,8.570606856
9.473684211,6.315789474,13.6975887,12.29328139,13.40808065,11.85014886,13.49782162,13.47484966,13.76324158,13.77038107
10.52631579,6.315789474,11.93752132,10.51378584,11.26088612,10.2775854,11.34385163,11.30361418,11.70316948,11.88915916
11.57894737,6.315789474,8.603181975,7.684897216,8.480577436,7.562794146,8.639997878,8.57778536,8.530966021,8.662030162
12.63157895,6.315789474,8.240114908,6.90669217,7.69381492,6.897073429,7.557222364,7.626721119,7.946105092,8.19683943
13.68421053,6.315789474,6.65065627,6.11938348,6.521989428,6.095027201,6.465226278,6.511859865,6.793826745,6.71624521
14.73684211,6.315789474,12.52250695,10.57765044,12.03542809,10.74763999,12.11973938,12.11814557,12.11201727,12.47868701
15.78947368,6.315789474,7.400042025,6.746499847,7.419971451,6.847492207,7.451604386,7.426133788,7.557140373,7.416912803
16.84210526,6.315789474,13.67178053,11.78798397,13.37830458,12.2498871,13.48848568,13.554638,13.51616803,13.73942674
17.89473684,6.315789474,8.599460943,7.63174743,8.464795613,7.733684805,8.394390623,8.41610106,8.574728282,8.58160072
18.94736842,6.315789474,8.896018406,9.239484506,8.67035771,10.18948386,8.539247498,8.622679747,8.893382428,9.053278773
20,6.315789474,9.445761439,9.813545984,9.364982168,9.76800282,9.123258142,9.312159832,9.866849531,9.439772989
0,7.368421053,6.94268933,10.42431787,8.185821897,10.21477229,8.405122102,8.304368564,7.377961301,7.022283828
1.052631579,7.368421053,5.941801821,9.250771749,6.026957637,8.594745131,5.76623009,5.796022659,5.717531021,6.047658145
2.105263158,7.368421053,8.427600333,11.209853,8.890339583,10.79370588,8.680070516,8.74371781,8.530348083,8.272912213
3.157894737,7.368421053,4.273285884,5.778584291,4.01619833,5.389949682,3.992189264,4.039938401,4.18091227,4.195849723
4.210526316,7.368421053,8.657355549,8.847554461,8.945957249,8.816715656,9.029558667,8.940082517,8.675279198,8.638605088
5.263157895,7.368421053,11.81748514,11.01365858,11.54764783,10.66019234,11.4913037,11.71140161,11.62885124,11.81889287
6.315789474,7.368421053,8.283485533,8.080129014,8.188556629,7.744059228,8.321826513,8.226261767,8.521309736,8.316967018
7.368421053,7.368421053,10.69734362,8.9285043,10.2608036,8.965382,10.31118921,10.27726885,10.41641774,10.68220863
8.421052632,7.368421053,8.641714178,7.758131331,8.653035194,8.005684284,8.397260005,8.577954903,8.901373578,8.617248095
9.473684211,7.368421053,7.694694294,6.243266507,7.391069627,6.243107672,7.504101077,7.387417909,7.374570051,7.622557033
10.52631579,7.368421053,9.247142265,7.792416395,9.144729389,7.800080738,9.218317999,9.198734454,8.936303204,9.286705278
11.57894737,7.368421053,9.061017101,7.770883472,8.998359968,7.954311939,9.001456289,9.023335635,8.999389094,9.034369867
12.63157895,7.368421053,10.30572052,9.096142787,10.12096782,9.118875428,10.22759859,10.18481666,10.43591611,10.34221325
13.68421053,7.368421053,6.210439555,5.126228853,5.689513249,4.815504558,5.848867543,5.729899514,6.099023695,6.296573398
14.73684211,7.368421053,9.759793028,7.034786965,8.788161117,7.540565649,8.790464121,8.786368609,9.342819361,9.570606415
15.78947368,7.368421053,9.904860559,8.592320438,9.969461969,9.088546412,10.05360479,10.01365193,10.06890913,10.13278003
16.84210526,7.368421053,6.694904056,7.163812849,6.977153937,7.367306856,7.097680173,6.942309645,6.925059393,6.669677323
17.89473684,7.368421053,9.610043112,11.13567914,9.529363801,11.77810848,9.550880317,9.489615722,9.822448506,9.630501668
18.94736842,7.368421053,9.638036381,11.31825546,9.601349682,11.67870992,9.573812572,9.58402916,9.644512802,9.619053575
20,7.368421053,11.05066365,14.11407557,10.37121004,14.01563672,10.11095062,10.19156981,10.76535744,11.07843815
0,8.421052632,2.037083483,5.634471706,1.945519633,4.987964784,2.040883064,1.983267881,1.860871703,2.00642851
1.052631579,8.421052632,2.506484417,7.794607372,3.353296275,7.45629463,3.291806743,3.244701017,3.039170424,2.508201268
2.105263158,8.421052632,7.342699486,10.20344054,8.365622728,10.55405446,8.334579943,8.248415068,7.625627276,7.264428708
3.157894737,8.421052632,8.447770316,9.260592698,8.810391512,9.759594253,8.966332279,8.766302137,8.44530234,8.550786461
4.210526316,8.421052632,10.4272919,11.20185118,10.26039303,10.68202167,10.23663946,10.13848452,10.35349675,10.30927888
5.263157895,8.421052632,9.231783592,8.30051057,8.931381465,8.501395944,8.791181048,9.029577395,9.198720943,9.292092707
6.315789474,8.421052632,10.00610989,8.808163702,9.812996489,9.012071872,9.822308476,9.851019661,10.0608744,10.07984063
7.368421053,8.421052632,8.572286558,7.806402783,8.500971078,7.987508746,8.413301683,8.444598995,8.575238765,8.565702509
8.421052632,8.421052632,6.897502116,6.604505906,6.877440685,6.651038304,6.833378679,6.772475826,6.975030794,6.781356117
9.473684211,8.421052632,3.709356854,4.513074531,3.938129595,4.061792542,3.810455782,3.866782507,4.078379346,3.81545394
10.52631579,8.421052632,9.57442625,8.789718145,9.227157423,8.866902306,9.167540071,9.210431303,9.348896016,9.393485813
11.57894737,8.421052632,5.638387954,6.328341234,5.956715273,6.540942279,5.764217005,5.978367443,6.313582488,5.74171795
12.63157895,8.421052632,17.94553252,14.88188805,17.72997077,14.93275205,17.96449775,17.8663137,17.70993995,17.99951251
13.68421053,8.421052632,11.1332429,8.328832848,10.61725953,9.177990977,10.69930578,10.63579553,10.88281361,11.10702182
14.73684211,8.421052632,11.23944919,9.77290916,11.17303554,9.825967896,11.51463027,11.31605211,11.22888736,11.23164285
15.78947368,8.421052632,13.08289856,11.22744242,12.8455859,12.17695885,12.93924224,12.86116037,13.17108781,13.08231875
16.84210526,8.421052632,12.91423692,12.792549,13.11471725,13.23138509,13.07013508,13.0789082,12.88769782,12.9540871
17.89473684,8.421052632,6.928029333,8.964221607,7.804939094,9.433511872,7.492005954,7.523357426,7.356664878,6.914114122
18.94736842,8.421052632,9.51148385,12.81356114,10.10524973,12.92057665,9.956854264,9.958136127,9.654234687,9.765496397
20,8.421052632,9.086287013,12.71357707,9.613558171,12.9204338,9.963807043,9.639578684,9.516918854,9.294495033
0,9.473684211,6.541623922,10.63781459,6.949041284,10.18053233,7.080569659,6.991380629,6.33309315,6.461097095
1.052631579,9.473684211,1.900958446,5.489555486,2.63086966,4.69324963,2.681279504,2.614531127,2.197697137,1.87278611
2.105263158,9.473684211,3.933334202,6.959459239,3.995569269,6.893611545,3.789731065,3.898130628,3.770428112,3.949765475
3.157894737,9.473684211,5.717064882,8.163830838,5.888822526,7.926906331,6.192170901,5.729311182,5.869906313,5.747559216
4.210526316,9.473684211,8.881911229,9.508143457,8.724569415,9.120686389,8.754282877,8.676123014,8.827562819,8.870095924
5.263157895,9.473684211,7.485389307,6.923441428,7.17493334,6.908716874,7.076816022,7.189451575,7.336124227,7.327170065
6.315789474,9.473684211,7.106598781,6.213102562,6.957487424,6.046112799,7.098333404,7.066132696,6.701073177,6.997356696
7.368421053,9.473684211,11.43524064,10.90948072,11.25114567,11.65251502,11.20172204,11.21264503,11.67267561,11.31424653
8.421052632,9.473684211,7.21852801,7.62530298,7.421704515,8.312250065,7.378572468,7.347032139,7.718183372,7.264897285
9.473684211,9.473684211,8.376938894,6.157407768,8.366749078,6.250521252,8.337192093,8.370347657,8.117860164,8.403213369
10.52631579,9.473684211,12.26305428,11.67683886,12.58415807,11.94897248,12.46437414,12.58839229,12.27488193,12.34348522
11.57894737,9.473684211,8.110706547,8.28011818,8.2109277,8.438446329,8.128441826,8.144444843,8.483461616,8.071541722
12.63157895,9.473684211,8.683629249,6.91493598,8.610272129,7.193010609,8.749685846,8.765534032,8.54014607,8.591753454
13.68421053,9.473684211,7.802185237,6.691549757,7.484556355,6.98784067,7.567907494,7.471550815,7.816906569,7.654481649
14.73684211,9.473684211,10.53101839,9.720549412,10.95848674,9.841818352,10.99563753,11.04285956,10.92824073,10.82996396
15.78947368,9.473684211,7.485027125,6.428601015,7.211965776,6.77312797,7.087220709,7.163237577,7.311550443,7.3916608
16.84210526,9.473684211,8.111520199,9.105354792,7.740388201,9.160904179,7.875299184,7.64467786,7.814030784,8.237963737
17.89473684,9.473684211,7.312475277,8.165182061,7.440590343,8.499212178,7.427398722,7.331106479,7.269391889,7.131482338
18.94736842,9.473684211,4.233136644,6.797342158,5.10853031,7.430453318,4.975359774,4.969226963,4.447013447,4.495969015
20,9.473684211,8.179507142,12.4537995,8.866468171,12.49205301,8.989550729,8.93047405,8.236408551,8.033344599
0,10.52631579,6.489172892,9.863764161,6.573638537,9.88015029,6.690709358,6.627682924,6.34039506,6.570177703
1.052631579,10.52631579,5.078638438,10.41580221,6.015866125,10.35305047,5.823385999,5.775335636,5.652432146,5.13845074
2.105263158,10.52631579,8.552900626,10.77632607,8.926047239,11.09951327,8.657015813,8.814360959,8.379545141,8.506670688
3.157894737,10.52631579,6.649649936,7.48767722,6.607756652,7.683178863,6.639901735,6.45220559,6.657042237,6.720508536
4.210526316,10.52631579,10.15927292,11.10430909,10.25079613,10.68355192,10.1380672,10.18857757,10.2843446,10.29411994
5.263157895,10.52631579,6.474141109,6.268139823,6.524316016,6.182642482,6.772097172,6.67262295,6.541055775,6.561574645
6.315789474,10.52631579,11.89055917,10.6045843,11.8362676,10.11850424,12.08276019,11.89207351,11.8859219,11.90135197
7.368421053,10.52631579,9.709171906,9.276115169,9.990243676,9.076872523,9.984881729,9.971849704,9.819321377,9.731993339
8.421052632,10.52631579,8.383422125,5.786745325,8.153937377,5.676171623,8.210668107,8.212942226,7.712526179,8.325260961
9.473684211,10.52631579,4.93290024,6.830140896,5.495677653,6.972454786,5.40686444,5.339539249,5.758865579,4.897532997
10.52631579,10.52631579,7.459718462,5.875780864,7.438613621,5.882639765,7.534331443,7.504648724,7.003101185,7.494080632
11.57894737,10.52631579,10.62876351,8.935508276,10.71367,8.949930381,10.7282994,10.75372462,10.5831114,10.59792404
12.63157895,10.52631579,15.19581056,11.91009833,14.84025692,11.78431852,14.87616199,14.93058975,14.72594214,15.22665317
13.68421053,10.52631579,6.548523524,5.696673583,6.686245321,6.084519874,6.577140908,6.669499765,7.051478352,6.676210439
14.73684211,10.52631579,17.39676589,14.91243079,17.08468249,15.16408165,17.36001047,17.21907828,17.17045467,17.32468874
15.78947368,10.52631579,9.916635642,8.669818797,9.666248791,9.661944444,9.674688653,9.573353362,10.07545062,9.940427697
16.84210526,10.52631579,5.369331438,5.242809848,5.510458714,5.176520989,5.337364222,5.475081495,5.566176248,5.471982538
17.89473684,10.52631579,7.803519256,10.56350184,8.335235943,11.0016108,8.146509241,8.212633393,7.821227076,7.705399474
18.94736842,10.52631579,9.309902785,12.75371912,9.864167874,12.96096901,9.85338463,9.811109525,9.474342048,9.571511536
20,10.52631579,4.30020118,6.443738155,4.752705939,7.134861115,5.009479531,4.855814065,4.205476026,4.413267245
0,11.57894737,7.702518836,11.81354408,8.130779447,11.55684961,8.25891084,8.215423159,8.118562638,7.739603858
1.052631579,11.57894737,6.435261817,9.218887575,6.841280224,9.625289764,6.743620706,6.722343959,6.500247062,6.526401312
2.105263158,11.57894737,5.833944013,7.349601833,5.983194032,7.657457543,5.613082768,5.762389866,5.782658791,5.829560484
3.157894737,11.57894737,9.250747529,10.06561215,9.082398264,10.21210409,8.93909921,8.970257869,8.93006598,9.270013173
4.210526316,11.57894737,11.00771577,10.74581285,11.14645368,10.92598772,11.13587508,11.28565038,11.04185334,10.89967547
5.263157895,11.57894737,8.976124278,8.343464607,8.451687335,8.18225921,8.259123554,8.387609704,8.768761927,8.785616471
6.315789474,11.57894737,11.38980281,10.50050161,11.61677911,10.35018575,11.58691241,11.64635993,11.76728506,11.4365777
7.368421053,11.57894737,12.60990505,10.55743479,12.55747642,10.59861633,12.50317095,12.63080378,12.81968086,12.57901376
8.421052632,11.57894737,12.6453037,11.07526383,13.11790002,11.2763381,13.18101758,13.19592038,12.66453567,12.58865814
9.473684211,11.57894737,13.56539353,11.02738569,13.65707584,10.66371276,13.72313945,13.71564564,13.30800178,13.57838762
10.52631579,11.57894737,8.768872006,7.408323516,8.770424845,7.952101826,8.793616645,8.796246183,8.423651677,8.710841289
11.57894737,11.57894737,12.0199174,10.47275766,12.27653942,10.77437093,12.13193802,12.32701981,12.45485287,11.97319225
12.63157895,11.57894737,10.88057412,8.07923109,10.71654529,8.694378,10.89381367,10.87176229,10.86708185,10.90599559
13.68421053,11.57894737,13.89760996,11.14822175,13.52116899,11.42224154,13.62786081,13.63055824,13.65391044,13.92355306
14.73684211,11.57894737,12.90102919,10.85478198,12.75438979,11.17584646,12.85385464,12.83186711,12.65086199,12.81975678
15.78947368,11.57894737,7.770812567,6.848122572,7.53293893,7.521308359,6.844975933,7.285949545,7.929024346,7.846180434
16.84210526,11.57894737,12.01868839,12.16709793,12.33818667,12.66301684,12.84022093,12.53125848,11.86313421,12.19491164
17.89473684,11.57894737,6.751745383,8.926340917,7.217041107,9.616612431,7.079238801,7.128517215,7.044094344,6.881024491
18.94736842,11.57894737,7.845217864,8.13778916,7.945987032,8.975339616,7.970600077,7.955276823,7.642391025,7.821072458
20,11.57894737,7.049925195,9.130479441,7.16722293,9.413777621,7.333601466,7.185469679,7.014610594,7.079354994
0,12.63157895,8.601260074,13.01105172,8.239428025,12.34331534,7.596098229,8.007232547,8.83101285,8.53946747
1.052631579,12.63157895,6.611053441,9.65793457,6.938397843,9.240558739,6.809277421,6.80176768,6.709655572,6.669738096
2.105263158,12.63157895,6.254957657,8.133147676,6.806077594,8.156966571,6.824647955,6.779147856,6.368593612,6.289639565
3.157894737,12.63157895,4.826082314,7.465176349,5.873236481,7.409849181,5.781936161,5.871334141,5.483318702,4.858351797
4.210526316,12.63157895,11.12316259,9.669297836,10.93649257,10.27446754,11.14612384,10.97635869,11.0220703,11.31631419
5.263157895,12.63157895,9.250335414,6.966113943,8.698513823,7.179710304,9.317570121,9.043297629,8.696059459,9.236910185
6.315789474,12.63157895,15.61283863,12.69376534,15.23477332,12.8518802,15.4902048,15.40449038,15.53727311,15.60040457
7.368421053,12.63157895,11.03706176,9.981743733,11.13908187,10.06625,11.12214337,11.13270854,11.14724558,11.08014428
8.421052632,12.63157895,10.46629102,8.472735779,10.14058395,8.703092537,10.13611216,10.16343517,10.26526597,10.40335654
9.473684211,12.63157895,16.68475419,13.9557723,16.58022399,13.74280541,16.74495672,16.60586537,16.752421,16.67136677
10.52631579,12.63157895,11.0453852,10.12919236,11.16754051,10.41537534,11.26027175,11.21068904,11.27538023,11.09219977
11.57894737,12.63157895,15.12433469,11.66355635,14.23575667,11.42262653,14.07041125,14.31051713,14.36729089,15.10388215
12.63157895,12.63157895,13.04216326,10.48724757,13.3784612,11.68772741,13.72768073,13.5003881,13.51410282,13.02395313
13.68421053,12.63157895,11.71265733,8.332781856,11.24169459,9.450874609,11.49767629,11.34193884,11.35226796,11.71330191
14.73684211,12.63157895,9.024811437,7.43480849,9.181628617,7.924632584,9.118978168,9.271247494,9.17954988,9.19644795
15.78947368,12.63157895,8.324784961,5.750968998,7.764775394,6.108935852,7.701547543,7.781730173,7.624868373,8.172973878
16.84210526,12.63157895,10.12644657,10.00437271,10.17716157,10.4330493,10.16127794,10.0530394,10.12615917,10.17240184
17.89473684,12.63157895,6.989497451,6.388606675,6.912089322,7.049192104,6.72228367,6.78544821,6.654363259,6.745619524
18.94736842,12.63157895,9.418954935,9.244580882,10.39354464,9.646514697,10.67915933,10.53593127,9.591325273,9.46048885
20,12.63157895,9.82423684,9.487734103,9.784775803,10.81673379,9.584901233,9.691594203,9.560962738,9.76538783
0,13.68421053,7.532409978,8.446691851,7.603334951,8.970772015,7.752928434,7.605234425,7.583607615,7.507535125
1.052631579,13.68421053,6.759852736,7.772717047,6.871469423,7.825904977,6.757503524,6.775714728,6.640609569,6.853000413
2.105263158,13.68421053,3.920583491,5.222826938,4.263546804,5.097705492,4.288465194,4.168694946,3.90218315,3.857183298
3.157894737,13.68421053,11.14718528,11.93642496,11.71820875,11.7882207,11.77590831,11.75847112,11.37192954,11.31862205
4.210526316,13.68421053,13.18521151,10.75442061,12.56651308,11.0043446,12.86061668,12.82483376,12.30926188,13.06964844
5.263157895,13.68421053,8.337738433,7.734830216,8.109014981,7.735079566,8.083355162,8.137559729,8.514100649,8.483166065
6.315789474,13.68421053,12.26579426,10.33200385,11.86655855,10.80683746,12.05539142,11.90904881,12.21995303,12.24792763
7.368421053,13.68421053,12.90920534,10.18724136,12.33264325,10.60844307,12.41532014,12.42231917,12.62625004,12.89328499
8.421052632,13.68421053,11.3845931,9.313383672,11.30610831,10.05452569,11.47218129,11.3820649,11.35430347,11.40123038
9.473684211,13.68421053,9.14036182,8.101538044,9.385005282,8.715014827,9.481803384,9.478082135,9.324383507,9.112458851
10.52631579,13.68421053,11.24075494,10.16763021,11.28050204,10.59786199,11.20346384,11.27459315,11.57427483,11.23403522
11.57894737,13.68421053,9.926117177,7.437537572,9.985306185,8.053888321,10.12437943,10.1595456,9.744627724,9.883137171
12.63157895,13.68421053,10.87737544,8.877434605,10.63663402,9.184058152,10.65752606,10.65560572,10.82485064,11.06700991
13.68421053,13.68421053,9.970726329,7.870853205,9.259337811,8.208381054,9.251462592,9.300584008,9.416540908,9.746785346
14.73684211,13.68421053,5.542945826,6.031359994,6.268279897,6.449214204,6.271260323,6.178084383,6.434107787,5.552785003
15.78947368,13.68421053,8.01109846,5.983802092,8.074307181,6.731041357,8.205799794,8.14678193,8.009749986,8.092772747
16.84210526,13.68421053,10.37883916,9.096635576,10.39437692,9.948080613,10.01847813,10.3410006,10.35578596,10.40695988
17.89473684,13.68421053,4.671273588,4.221174798,4.90211707,4.30642487,4.846046765,4.838429332,4.857911241,4.927052238
18.94736842,13.68421053,10.33531513,9.979683622,10.51825791,10.89664777,10.5947635,10.50890713,10.56719849,10.46657114
20,13.68421053,10.68248677,11.28351142,11.07331958,11.32809509,10.96921914,11.14315613,10.85614127,10.76065092
0,14.73684211,5.258051557,5.695513842,5.291722591,5.686503145,5.37274974,5.211880587,5.348379365,5.299936444
1.052631579,14.73684211,5.905386776,5.570281411,5.558009076,5.572319652,5.74625345,5.621773797,5.477778504,5.911592837
2.105263158,14.73684211,7.412259204,7.611620325,6.923055802,7.903755111,6.717457622,6.824417855,7.489645014,7.327401567
3.157894737,14.73684211,9.213761616,8.955132776,8.857381209,8.775330014,8.855525102,8.83008252,8.965675675,9.043020728
4.210526316,14.73684211,8.724852175,8.938375113,9.023850988,9.279496654,8.924625975,9.032665839,9.434526433,9.02890189
5.263157895,14.73684211,8.374755613,7.252711349,8.16100965,7.528822822,8.226704712,8.281529301,8.52726819,8.418747702
6.315789474,14.73684211,14.88257208,11.73420184,14.15347321,12.02667813,14.28265683,14.31664102,14.40097841,14.90987493
7.368421053,14.73684211,4.330583378,4.959929383,4.455762415,4.721466166,4.402214581,4.392123279,4.855645456,4.576739009
8.421052632,14.73684211,12.46121255,10.57329638,12.45346021,11.22238563,12.48709701,12.51082236,12.44286835,12.40260247
9.473684211,14.73684211,13.61691684,11.6061273,13.42056297,12.17390652,13.48794136,13.37953869,13.52020486,13.60486966
10.52631579,14.73684211,11.79156472,10.54802423,11.59802199,10.48750156,11.72010034,11.65759194,11.6757462,11.77533375
11.57894737,14.73684211,14.43594889,12.07672398,13.53977639,12.38363537,13.41251904,13.48458802,14.11780091,14.31053584
12.63157895,14.73684211,11.1774658,9.761097468,11.23691941,10.4236026,11.32209946,11.3071428,11.63136999,11.25850755
13.68421053,14.73684211,11.57276577,9.390780321,11.44324328,9.769059794,11.54031446,11.5608828,11.48068207,11.57119386
14.73684211,14.73684211,12.69586361,10.53820855,12.66602238,10.96097742,12.94030034,12.8862951,12.70178485,12.69766668
15.78947368,14.73684211,8.469557308,6.44545123,8.596014526,7.27907802,8.697014416,8.685114152,8.616693903,8.645086873
16.84210526,14.73684211,12.40152775,11.3395705,12.49531116,11.81078193,12.38125965,12.55520887,12.63008553,12.34773905
17.89473684,14.73684211,11.07385425,8.307656156,10.60942008,9.184649151,10.48229048,10.64762886,10.78600732,11.07518875
18.94736842,14.73684211,14.24637016,12.46975932,13.87519126,12.81092152,13.78557971,13.85548358,14.12123278,14.15568773
20,14.73684211,7.571659743,6.259459426,7.41284513,6.934265788,7.309608216,7.433718623,7.418303732,7.248655403
0,15.78947368,5.95620094,6.107428617,5.904769328,6.003474165,6.034983621,5.918174483,6.132229452,5.966289404
1.052631579,15.78947368,11.74524046,10.96305214,11.77984246,11.2991507,11.74331242,11.78300831,11.65343871,11.82582084
2.105263158,15.78947368,7.074581881,6.462184552,6.550151504,6.39579453,6.441310292,6.520444012,6.957032589,6.98716711
3.157894737,15.78947368,7.858842983,6.451089497,7.551491456,6.63898725,7.671240472,7.711264121,7.692077536,8.13119475
4.210526316,15.78947368,15.56698861,13.882576,15.23136584,13.65069943,15.35598816,15.32312404,15.33529508,15.48469165
5.263157895,15.78947368,9.532177459,8.793842646,9.120082978,8.957981596,9.207425041,9.086588315,9.558673545,9.347151471
6.315789474,15.78947368,14.18203876,12.59942605,14.0695656,12.73477039,14.38797979,14.2037698,14.27187675,14.48027517
7.368421053,15.78947368,7.516888151,6.326219791,7.061118979,6.62993813,6.911224229,7.112573841,7.015945645,7.199159178
8.421052632,15.78947368,12.31087476,11.73146919,12.10327274,11.84494931,12.36397482,12.06784917,12.22126369,12.44145407
9.473684211,15.78947368,12.33701044,11.60686021,11.93268202,11.83273238,11.9797336,11.81625504,12.17269028,12.24786812
10.52631579,15.78947368,7.782181619,7.083821577,7.701910317,7.582375232,7.65711086,7.729988924,7.727132049,7.770500073
11.57894737,15.78947368,13.07508209,11.8511271,12.90524113,12.43558213,12.87747228,12.90519905,13.18107696,12.94433759
12.63157895,15.78947368,10.94206346,7.750569341,10.20924381,9.00868986,10.54493926,10.40529614,10.38363393,10.8908206
13.68421053,15.78947368,7.600348051,6.1892585,7.684991189,6.942098001,7.735402592,7.704539543,7.84519633,7.748874334
14.73684211,15.78947368,10.62433557,7.775876796,10.04215228,8.492483934,10.12053082,10.09926079,10.08163079,10.52940309
15.78947368,15.78947368,10.96815141,8.442643188,10.51721827,9.154790843,10.49548346,10.57478083,10.76417072,10.99326809
16.84210526,15.78947368,8.29462974,5.608261174,7.978134224,6.189286554,8.078153854,8.01297536,8.129191994,8.155303142
17.89473684,15.78947368,11.60616542,9.809214501,11.46341308,10.10483735,11.55586897,11.55801155,11.75171341,11.53417711
18.94736842,15.78947368,10.42497752,8.784572282,10.40619366,9.512823697,10.34777288,10.40706566,10.60919402,10.63641752
20,15.78947368,14.03436811,12.41669446,14.21631476,12.1892284,14.46478333,14.29834453,13.99569183,13.9819162
0,16.84210526,13.90249687,13.52750621,14.00863288,13.10292398,14.05461408,14.03659104,13.75192221,13.69751385
1.052631579,16.84210526,8.053906943,9.442089917,8.174967733,8.88304091,8.161013143,8.113016213,8.286970135,8.22827497
2.105263158,16.84210526,10.30857166,7.763992407,9.983067778,8.114470487,10.03475421,10.12853881,9.835191935,10.27723336
3.157894737,16.84210526,13.66049585,11.87015101,13.5880633,11.9721164,13.76434125,13.63921004,13.76898018,13.82525686
4.210526316,16.84210526,9.176660908,7.91759348,8.645871169,7.89325825,8.744551125,8.777351546,8.861488017,9.103749829
5.263157895,16.84210526,11.16290145,9.593541753,11.02302884,9.78547221,11.36950755,11.18425721,10.9620812,11.2521693
6.315789474,16.84210526,11.49649847,11.0595555,11.75758471,11.2198045,11.75779145,11.71451978,11.65014847,11.42487974
7.368421053,16.84210526,4.744813502,5.812583255,5.668238563,6.100414718,5.555946433,5.674279087,5.399918412,4.933441486
8.421052632,16.84210526,4.515980208,5.607806756,4.44842552,5.953622012,4.292665726,4.294508789,4.595889945,4.414822487
9.473684211,16.84210526,6.97652839,7.559287,7.227569019,8.137760552,7.385123646,7.228369674,6.910708328,6.889569374
10.52631579,16.84210526,10.60543965,11.32370792,11.0799569,11.54008418,11.4300235,11.17568771,10.77073283,10.69030787
11.57894737,16.84210526,11.13560299,12.21439736,11.49838302,12.33608294,11.73310683,11.80118816,11.31507447,11.11196995
12.63157895,16.84210526,9.738169464,9.922188436,10.19303764,10.29607955,10.3362443,10.23052457,10.25110465,9.914907221
13.68421053,16.84210526,10.39614163,7.693373761,9.788829451,8.832982856,9.81802669,9.829950515,9.903034104,10.44799469
14.73684211,16.84210526,6.938600481,6.844730105,7.08916095,7.629033654,7.207109483,7.060969011,7.474343615,6.844517508
15.78947368,16.84210526,11.87600622,10.72855732,11.80541015,11.06792832,11.79730442,11.82212564,11.90066955,12.05415593
16.84210526,16.84210526,14.25288713,10.44200447,13.83831573,11.78900274,14.36262448,14.0972623,14.0729898,14.46567573
17.89473684,16.84210526,11.29325305,8.662746412,11.18120799,10.08576427,11.27986105,11.25192854,11.5825235,11.12091321
18.94736842,16.84210526,10.96941364,8.525519018,10.69000144,9.270863943,10.77719571,10.75848215,10.77046659,10.85290632
20,16.84210526,13.74884555,12.70447332,13.5275609,12.57147216,13.67608675,13.47833059,13.88064532,13.69378519
0,17.89473684,11.52276309,10.97119566,11.78033337,10.98187146,12.02167568,11.96557896,11.61395689,11.44059925
1.052631579,17.89473684,6.602104611,7.515887124,6.635156916,7.25643629,6.569857049,6.542696917,6.476057591,6.422390981
2.105263158,17.89473684,5.684125692,5.992403894,5.645301743,5.866945459,5.575244414,5.588681543,5.970616189,5.249210526
3.157894737,17.89473684,15.32154523,13.43463224,15.19737454,13.18251229,15.24977402,15.34220033,15.21971162,15.06994669
4.210526316,17.89473684,10.29996462,8.344443231,10.2140888,8.839046695,10.26131936,10.33073712,10.19075248,10.33048502
5.263157895,17.89473684,9.341024392,8.05125516,9.329149918,8.557546253,9.526575794,9.41241288,9.111671408,9.286157735
6.315789474,17.89473684,11.40135817,12.30742758,11.27626391,12.12653941,11.01166681,11.12629645,11.42678938,11.23215005
7.368421053,17.89473684,10.99717984,11.19173236,10.84305117,11.87905709,10.42924459,10.72708258,10.72802488,11.0003014
8.421052632,17.89473684,11.48544967,14.28875749,12.06256362,14.53909531,11.85081971,11.90070752,11.74999841,11.47339327
9.473684211,17.89473684,9.967481229,13.34202758,10.36760051,13.51944235,10.1083012,10.24588618,10.14113496,9.872242162
10.52631579,17.89473684,8.502845445,9.146331656,8.450891507,10.53073636,8.225990311,8.224416038,8.501603944,8.444977946
11.57894737,17.89473684,7.507470549,8.068721558,7.544852936,8.571944875,7.389311512,7.408350692,7.368671485,7.189500885
12.63157895,17.89473684,4.358030238,5.219886384,5.192873755,5.605968153,5.568791988,5.215470227,4.999413455,4.461156736
13.68421053,17.89473684,9.301859128,7.964534684,9.363847018,9.006633154,9.501588012,9.458717167,9.380539064,9.142488963
14.73684211,17.89473684,10.06825024,9.102886253,10.37141249,9.91843123,10.38472078,10.38981277,10.13777142,9.925025339
15.78947368,17.89473684,11.61375773,9.43231577,11.77737854,11.01555626,11.8862987,11.84302772,11.50782957,11.63565022
16.84210526,17.89473684,12.40497013,9.579210353,12.02302264,10.45076659,11.93258258,12.10501305,12.26802002,11.94187995
17.89473684,17.89473684,15.55067309,13.27884634,15.08819091,13.2384592,15.16313704,15.10734434,15.45674528,15.39982144
18.94736842,17.89473684,11.37845649,8.012537368,11.55998105,8.635995809,11.42100222,11.5627513,11.05030046,11.74846426
20,17.89473684,13.87251771,11.87241046,13.7930069,11.56169266,13.7566954,13.77813098,13.66157794,13.51762806
0,18.94736842,11.55886853,10.438402,11.61901678,10.6169468,11.89420402,11.81986002,11.63700811,11.67767816
1.052631579,18.94736842,6.034753173,6.220928948,6.544242565,6.231140518,6.607038706,6.680376368,6.699374309,6.503080186
2.105263158,18.94736842,8.323208945,9.656681524,8.829601938,9.169302672,8.895245764,8.890346775,8.689215483,8.399690481
3.157894737,18.94736842,10.61098457,9.250434674,10.3889926,9.240323788,10.44254684,10.46556999,10.54556309,10.6280126
4.210526316,18.94736842,4.551148658,4.494481923,4.542452124,4.084418799,4.649423003,4.626000087,4.40127866,4.608647665
5.263157895,18.94736842,11.57624952,11.8651467,11.54122618,12.50234764,11.51348909,11.47473934,11.92480805,11.59885205
6.315789474,18.94736842,7.774815754,8.719941158,7.965156046,9.100598729,8.022208071,7.977647874,7.883016143,7.731960015
7.368421053,18.94736842,7.252523182,7.339980331,7.217878219,7.680619227,7.107259369,7.081410319,7.159186322,7.260539674
8.421052632,18.94736842,5.800255893,7.431043108,6.22122221,8.290051259,6.169473283,6.209207383,5.788227044,5.745497127
9.473684211,18.94736842,7.668218652,11.839775,8.559047308,11.85308282,8.425620107,8.400563454,7.978277851,7.878605264
10.52631579,18.94736842,5.985582468,8.338952316,6.902445825,9.375194207,6.792450284,6.765226672,6.251656404,5.983069241
11.57894737,18.94736842,7.041166283,8.516261733,7.265617428,8.937920023,7.162316298,7.119540356,6.901482539,7.083619764
12.63157895,18.94736842,5.85150927,5.64074592,6.116155048,6.233777921,6.03314299,5.962645206,6.311307047,5.948913231
13.68421053,18.94736842,9.626472109,8.493099887,9.483986739,9.3836086,9.423830547,9.514178977,9.553484861,9.720855624
14.73684211,18.94736842,10.35749298,8.260393487,10.113888,9.35699221,10.2603472,10.22424598,10.42872594,10.62791043
15.78947368,18.94736842,13.00931567,11.20061853,12.52521622,11.52645073,12.49405567,12.51318305,12.70497559,13.21278253
16.84210526,18.94736842,6.052982856,4.927654651,6.134016265,5.387433568,6.124000709,6.149620311,6.171905099,6.303377884
17.89473684,18.94736842,16.53744203,14.70845891,16.32154605,14.50136249,16.38005344,16.34776405,16.22035012,16.41752275
18.94736842,18.94736842,10.54488864,11.69211038,11.42206976,11.75599899,12.18772002,11.96684366,11.51016235,10.66048058
20,18.94736842,9.454511395,6.27362717,8.925437249,6.878323243,8.770513106,8.751846342,8.568936065,9.390276568
0,20,10.73159321,9.633179721,10.69311386,10.04119917,10.987238,10.93308325,10.99468816,10.34772243
1.052631579,20,11.26746686,8.893635095,11.13671053,8.853745134,11.03425814,11.04265343,11.01755653,11.22293226
2.105263158,20,10.96685186,7.914910546,10.68241732,8.161895766,10.26649117,10.41055282,10.69681764,10.86498059
3.157894737,20,5.845292727,5.403577817,5.720104803,5.217675928,5.507885357,5.634695329,5.876859039,5.67304868
4.210526316,20,9.358974862,8.556994473,9.16108199,8.733311724,9.045363557,9.11987837,9.213016375,9.37647534
5.263157895,20,10.37593207,10.36033854,10.42002564,10.30216224,10.40429352,10.48492032,10.44840085,10.2743612
6.315789474,20,8.6976915,9.028081342,8.909765665,9.961272758,9.019855648,8.992099774,8.731138967,8.598811529
7.368421053,20,6.29628655,7.551495013,6.36877173,8.055409244,6.438785277,6.383397826,6.26377574,6.345048581
8.421052632,20,7.622659447,7.444359562,7.784456336,8.474088467,7.981476994,7.840743123,7.772476296,7.634067083
9.473684211,20,8.951721112,12.25969462,9.512814461,12.71521902,9.839968184,9.610945718,9.264359405,8.879496238
10.52631579,20,4.293682868,7.581527056,4.876875964,8.112852942,5.190746812,5.012603393,4.13306795,4.246569206
11.57894737,20,9.240327253,14.26504214,9.661348577,14.25923105,9.95908918,9.747100218,9.539199524,9.267929479
12.63157895,20,6.439932103,7.323943709,6.656426188,7.966532545,6.553959889,6.513901052,6.115706381,6.49400049
13.68421053,20,9.022648114,9.010129261,8.517675933,9.350042479,8.432413429,8.489487078,8.93671865,8.955351765
14.73684211,20,9.218856209,7.174757535,8.93384606,7.844986975,8.758757882,8.893940008,9.12325677,8.999631494
15.78947368,20,8.088476897,6.450794049,8.116456073,6.979388251,8.185227097,8.151719178,8.231499177,8.13816247
16.84210526,20,8.987339902,6.330769092,8.534118958,7.063168216,8.340963976,8.559839265,8.520179084,8.6838543
17.89473684,20,4.995203357,4.355074769,5.07548176,4.212508152,5.186217652,5.148807599,5.015390262,5.099676316
18.94736842,20,8.093322893,8.325101567,8.548080123,8.209845634,8.820134637,8.851276246,8.318636072,7.875262777
20,20,7.244718321,6.680661822,7.357195369,6.443989661,8.022472976,7.823921177,7.39885894,7.129607365
