ID,MLR,ANN,GWR,GWANN,GNNWR,AGWNN
1,0.689911616,0.693565325,0.967287009,0.973306847,0.977643546,0.978936566
2,0.73455577,0.727864364,0.973914858,0.977596792,0.973794342,0.976474263
3,0.72085632,0.719261185,0.963195839,0.969256933,0.97219157,0.976539122
4,0.657812514,0.654855284,0.959694169,0.970000022,0.969108203,0.975388464
5,0.65656143,0.652199023,0.967301793,0.973759478,0.974581366,0.977553283
6,0.747190309,0.751369665,0.972320523,0.977726003,0.977462416,0.980544021
7,0.696876388,0.696809639,0.968520453,0.975913289,0.972804907,0.97506303
8,0.702157551,0.707415737,0.966483593,0.970122246,0.973770784,0.978081766
9,0.654257448,0.650605243,0.966310962,0.971247436,0.970733529,0.973668855
10,0.638240839,0.636382155,0.962891594,0.971580551,0.974678819,0.973343181
11,0.709118295,0.707230697,0.963208526,0.971839011,0.975464525,0.978023434
12,0.705554604,0.712026108,0.968161869,0.971234927,0.97491083,0.976784067
13,0.706536348,0.708737126,0.969215972,0.97450617,0.973861624,0.97760893
14,0.701786877,0.702521998,0.972828487,0.978716061,0.97231598,0.97876222
15,0.705388977,0.703030492,0.968912337,0.973602232,0.973977989,0.978254359
16,0.700179748,0.698851848,0.969262329,0.975057241,0.974822397,0.976673397
17,0.742697344,0.748622975,0.971582763,0.978257104,0.981276869,0.98086037
18,0.692634171,0.693933642,0.969881016,0.975436664,0.974551346,0.980267551
19,0.692746055,0.696469076,0.966196522,0.972997741,0.97250847,0.977025854
20,0.667108661,0.667710738,0.968122213,0.97522039,0.973407249,0.977194179
21,0.611169578,0.611458059,0.958301105,0.967972067,0.970427623,0.971962117
22,0.708891772,0.715729324,0.968713609,0.973787556,0.979732771,0.977845938
23,0.70085207,0.705834537,0.964590156,0.970107909,0.966929473,0.971956062
24,0.70996441,0.72118679,0.96774511,0.973890195,0.97527431,0.980528393
25,0.722370268,0.720335148,0.970269921,0.976576306,0.974435796,0.978619941
26,0.683384626,0.693658878,0.969370352,0.974443038,0.978921739,0.978894192
27,0.680881607,0.683489108,0.964564577,0.972871863,0.974776271,0.978064068
28,0.705309144,0.712240426,0.963884486,0.97043504,0.975317527,0.978409797
29,0.721042359,0.720492371,0.969923544,0.975915178,0.976190092,0.978371684
30,0.68468413,0.682922003,0.965671055,0.972715689,0.976403084,0.977771558
31,0.691655653,0.693768059,0.96899773,0.972931206,0.974951282,0.97589281
32,0.681728811,0.679434805,0.955862204,0.964153665,0.974081197,0.976795705
33,0.700232434,0.701642733,0.97102327,0.977659239,0.980922781,0.981259427
34,0.672809382,0.666806471,0.97125177,0.97587258,0.978883171,0.980689266
35,0.698537001,0.701302793,0.970694093,0.976178658,0.98010056,0.980552829
36,0.682142941,0.680184088,0.967839128,0.97423617,0.975108076,0.976885683
37,0.704805789,0.699793074,0.963333143,0.972267382,0.977021845,0.976985023
38,0.654338061,0.648645103,0.961346114,0.968543683,0.973531491,0.975197217
39,0.734549945,0.74198093,0.969219605,0.975357414,0.976196704,0.978216131
40,0.697597913,0.705186314,0.962860999,0.969797758,0.979379863,0.979775119
41,0.66590127,0.666805777,0.963736994,0.970205677,0.971864272,0.973632261
42,0.669084802,0.670402912,0.965445469,0.972865323,0.978998186,0.976619249
43,0.704590279,0.710724674,0.968964362,0.974475276,0.973685547,0.976884532
44,0.668561231,0.668903301,0.961766685,0.971885417,0.974423184,0.978887955
45,0.712058519,0.712157802,0.967641414,0.974824078,0.976643668,0.976604448
46,0.667441876,0.671924603,0.960541034,0.967273886,0.975296421,0.97616973
47,0.740520841,0.752199125,0.968736286,0.975691638,0.978827909,0.980838978
48,0.664358637,0.65651187,0.96802938,0.973749479,0.973892448,0.977235684
49,0.652433086,0.654407883,0.968698696,0.974300339,0.975300585,0.977054313
50,0.666966348,0.66762163,0.967221533,0.972291118,0.978848596,0.979146472
51,0.689755645,0.691872235,0.963779706,0.97089615,0.97327905,0.974994075
52,0.734279143,0.735964001,0.969147832,0.975208665,0.976648238,0.980821774
53,0.70828483,0.706384996,0.960028169,0.970353666,0.976776897,0.976917655
54,0.704737823,0.703516161,0.971711065,0.975746742,0.974564229,0.978881395
55,0.657144426,0.656140844,0.956305672,0.963844452,0.961547593,0.968664218
56,0.684832246,0.693448447,0.96472244,0.971765791,0.97568458,0.976485043
57,0.680146659,0.674985,0.957645041,0.968798859,0.969152778,0.971650883
58,0.711267412,0.712365133,0.968915729,0.9761669,0.972682175,0.977757437
59,0.680995718,0.679720531,0.963054747,0.969975368,0.974539289,0.978190303
60,0.679686763,0.673221229,0.966253685,0.973983741,0.974150533,0.976259
61,0.685736955,0.690184223,0.965635354,0.969254343,0.976436913,0.978442767
62,0.667618526,0.670709117,0.966883368,0.971578081,0.97636323,0.978224204
63,0.677750635,0.683426492,0.966222471,0.97208179,0.971948414,0.974881032
64,0.716026281,0.723909985,0.972878943,0.976447777,0.97419843,0.979466371
65,0.703330442,0.705470629,0.964587296,0.970993987,0.970863992,0.9795761
66,0.723657506,0.728364919,0.968896334,0.975735663,0.978102648,0.979488983
67,0.713023416,0.715304936,0.971230833,0.973654606,0.975053866,0.977833904
68,0.664294317,0.658605204,0.968833966,0.974623433,0.96990499,0.977179838
69,0.69411842,0.689586578,0.961663564,0.970075604,0.974497804,0.976268714
70,0.694207214,0.694758853,0.966506395,0.974500589,0.974459896,0.976725635
71,0.686196132,0.686640011,0.966949109,0.97323872,0.976554118,0.9761591
72,0.649201925,0.642103234,0.964859935,0.973058466,0.969003582,0.978156562
73,0.682481603,0.679968967,0.968286195,0.976440089,0.981322846,0.979629949
74,0.66997727,0.673430975,0.965934653,0.97307197,0.968941307,0.973465154
75,0.710703739,0.711161755,0.969994643,0.976273464,0.978929373,0.979960311
76,0.692537697,0.69328184,0.96922388,0.973659931,0.973492881,0.975965165
77,0.702128991,0.707298381,0.968541365,0.975304951,0.97356802,0.975750636
78,0.704638222,0.702303449,0.971305904,0.976453797,0.976862095,0.980565461
79,0.659334069,0.664563317,0.966139546,0.970526642,0.976933339,0.977060051
80,0.660926,0.644227355,0.961691704,0.970993701,0.972248329,0.977735236
81,0.688046978,0.687468713,0.962680863,0.971302146,0.970516017,0.974351109
82,0.695059236,0.703060238,0.961932944,0.968902766,0.978497,0.977222038
83,0.712594024,0.712374288,0.967166333,0.974948366,0.976290816,0.97409612
84,0.67101474,0.67039703,0.966753712,0.972339933,0.974033218,0.976170243
85,0.691414176,0.694080521,0.964455651,0.969850989,0.976299387,0.976946748
86,0.682605434,0.680070878,0.966508879,0.973437784,0.974325202,0.975750616
87,0.677181377,0.6735356,0.969454732,0.977136847,0.976904247,0.981001558
88,0.668257689,0.673157257,0.968328437,0.974273742,0.974250199,0.97873777
89,0.663144165,0.656871653,0.964152641,0.968389032,0.976050616,0.978046519
90,0.718979987,0.721120452,0.967743031,0.976145604,0.976751571,0.982145887
91,0.650708392,0.653950037,0.966315526,0.970762704,0.971573027,0.975502316
92,0.692903046,0.695141146,0.967293936,0.971832806,0.971414126,0.974715183
93,0.697453794,0.697302136,0.969444709,0.976512807,0.974947299,0.97959439
94,0.682005361,0.686907428,0.967078527,0.972202469,0.97417293,0.975795381
95,0.721193479,0.721357271,0.968720469,0.976121674,0.975579249,0.978350537
96,0.684460092,0.685058679,0.964965139,0.972866357,0.971946028,0.974982102
97,0.691372193,0.690740851,0.960021349,0.968481778,0.97362105,0.97662759
98,0.678814243,0.679402547,0.965273055,0.971215018,0.976070182,0.978125549
99,0.650393461,0.647031929,0.969014259,0.975106768,0.97587152,0.978537699
100,0.658577836,0.660610126,0.965726394,0.972815181,0.96827013,0.972704665
101,0.655579368,0.652858742,0.969817469,0.974247595,0.977785639,0.97895385
102,0.745914983,0.748954327,0.965829099,0.972376251,0.973651882,0.976005705
103,0.708528096,0.709244162,0.968482155,0.973466509,0.974359337,0.979822909
104,0.678886425,0.679427956,0.961820704,0.972371913,0.972066682,0.97592082
105,0.695052018,0.701362266,0.972357881,0.975148157,0.978493059,0.979391685
106,0.669666016,0.663894405,0.966024392,0.975411716,0.972648124,0.975830466
107,0.720138053,0.72054263,0.97058818,0.974911365,0.975238287,0.97652764
108,0.692023558,0.695488119,0.968759913,0.973510527,0.977501887,0.976408304
109,0.736246676,0.734418004,0.971677663,0.976902048,0.97894445,0.979377925
110,0.697443008,0.690826805,0.960495658,0.969375501,0.975183574,0.974210277
111,0.686579744,0.68145657,0.966700665,0.973846444,0.975888534,0.978035596
112,0.630797514,0.630921929,0.966816751,0.973516164,0.977151715,0.975545616
113,0.716964521,0.715232088,0.964683611,0.972887862,0.972775755,0.979506356
114,0.727456183,0.725337344,0.967661821,0.97479714,0.974937064,0.978922989
115,0.651906311,0.651598985,0.965878597,0.972955572,0.972467702,0.977705351
116,0.668558702,0.664130128,0.953301284,0.964804516,0.974845517,0.975915527
117,0.702854501,0.70594377,0.966604354,0.974456272,0.973140441,0.977100138
118,0.713011371,0.713191356,0.970345044,0.974016928,0.973698063,0.980920097
119,0.704321927,0.707573359,0.968162326,0.973620118,0.977132368,0.97894119
120,0.702824413,0.699591934,0.964677445,0.969382687,0.975887829,0.977191922
121,0.704131067,0.707051801,0.970233217,0.976616702,0.977389619,0.979990358
122,0.689605623,0.697530785,0.967953431,0.97326558,0.975778274,0.977818136
123,0.700100961,0.706292131,0.96837676,0.975170244,0.970421452,0.977256413
124,0.67630215,0.677813476,0.969568072,0.97383976,0.973329016,0.977581366
125,0.6515461,0.651992519,0.962987455,0.968036058,0.979971522,0.977906151
126,0.728787251,0.72809898,0.967237268,0.974407114,0.970627229,0.978947705
127,0.682261872,0.684485419,0.969213309,0.974125011,0.970234774,0.976021796
128,0.694364495,0.700122915,0.965967232,0.972107887,0.971001983,0.973666093
129,0.715470115,0.725826365,0.964011035,0.971435126,0.976027785,0.978289035
130,0.690448585,0.689785888,0.970864196,0.975276384,0.975103508,0.978508915
131,0.734495696,0.734820991,0.968057747,0.975612808,0.980562383,0.980050505
132,0.74235929,0.742790364,0.970740043,0.975061246,0.979215638,0.980056182
133,0.717617901,0.719228075,0.972565163,0.976921585,0.973853423,0.97840648
134,0.683667708,0.68225466,0.964912214,0.972400887,0.973800527,0.975356503
135,0.709193098,0.716615794,0.973603141,0.978764222,0.976759755,0.97763754
136,0.683723797,0.691091912,0.964662979,0.974494196,0.977918913,0.979338754
137,0.734587564,0.735641868,0.973231485,0.978229812,0.979516871,0.981842855
138,0.74243071,0.739626856,0.974342939,0.976941952,0.97630521,0.980800713
139,0.700544729,0.701439932,0.966949539,0.974022436,0.974984865,0.980536386
140,0.701878491,0.701555903,0.966002469,0.972526071,0.971971508,0.974661424
141,0.707133847,0.705318802,0.967429299,0.976924447,0.970440531,0.975471782
142,0.722627543,0.722953667,0.966726022,0.973926099,0.975750241,0.978774673
143,0.656411704,0.65075847,0.957916814,0.968677877,0.970168149,0.973490666
144,0.655980758,0.652965623,0.967229587,0.972746597,0.970804651,0.976985338
145,0.719959985,0.720875424,0.965724291,0.973023127,0.978372426,0.977386098
146,0.683534543,0.673123588,0.964020357,0.971078181,0.973279496,0.974397468
147,0.678408744,0.678616024,0.968704129,0.974037293,0.974606159,0.978713434
148,0.720328294,0.725814126,0.967239114,0.973556525,0.974641827,0.979982097
149,0.711338343,0.713732177,0.965306343,0.973229313,0.972514956,0.976246048
150,0.631622671,0.630691073,0.961823828,0.969393195,0.971005435,0.977358124
151,0.735794224,0.736827123,0.965918802,0.974300056,0.977128857,0.978710756
152,0.701085732,0.70906046,0.967972199,0.974411585,0.980973201,0.979633372
153,0.709927754,0.71018397,0.96619808,0.972064396,0.974627281,0.978735767
154,0.708412455,0.709706908,0.965255429,0.971427618,0.973899615,0.976116133
155,0.664129336,0.662512533,0.965478401,0.972468802,0.969093343,0.974331527
156,0.724053192,0.727055317,0.971935465,0.976628765,0.975888363,0.977911329
157,0.659378494,0.655987661,0.957834991,0.967308936,0.964950594,0.976246304
158,0.70381815,0.700150614,0.965755468,0.976267157,0.976547095,0.978713734
159,0.689929327,0.685436184,0.965742927,0.973151492,0.971072599,0.979751569
160,0.663022314,0.667001056,0.967660815,0.973971347,0.973691128,0.977063756
161,0.696110184,0.698964035,0.962228072,0.97103726,0.972211684,0.975409936
162,0.640431852,0.63471647,0.969819826,0.974378238,0.977697218,0.978182695
163,0.731538814,0.731967827,0.971482664,0.975677128,0.978270345,0.978022643
164,0.715183356,0.717270415,0.965732966,0.970463216,0.975752482,0.979132076
165,0.709549552,0.714199927,0.96326889,0.971426701,0.972461428,0.976861031
166,0.683708684,0.677436798,0.965629477,0.972305568,0.975258929,0.97673039
167,0.715951627,0.715494749,0.964996094,0.970518972,0.977192386,0.97706071
168,0.719393846,0.723692917,0.972035731,0.976286564,0.977247154,0.979619503
169,0.70211052,0.705212658,0.967992871,0.974345288,0.975810179,0.975315471
170,0.701741561,0.706444165,0.965730459,0.971321505,0.976102199,0.976183429
171,0.710141294,0.712255526,0.966363241,0.972193718,0.973660653,0.979811447
172,0.678898819,0.677807358,0.953151269,0.966032816,0.975695421,0.974977384
173,0.652014895,0.644329958,0.961206629,0.971540215,0.970764891,0.976604981
174,0.706506218,0.711922495,0.961638399,0.971207737,0.971298061,0.978189106
175,0.685156511,0.679202152,0.960920605,0.970312289,0.973736362,0.973898405
176,0.696252896,0.690870862,0.961863718,0.969287619,0.9757653,0.979514215
177,0.754661415,0.759191705,0.963669422,0.971275379,0.976944248,0.979147137
178,0.739863577,0.740377567,0.972765142,0.975320297,0.973526263,0.980934847
179,0.746035699,0.742816364,0.969834782,0.973262916,0.977166186,0.979249499
180,0.708714542,0.706300043,0.967199956,0.973756826,0.973729364,0.979274837
181,0.676836309,0.678746645,0.960043099,0.966189066,0.970866437,0.977565346
182,0.690431484,0.690856098,0.969150623,0.975665892,0.975936416,0.97731871
183,0.694693091,0.694467199,0.968764374,0.975367745,0.969176688,0.978666768
184,0.69481542,0.686893803,0.969115885,0.974200819,0.976514131,0.979171371
185,0.719546741,0.717930899,0.967762934,0.973829387,0.974737565,0.978370949
186,0.67361051,0.67462853,0.96627234,0.972828747,0.973272112,0.975126214
187,0.720030259,0.719341631,0.970869525,0.976916463,0.97968422,0.979637368
188,0.698992855,0.701205798,0.966138422,0.973541132,0.978264757,0.9790002
189,0.687981329,0.684747382,0.969297015,0.975276107,0.980554834,0.981038693
190,0.687581749,0.689805538,0.963427021,0.970575633,0.97271473,0.97804235
191,0.722299184,0.72284658,0.972692359,0.978522435,0.977024384,0.981088063
192,0.693062469,0.69864083,0.964741219,0.9702731,0.976414593,0.974004286
193,0.667627726,0.664770656,0.966138429,0.972037303,0.970934362,0.976133302
194,0.69973643,0.697231481,0.970466721,0.976415961,0.972922247,0.976161165
195,0.722685171,0.722425975,0.971523632,0.976852239,0.978552409,0.977372864
196,0.662067492,0.658104265,0.963247253,0.97204736,0.964657049,0.974055114
197,0.687022094,0.686758199,0.965755721,0.97285399,0.97187932,0.975654553
198,0.669042702,0.671261755,0.96886889,0.972784024,0.970826625,0.978077196
199,0.718486317,0.716776801,0.964459759,0.973638825,0.976810272,0.979146779
200,0.677707437,0.676165592,0.964045375,0.97140366,0.976909927,0.976468587
201,0.707854108,0.712453853,0.960447956,0.971208179,0.978297032,0.977859233
202,0.683660553,0.679870356,0.966944384,0.972632735,0.972159113,0.978292254
203,0.740246634,0.74346334,0.969852587,0.975566209,0.979683813,0.980701679
204,0.701001887,0.706819003,0.967225612,0.97390206,0.977398914,0.977770756
205,0.658772111,0.658895157,0.966412386,0.971896241,0.967998762,0.974473619
206,0.680119664,0.685255406,0.966806175,0.971825235,0.975457058,0.976691837
207,0.695154802,0.69271552,0.95989806,0.969837415,0.966717559,0.972517296
208,0.683640535,0.674737541,0.964662943,0.972578114,0.977891441,0.978722134
209,0.717439023,0.719425117,0.971794905,0.979000713,0.970413698,0.976034165
210,0.682413735,0.68122387,0.966787735,0.974089093,0.969631466,0.976810597
211,0.680220382,0.669992519,0.969024481,0.974642354,0.97420097,0.980571187
212,0.72079984,0.721269288,0.970214811,0.978111732,0.976956197,0.97949142
213,0.70883347,0.709456716,0.966187223,0.97302887,0.974609565,0.975931364
214,0.72915581,0.726161888,0.967920519,0.973687735,0.977698441,0.980145262
215,0.691994078,0.690129096,0.967593683,0.9740725,0.972945017,0.974907067
216,0.706972315,0.710661347,0.970812607,0.97402093,0.974904743,0.981059402
217,0.691939922,0.692465823,0.966314579,0.973112574,0.979034837,0.977319005
218,0.630885276,0.619496564,0.96153584,0.967806299,0.975785578,0.977933807
219,0.697956773,0.700795053,0.970924656,0.976617814,0.976975367,0.979330027
220,0.667734968,0.672799756,0.962176039,0.969684129,0.974025994,0.979042165
221,0.701208961,0.706164335,0.966882403,0.972708074,0.977944274,0.980715294
222,0.715913949,0.713438001,0.968413777,0.972807297,0.977403249,0.979955949
223,0.670535639,0.664381203,0.967096735,0.973709318,0.97459723,0.976116933
224,0.718617695,0.722980138,0.966626987,0.973911439,0.978187177,0.979365988
225,0.684046987,0.683125741,0.964369278,0.972976604,0.974090827,0.978072732
226,0.670790016,0.676120808,0.955742509,0.964932343,0.969914609,0.971509681
227,0.670968721,0.670315381,0.967290931,0.972061769,0.97541068,0.978412984
228,0.719707925,0.7267571,0.970039175,0.975238925,0.97214377,0.97679584
229,0.604787439,0.606515693,0.962717338,0.967540778,0.96684541,0.972684307
230,0.704148932,0.708282513,0.966880632,0.974503704,0.977313221,0.978063785
231,0.701207024,0.707128399,0.966066906,0.971473042,0.973040731,0.978176153
232,0.695262255,0.695182884,0.968637436,0.971915279,0.97491313,0.976374899
233,0.733204702,0.733652775,0.970230847,0.976522232,0.972634338,0.976602653
234,0.697040708,0.697619775,0.966900726,0.974705552,0.977108378,0.980199482
235,0.72679845,0.725534988,0.971106975,0.977027883,0.971393454,0.979894916
236,0.663823334,0.666298369,0.962042998,0.971164217,0.974564044,0.976209844
237,0.689152592,0.696569441,0.965785175,0.972697903,0.977116564,0.978136156
238,0.707204987,0.708434569,0.965667371,0.973876691,0.975538033,0.977082412
239,0.713978811,0.713112849,0.969955689,0.974645942,0.975597789,0.978060718
240,0.699061922,0.70039731,0.966720804,0.974828235,0.975564475,0.978250415
241,0.73425686,0.729861095,0.972142259,0.976321785,0.974755827,0.977949724
242,0.724753932,0.730640218,0.968619145,0.973472071,0.973957344,0.979503667
243,0.751202631,0.762178065,0.971467744,0.977100714,0.981835254,0.981450428
244,0.693906835,0.700654335,0.971400643,0.974912585,0.974491216,0.979371465
245,0.678199837,0.680912528,0.965292279,0.972682674,0.976673644,0.977510155
246,0.659380195,0.658093934,0.963799381,0.972167214,0.966040114,0.974906822
247,0.721502495,0.728714392,0.966684685,0.971876664,0.976004228,0.979511305
248,0.661643734,0.659690656,0.966367545,0.972058932,0.979120738,0.980672801
249,0.711146376,0.711047888,0.967225164,0.972486529,0.975000872,0.976674673
250,0.633526295,0.626889045,0.966950732,0.973700119,0.972543959,0.977102455
251,0.712117119,0.711001285,0.967839735,0.972850505,0.972337877,0.976144337
252,0.729418082,0.73034843,0.968771209,0.973949641,0.974146008,0.979868975
253,0.67858622,0.666637644,0.960830703,0.968508081,0.967896757,0.9727579
254,0.705049008,0.705291675,0.972603843,0.977027914,0.973597162,0.980475437
255,0.675344857,0.680052786,0.966851485,0.972333779,0.975037395,0.97745623
256,0.732996473,0.735744954,0.970765749,0.974505963,0.972713972,0.976175831
257,0.707218926,0.710853924,0.965312986,0.973424782,0.976844163,0.977726602
258,0.728162803,0.733262795,0.967359708,0.974017093,0.977479869,0.979896439
259,0.708689523,0.702025763,0.970034111,0.975626002,0.971758629,0.974371247
260,0.692983183,0.696917935,0.966486992,0.971892441,0.977991778,0.977238684
261,0.691903165,0.694597978,0.971940305,0.977149491,0.976560967,0.976934093
262,0.72354926,0.728983827,0.970387832,0.974054931,0.969268017,0.975937658
263,0.742609383,0.746063161,0.970947618,0.977888783,0.978118202,0.980306654
264,0.660598337,0.654993653,0.964282725,0.970298467,0.974069269,0.975234105
265,0.737885376,0.740605141,0.969060283,0.976852965,0.977738558,0.980256256
266,0.717263057,0.72178174,0.964581134,0.972936449,0.970627112,0.976893427
267,0.71615,0.718415727,0.968853133,0.975731754,0.975404943,0.980046966
268,0.695705624,0.696479299,0.970236795,0.974628022,0.976766448,0.976028572
269,0.698411037,0.69414978,0.965813911,0.97431935,0.976747735,0.977806884
270,0.67879142,0.681503425,0.96258577,0.971298434,0.972814004,0.97951291
271,0.703285927,0.706344775,0.966438024,0.972888092,0.974052194,0.975895327
272,0.69605873,0.696939365,0.961189061,0.970894293,0.975893449,0.976237762
273,0.732900906,0.730265688,0.97221462,0.975082485,0.974193538,0.978354559
274,0.682910667,0.679694046,0.964229092,0.969075906,0.973135854,0.976552723
275,0.710805284,0.711380301,0.964165369,0.973220053,0.971055887,0.978615313
276,0.687342546,0.687481394,0.962862816,0.971116027,0.979456054,0.979121211
277,0.732031049,0.730381246,0.967487533,0.975582655,0.974007228,0.979061651
278,0.694119816,0.690099639,0.963868703,0.974195123,0.974172406,0.978289143
279,0.727933678,0.733556044,0.966999698,0.971811555,0.969646881,0.974836975
280,0.667018995,0.667259763,0.964076643,0.970114891,0.973976968,0.975909162
281,0.691012603,0.691872555,0.965935845,0.972393537,0.975224476,0.977845541
282,0.681596562,0.675589877,0.966812458,0.972596053,0.974637721,0.978277975
283,0.672906375,0.668439925,0.967951825,0.972649454,0.971701103,0.977933593
284,0.709799001,0.715674046,0.970559283,0.975297343,0.977085171,0.978628547
285,0.703442859,0.701654818,0.966914042,0.97628952,0.972891227,0.978170852
286,0.703386264,0.711093533,0.967782519,0.971823778,0.97460253,0.975835187
287,0.719207173,0.71556659,0.963695984,0.973284375,0.970685802,0.978540506
288,0.695794479,0.690785487,0.964860138,0.973937947,0.971551249,0.975346209
289,0.709923729,0.711013671,0.96069303,0.969376597,0.976220756,0.977162839
290,0.683245021,0.679687172,0.963624128,0.9702755,0.974253188,0.975080689
291,0.661860471,0.654223449,0.964316363,0.971355527,0.974494439,0.978461264
292,0.677201366,0.677628697,0.964038315,0.972195534,0.973485896,0.977434674
293,0.707325558,0.710102272,0.966808829,0.973749018,0.972015534,0.976721119
294,0.670537918,0.675041794,0.96566567,0.973041624,0.981643052,0.977795738
295,0.699637526,0.709034392,0.967375213,0.971964247,0.977115791,0.977608857
296,0.670229888,0.673621279,0.966956676,0.975133067,0.974479644,0.97690923
297,0.698387707,0.700157856,0.969009519,0.976090795,0.972700483,0.976306901
298,0.74556431,0.749059146,0.972442086,0.978348982,0.980782094,0.981161059
299,0.6771611,0.670051367,0.966271771,0.974591806,0.969837792,0.974543694
300,0.674949806,0.670900117,0.968426878,0.97331208,0.976828387,0.974692644
301,0.701815687,0.705530497,0.964215093,0.971853448,0.974790009,0.975912243
302,0.687509921,0.683699057,0.963935823,0.970704691,0.970695233,0.976779874
303,0.725943849,0.732250149,0.96892167,0.975225771,0.976620914,0.979357516
304,0.688637741,0.681398874,0.966434965,0.973203989,0.971130082,0.977779533
305,0.69558458,0.696869197,0.971402325,0.976109043,0.976409911,0.978813826
306,0.706064703,0.707977462,0.963483321,0.970266905,0.977596173,0.978017667
307,0.684873003,0.687156116,0.963150079,0.972630672,0.974548333,0.978986915
308,0.694708351,0.701371496,0.965644424,0.974391304,0.977478904,0.979756588
309,0.732648881,0.745581139,0.964814317,0.970061661,0.975684494,0.978654552
310,0.682527383,0.686335213,0.964472657,0.972681892,0.97331834,0.973626323
311,0.652118026,0.649413522,0.962848302,0.969445786,0.976759252,0.979139954
312,0.730709941,0.726617849,0.971603013,0.979052339,0.972926358,0.976437628
313,0.691876567,0.693352652,0.963815758,0.971221696,0.972398393,0.976978277
314,0.686244298,0.68735519,0.971030071,0.974568878,0.975530395,0.979078789
315,0.676408816,0.676846784,0.962774602,0.971899174,0.97803983,0.980578246
316,0.697054959,0.705513014,0.97035377,0.976349791,0.972761718,0.97681323
317,0.706923335,0.712499303,0.969886688,0.975024885,0.974896708,0.977469345
318,0.734992002,0.736709018,0.968142776,0.972422632,0.974430737,0.979562206
319,0.643972079,0.635603345,0.965521908,0.976346427,0.973107213,0.97764989
320,0.714643183,0.71394134,0.97096701,0.97494857,0.971608059,0.975785876
321,0.748422174,0.750963554,0.969640472,0.97578465,0.971312898,0.976321875
322,0.705603054,0.706645341,0.970927431,0.974020962,0.973351139,0.979406979
323,0.737324257,0.735047957,0.973410852,0.977139407,0.974288538,0.979119803
324,0.665189049,0.662558436,0.971235191,0.975882124,0.971559775,0.976366329
325,0.698918043,0.696537594,0.960653775,0.968088358,0.964953713,0.971858665
326,0.709506087,0.713524551,0.963727068,0.973382027,0.97686204,0.977407544
327,0.688299978,0.688990212,0.96631458,0.972700985,0.974723589,0.97842921
328,0.672743006,0.674360045,0.96811505,0.972724906,0.978427628,0.97878818
329,0.675093524,0.669978034,0.965418922,0.973714509,0.973477238,0.978133883
330,0.709637418,0.716446814,0.969632869,0.973819044,0.979876888,0.976433303
331,0.665410764,0.667843134,0.970830696,0.974247049,0.97381031,0.976140491
332,0.717321869,0.717887728,0.968910796,0.975540246,0.977836866,0.981545437
333,0.774881698,0.775269081,0.971702918,0.977901277,0.977665739,0.980246642
334,0.707342332,0.69882812,0.965824558,0.973988654,0.973814225,0.978047343
335,0.69460448,0.696563805,0.966928994,0.974891599,0.974288619,0.97849263
336,0.716891504,0.721432607,0.969706442,0.976605526,0.978343793,0.981040048
337,0.663795226,0.663606948,0.964430793,0.972332059,0.969531839,0.974421821
338,0.7220374,0.72342024,0.956107898,0.967372342,0.970594851,0.977954699
339,0.641275837,0.638589902,0.970677788,0.978443841,0.977856593,0.979099531
340,0.705273785,0.69977905,0.969842111,0.976542293,0.97263338,0.977649694
341,0.708115809,0.709879274,0.973664438,0.977928934,0.977618237,0.979665571
342,0.722216307,0.720712875,0.966332881,0.973821506,0.977660875,0.98061486
343,0.718895917,0.7184858,0.96632891,0.9768257,0.976887958,0.979607259
344,0.713707081,0.709065058,0.965975371,0.972370462,0.969246883,0.97321829
345,0.69407813,0.694678892,0.965163951,0.973663135,0.972804184,0.977449134
346,0.746834433,0.751881793,0.970441813,0.975417169,0.979452705,0.981827012
347,0.722088242,0.719425761,0.968742892,0.97465567,0.972142778,0.978608416
348,0.700510448,0.704132635,0.964383987,0.971860225,0.970300416,0.976090692
349,0.742101333,0.74639638,0.972301173,0.97773849,0.975574538,0.978056513
350,0.713059522,0.720235205,0.966041493,0.973285454,0.980342392,0.981671428
351,0.718665545,0.715430466,0.968102619,0.974630023,0.977462507,0.981276864
352,0.700943405,0.703420896,0.968016803,0.975523651,0.972920972,0.977375136
353,0.709512696,0.708294461,0.971940903,0.97780766,0.977471676,0.979514426
354,0.737264821,0.741221345,0.968154273,0.974047074,0.974975605,0.975922378
355,0.721827757,0.725572544,0.970807384,0.976118403,0.976030321,0.978270439
356,0.66973273,0.666810063,0.962575304,0.969523289,0.972159151,0.976693901
357,0.705349878,0.704024572,0.965571985,0.973001791,0.974834811,0.975941868
358,0.699186566,0.697936433,0.968340997,0.973681101,0.974189128,0.978336199
359,0.699311668,0.691648222,0.966405017,0.972934674,0.9775107,0.977090051
360,0.723343845,0.723607546,0.967652526,0.974340322,0.978840421,0.978747671
361,0.727934573,0.72895037,0.968479034,0.973078152,0.976917686,0.975835015
362,0.698464842,0.695937713,0.963743673,0.972604424,0.976092725,0.978945701
363,0.723179944,0.723529283,0.967391053,0.974330702,0.975785618,0.977720133
364,0.725320408,0.729292147,0.968786634,0.975322128,0.971570873,0.977238773
365,0.704268344,0.699920385,0.961882919,0.971488233,0.972062446,0.974253559
366,0.683271167,0.676990324,0.962506357,0.968484992,0.975245081,0.977336524
367,0.708970746,0.711790748,0.96772324,0.975367309,0.979275167,0.978979439
368,0.749894117,0.75775138,0.971956753,0.977248391,0.978772521,0.980949002
369,0.687529533,0.69280309,0.966639343,0.972189918,0.97326173,0.978935448
370,0.653194495,0.641175714,0.964301339,0.973468171,0.974343793,0.976410569
371,0.711571819,0.707427276,0.965891545,0.973397956,0.969528083,0.976908009
372,0.693931677,0.693118579,0.965850786,0.973805321,0.973540413,0.977196616
373,0.728838886,0.734095641,0.968383563,0.97507497,0.975576717,0.978854003
374,0.726211602,0.732729755,0.968548233,0.975698857,0.975681803,0.97852647
375,0.71972867,0.721363457,0.96692984,0.973018272,0.974256466,0.972006771
376,0.70194567,0.701705194,0.961504096,0.972153556,0.973019232,0.977180515
377,0.691606499,0.68705906,0.968628311,0.97554089,0.975450833,0.979348217
378,0.721646863,0.725850848,0.970696664,0.977484635,0.975994802,0.978259939
379,0.662172181,0.657388848,0.964494502,0.972013435,0.965742805,0.977080482
380,0.684193243,0.679481834,0.961053669,0.970230862,0.974677462,0.978306294
381,0.721008725,0.725169971,0.974092167,0.978092051,0.976333554,0.977979688
382,0.667888022,0.667272802,0.956530924,0.966922285,0.97135974,0.979188513
383,0.693383929,0.688492502,0.967153169,0.972081528,0.978806349,0.981752455
384,0.704310205,0.702657771,0.96759409,0.977016454,0.971121367,0.977044818
385,0.721506023,0.72688846,0.966427026,0.973686641,0.977304765,0.978945943
386,0.714676042,0.718136138,0.968241114,0.973632803,0.975897538,0.975865143
387,0.671753609,0.66437848,0.965121951,0.971343348,0.975682779,0.97995383
388,0.761430632,0.760082562,0.971773475,0.976270896,0.970967847,0.980459754
389,0.668825302,0.66729856,0.967568508,0.976368382,0.977303026,0.979798418
390,0.71643863,0.725221244,0.966401559,0.972399902,0.978358697,0.97942497
391,0.691126013,0.692746108,0.967362761,0.974288637,0.97662974,0.981595478
392,0.686732767,0.68730104,0.962138602,0.970597037,0.975218816,0.976459121
393,0.701265899,0.699899543,0.969792085,0.976441766,0.976289963,0.981053014
394,0.735599141,0.732589478,0.967475801,0.974072099,0.975429395,0.977537138
395,0.701826822,0.702105523,0.964806056,0.973014835,0.972788558,0.97679275
396,0.701866409,0.69579136,0.966656755,0.97331239,0.975756667,0.976549932
397,0.68687803,0.695192228,0.96951402,0.973338682,0.974530864,0.974318011
398,0.642492876,0.641917123,0.961873258,0.970591213,0.974537162,0.97702339
399,0.722425885,0.725532023,0.972216347,0.976220888,0.973260413,0.976496376
400,0.69089056,0.685048891,0.96836134,0.97507856,0.971990542,0.978390188
401,0.691887239,0.690473892,0.962746884,0.971162956,0.972555233,0.978816757
402,0.647083688,0.637711521,0.959566942,0.970674098,0.97762135,0.976541369
403,0.692762553,0.687815,0.969276085,0.975667713,0.977466531,0.979294051
404,0.695768996,0.698791795,0.963420101,0.974584633,0.971494536,0.979076763
405,0.730434983,0.73250229,0.966186845,0.9730406,0.973926597,0.979040773
406,0.685443229,0.680670566,0.964318384,0.97363695,0.974474285,0.975495147
407,0.654296846,0.64830623,0.957514511,0.966988025,0.967062944,0.971612374
408,0.707633095,0.710227053,0.96527617,0.973904899,0.971884681,0.974744647
409,0.681590404,0.683059323,0.967608578,0.973288508,0.974965545,0.9776051
410,0.726740243,0.724149998,0.965941082,0.976251356,0.975373273,0.977545647
411,0.695635172,0.702030747,0.966759281,0.973486152,0.973188989,0.975540199
412,0.703937627,0.703759145,0.968292511,0.972217617,0.973682756,0.976308507
413,0.706658141,0.703924716,0.968516157,0.976668427,0.974934519,0.9771483
414,0.65489702,0.655556854,0.958945659,0.96935889,0.97556205,0.977337884
415,0.670907465,0.670931399,0.965533445,0.971893172,0.97580869,0.977844701
416,0.706888871,0.711207298,0.969488913,0.975122492,0.979894878,0.980203336
417,0.663696556,0.659697624,0.963178947,0.971102193,0.974118653,0.977982567
418,0.694394281,0.69071287,0.96947841,0.975134236,0.973127177,0.97949608
419,0.738741453,0.738759407,0.968970959,0.974901415,0.969873716,0.976114356
420,0.689858372,0.688606863,0.966616125,0.974067541,0.975623551,0.978081714
421,0.698224702,0.701189388,0.967331967,0.972022791,0.974495617,0.977507531
422,0.684164298,0.683544517,0.966541187,0.972525533,0.979701861,0.979483463
423,0.701007474,0.702409185,0.964350491,0.972883563,0.975074952,0.977603633
424,0.728223753,0.726074784,0.966283591,0.974114462,0.975860844,0.977110846
425,0.6513601,0.654807772,0.96336986,0.972102827,0.975075054,0.977877887
426,0.654536368,0.653596735,0.96609769,0.971853941,0.969801697,0.975717398
427,0.683383699,0.684822982,0.963988392,0.97164118,0.974085649,0.979559835
428,0.709487694,0.712719501,0.966033275,0.97450489,0.9708001,0.977134538
429,0.752649898,0.756565178,0.970954119,0.975877503,0.97274776,0.978198484
430,0.698820587,0.704932695,0.970021797,0.975814576,0.974260317,0.978125666
431,0.684624854,0.685487912,0.956635484,0.965976411,0.974457128,0.976096595
432,0.714651633,0.717611026,0.968901413,0.975239734,0.975164263,0.978600792
433,0.675036378,0.672983852,0.966859356,0.973226054,0.977268674,0.976365104
434,0.672195008,0.662454383,0.959320856,0.968335163,0.966825314,0.975936109
435,0.675578192,0.684388249,0.96872362,0.972804945,0.973938817,0.975918854
436,0.700055988,0.697592826,0.970305679,0.974840817,0.971768806,0.97763971
437,0.672446232,0.673120013,0.972128761,0.975399778,0.97165784,0.979767393
438,0.697500856,0.702374604,0.966968371,0.976366768,0.975116567,0.977575878
439,0.741229017,0.745066111,0.97052038,0.976045497,0.977615393,0.979733467
440,0.619396948,0.620408175,0.956783418,0.967116747,0.971297394,0.977755868
441,0.700959406,0.705450454,0.969876324,0.975696386,0.975267173,0.977740418
442,0.711561177,0.70951641,0.966325142,0.974587534,0.975371616,0.97607505
443,0.728567098,0.732093933,0.968271619,0.973331688,0.976394858,0.980722658
444,0.669441916,0.668801169,0.958629319,0.967595937,0.974669654,0.977404982
445,0.698715494,0.694267604,0.963592973,0.968833282,0.96908481,0.972651426
446,0.699247347,0.700339812,0.963201233,0.9696775,0.975355803,0.976855823
447,0.698081096,0.70505621,0.965370929,0.973358452,0.968016521,0.975516462
448,0.710747432,0.711891009,0.971761944,0.9767053,0.974264191,0.976483047
449,0.705221601,0.705625451,0.969033466,0.97503085,0.979077208,0.979741053
450,0.696129896,0.704546228,0.963361386,0.971105505,0.975286765,0.97691652
451,0.716989782,0.723323459,0.964540267,0.970969745,0.974096849,0.975767412
452,0.666310961,0.664531409,0.96419944,0.972213096,0.971834691,0.973109696
453,0.702410585,0.701837911,0.973108668,0.976459051,0.975263721,0.979667005
454,0.678285152,0.672909221,0.9703307,0.974043478,0.973674568,0.976848415
455,0.735785521,0.735841609,0.965169527,0.974684109,0.976399946,0.977417683
456,0.709685192,0.7101237,0.968317338,0.975750693,0.976983988,0.977463864
457,0.689320055,0.691179429,0.969585891,0.974729758,0.972948964,0.977274811
458,0.736435852,0.732093788,0.970128073,0.975777151,0.977532832,0.979770498
459,0.696935021,0.695424582,0.969016431,0.974922511,0.976197774,0.97942233
460,0.683919207,0.678161738,0.964559413,0.971189657,0.973453913,0.976163161
461,0.721993274,0.726293454,0.964484743,0.972719561,0.976341156,0.980174636
462,0.701385712,0.705553152,0.971669275,0.975737398,0.976064036,0.979142346
463,0.683441458,0.680317511,0.967254082,0.973415719,0.972553634,0.976332686
464,0.695728104,0.696946753,0.966653225,0.97385679,0.972617633,0.976991644
465,0.707376651,0.7130016,0.967836977,0.970747477,0.980966171,0.979569342
466,0.676993823,0.678268338,0.968476456,0.974806652,0.975622335,0.978416765
467,0.692367037,0.688739748,0.972406181,0.976861451,0.975781511,0.978612856
468,0.722012928,0.723454863,0.969071666,0.974392931,0.970843795,0.97556409
469,0.677407769,0.675697842,0.966437258,0.974495734,0.973309405,0.977652364
470,0.736919609,0.740725874,0.967493666,0.972884718,0.973988044,0.979420822
471,0.719179778,0.72340985,0.967898189,0.973204333,0.978889322,0.974669996
472,0.70961316,0.709050152,0.972471396,0.977635617,0.973011503,0.975649182
473,0.696584539,0.69160432,0.96726134,0.972975088,0.977416252,0.977701223
474,0.693130851,0.688590774,0.962321395,0.968476722,0.974703483,0.976444854
475,0.725607351,0.731020306,0.971711801,0.975533686,0.976300575,0.979488553
476,0.710242427,0.711993115,0.963653732,0.97202012,0.975643941,0.978076217
477,0.641994818,0.64090165,0.963248911,0.969113601,0.967550266,0.973575891
478,0.744707068,0.74431361,0.971357401,0.976590711,0.973703296,0.977395495
479,0.694619878,0.690970445,0.967067922,0.976362549,0.971598571,0.978199106
480,0.65514672,0.653343015,0.95457249,0.963750041,0.966560375,0.969263212
481,0.677825485,0.677996912,0.968115859,0.974882808,0.969731478,0.977214132
482,0.709738791,0.706051283,0.962666218,0.970922934,0.976065246,0.976564039
483,0.668423673,0.669664217,0.964952529,0.971297639,0.975565817,0.978122641
484,0.707662926,0.703051941,0.962483823,0.972365656,0.976253692,0.97827418
485,0.714864954,0.715187459,0.96550926,0.972353004,0.96898655,0.976487343
486,0.694803144,0.696246243,0.964537403,0.971357226,0.975603902,0.974345696
487,0.670657577,0.673366534,0.961683509,0.968866973,0.972330544,0.975551653
488,0.676862603,0.674775959,0.971278669,0.976500264,0.980650312,0.980136876
489,0.716362102,0.716685285,0.970081353,0.973159909,0.977508436,0.975457381
490,0.687119643,0.686914645,0.964886863,0.970476152,0.973971354,0.975909448
491,0.6995718,0.698341739,0.971697452,0.974820405,0.972365138,0.978590159
492,0.733693987,0.737031165,0.971303228,0.977414919,0.973956088,0.977977252
493,0.638906117,0.637678199,0.961352281,0.970223395,0.975641753,0.976996988
494,0.725855601,0.725971233,0.969916211,0.975916234,0.97195748,0.977138578
495,0.68748932,0.68307262,0.96587883,0.973945688,0.978495272,0.980254714
496,0.720264928,0.719660303,0.968972975,0.975904488,0.97107565,0.975948305
497,0.673118822,0.675910668,0.967833242,0.973267157,0.974399372,0.975993874
498,0.727157585,0.727406615,0.968981813,0.97495098,0.973617855,0.977415026
499,0.699374146,0.701884876,0.963405396,0.970636963,0.972014823,0.977981034
500,0.704291069,0.704526737,0.97022542,0.974737565,0.975646017,0.977721608
501,0.716689524,0.719661074,0.96528925,0.974284823,0.97338105,0.979328342
502,0.711352299,0.710244651,0.971399999,0.977167689,0.976191024,0.978971031
503,0.681565839,0.682573099,0.96391668,0.971056493,0.973050788,0.974940535
504,0.668930926,0.663284296,0.962016472,0.971116061,0.9705339,0.972778411
505,0.693792849,0.691075499,0.967468145,0.972614382,0.973753429,0.977600513
506,0.662632537,0.663291079,0.961751524,0.967272108,0.974076517,0.977310717
507,0.703955674,0.696775978,0.968334199,0.976018248,0.976117,0.979551077
508,0.721829456,0.725590382,0.96940682,0.974689229,0.97226946,0.979137031
509,0.659793616,0.653780185,0.968196656,0.972253215,0.974588834,0.973965765
510,0.713148754,0.718375806,0.960538376,0.966780571,0.969856446,0.972520059
511,0.689358641,0.688440725,0.963370304,0.971699865,0.974558992,0.979873207
512,0.684729131,0.678086502,0.969691716,0.97663356,0.973862557,0.973633435
513,0.714029979,0.724133068,0.968286516,0.973281155,0.977617539,0.97877719
514,0.700073035,0.702349624,0.972710424,0.976262959,0.971471876,0.976592499
515,0.685628964,0.675827243,0.967262093,0.973421526,0.969846621,0.975049454
516,0.667865502,0.668438109,0.963299929,0.971373253,0.97756714,0.978346152
517,0.712852117,0.708272071,0.969763718,0.977186937,0.972927627,0.97726308
518,0.706082184,0.708800659,0.96591914,0.971541185,0.971928239,0.978421156
519,0.70312208,0.698669697,0.967085942,0.972292535,0.973198602,0.978675894
520,0.71232892,0.71591228,0.966331611,0.972424845,0.974360059,0.977407772
521,0.700091025,0.699951194,0.965083109,0.973403937,0.976775356,0.978947813
522,0.679550462,0.681036986,0.96431744,0.969771423,0.96713961,0.973571482
523,0.665650884,0.660337954,0.964277487,0.970830848,0.977795292,0.977825016
524,0.707391243,0.708105604,0.970257607,0.977321994,0.97612382,0.977984195
525,0.697414212,0.705058777,0.965392964,0.973170201,0.978211647,0.978676008
526,0.65157573,0.6456006,0.959122275,0.968099178,0.971824058,0.975402782
527,0.678391836,0.677990341,0.960213564,0.967457604,0.972773177,0.976043892
528,0.690359786,0.692424082,0.970002192,0.975738075,0.978290608,0.979592093
529,0.683648926,0.679815169,0.961176482,0.970199525,0.97358067,0.977787934
530,0.68185095,0.676464425,0.966574759,0.974889191,0.972322712,0.975216166
531,0.709309357,0.710341876,0.965157047,0.972026703,0.976440603,0.977838158
532,0.698355794,0.700887413,0.96634491,0.97445347,0.967661503,0.972944202
533,0.699525035,0.704503435,0.968448462,0.973952031,0.975931331,0.978658367
534,0.727929671,0.731733851,0.973208735,0.980344961,0.973737045,0.977041641
535,0.707927468,0.707299766,0.96736816,0.973293818,0.971056993,0.974313968
536,0.699047935,0.698892211,0.970018417,0.976895693,0.978379983,0.97976824
537,0.691247498,0.680817773,0.964149398,0.973236705,0.97162373,0.976783616
538,0.722910426,0.73221884,0.975234926,0.97843959,0.978487768,0.980793313
539,0.661706488,0.664018018,0.968241294,0.972502222,0.972729496,0.974503791
540,0.686363806,0.689913926,0.966026102,0.973933811,0.974414787,0.97511514
541,0.718895652,0.720510099,0.968766451,0.974792042,0.977986013,0.980564071
542,0.701243006,0.70119753,0.964170845,0.972263387,0.973714255,0.979353471
543,0.63904876,0.631735411,0.962583859,0.972444002,0.972957521,0.976646873
544,0.692585633,0.698825488,0.9604522,0.970025084,0.96458043,0.971793114
545,0.710437849,0.71197092,0.975927897,0.979191367,0.978943775,0.978220095
546,0.740805223,0.745505028,0.973080772,0.977686743,0.979855511,0.981739538
547,0.668760731,0.670875869,0.963437389,0.971153698,0.978965929,0.981871348
548,0.701044836,0.699601552,0.966464683,0.972520524,0.976549029,0.9771373
549,0.683028343,0.680044545,0.966592579,0.971901266,0.974555397,0.976701008
550,0.736270839,0.732877511,0.972940316,0.97961593,0.97796882,0.979187852
551,0.64099652,0.642172623,0.964872389,0.971996926,0.977707217,0.97740383
552,0.690251402,0.688843828,0.970745412,0.974665133,0.975759553,0.979900074
553,0.697642795,0.698028989,0.965057513,0.971974798,0.967611373,0.976176116
554,0.68478838,0.68743138,0.96987151,0.976487481,0.973091315,0.977836427
555,0.693943355,0.693677834,0.962719458,0.969669998,0.976558474,0.977831702
556,0.729575077,0.738239577,0.964248126,0.972212025,0.973553176,0.977484358
557,0.71328275,0.711114142,0.971930048,0.973358054,0.973458246,0.978367323
558,0.663115173,0.657559276,0.961782913,0.97039813,0.973518476,0.976222185
559,0.701860911,0.695310486,0.968657566,0.977070822,0.977238156,0.977566968
560,0.740892055,0.736710049,0.972715988,0.977865043,0.975295651,0.978968283
561,0.717884755,0.718377197,0.965273175,0.972187217,0.973459634,0.975924252
562,0.703828155,0.70505488,0.962746753,0.97035774,0.973477925,0.976072168
563,0.760252683,0.763153032,0.973166148,0.979398358,0.975654749,0.978200972
564,0.730574854,0.733283487,0.968120393,0.973141876,0.979110482,0.97957376
565,0.692558057,0.690020365,0.965021801,0.973300043,0.97430969,0.97911619
566,0.686608927,0.687654463,0.970525276,0.974943241,0.978218657,0.976759562
567,0.66831327,0.671178547,0.963161036,0.970728296,0.972853635,0.974220138
568,0.714748783,0.705275982,0.960566938,0.968791734,0.968942712,0.973655058
569,0.729647993,0.737603553,0.970424056,0.976042027,0.978518389,0.980462828
570,0.752942694,0.752857693,0.970124675,0.976229951,0.973957374,0.979600656
571,0.71914426,0.722209496,0.970665984,0.973862574,0.974504187,0.976742987
572,0.699041235,0.704108795,0.964468556,0.972041005,0.975296358,0.98076494
573,0.695635699,0.697043273,0.967640674,0.972853787,0.972654481,0.971557108
574,0.693694128,0.687834838,0.968575307,0.975876394,0.975210424,0.97515276
575,0.665507716,0.660843267,0.959399309,0.966822279,0.969178985,0.971039465
576,0.667698959,0.660764498,0.962756318,0.970039186,0.969450953,0.973112911
577,0.654162504,0.651635432,0.969570759,0.97423758,0.978359749,0.978778725
578,0.717199486,0.714148153,0.965172465,0.972938578,0.970471642,0.976242388
579,0.686345474,0.689031585,0.966708641,0.975273746,0.973180515,0.97989252
580,0.717029433,0.715786952,0.973891215,0.978653133,0.978209506,0.979226397
581,0.63129737,0.627759973,0.962440314,0.969884169,0.97053328,0.977309767
582,0.717503429,0.719709061,0.966550715,0.97427481,0.975446171,0.97710515
583,0.711273978,0.710825921,0.967626974,0.974299594,0.973130481,0.97838088
584,0.736068939,0.735077292,0.975618713,0.978793564,0.969852188,0.97600357
585,0.722705698,0.725547143,0.966159261,0.973802775,0.975261157,0.980011261
586,0.71316678,0.710153217,0.96690083,0.972982623,0.978934319,0.977429691
587,0.69612169,0.697345527,0.966060145,0.974531264,0.969721229,0.976751439
588,0.690648738,0.695505734,0.967760486,0.974149261,0.974945971,0.978605776
589,0.726786048,0.73338334,0.970674487,0.97656369,0.97853361,0.981454657
590,0.642482935,0.640721412,0.96082758,0.968261638,0.975309382,0.977230054
591,0.66987725,0.674911228,0.970887939,0.974606224,0.974020743,0.979785433
592,0.679239048,0.678133084,0.965724646,0.973538914,0.975263208,0.978633593
593,0.66471446,0.662875992,0.96240267,0.968818506,0.97255567,0.978112118
594,0.709525929,0.702784249,0.966688543,0.97233558,0.977124491,0.977393946
595,0.67040643,0.677470126,0.961791683,0.969760895,0.975778983,0.978381162
596,0.681841858,0.689748619,0.963051903,0.970008096,0.969567229,0.976258528
597,0.618042234,0.612173955,0.961096844,0.969279311,0.975594214,0.97755046
598,0.680036142,0.676057996,0.962647245,0.972337227,0.971133909,0.973012412
599,0.741815734,0.743861324,0.969498146,0.974967516,0.976477927,0.97824293
600,0.711002671,0.716112924,0.967788568,0.973974878,0.973261433,0.974440833
601,0.69894495,0.706971166,0.965769752,0.972321251,0.975140936,0.976993881
602,0.709396531,0.71507512,0.966565711,0.971511383,0.978135905,0.980472583
603,0.70023764,0.70237169,0.967260256,0.974112697,0.971456161,0.978310528
604,0.727937921,0.723281813,0.966241979,0.974697916,0.978801387,0.979014183
605,0.73430517,0.73981706,0.968282812,0.974591689,0.972761426,0.976825399
606,0.686985589,0.680459133,0.966861364,0.971599001,0.974073448,0.975532502
607,0.622688811,0.62408982,0.962049927,0.970036099,0.971934245,0.977527657
608,0.711470422,0.702917578,0.963669352,0.972029651,0.97463579,0.979960941
609,0.728605364,0.733105695,0.970824645,0.974764469,0.977006091,0.979651791
610,0.727054442,0.73235247,0.968585678,0.975533536,0.979980794,0.981903426
611,0.700251285,0.701926279,0.962334462,0.970234613,0.979541821,0.98013506
612,0.690270807,0.691664625,0.967738379,0.974775209,0.975705444,0.978875963
613,0.73348679,0.734728877,0.969165015,0.975751387,0.979655989,0.977677593
614,0.701875039,0.70442043,0.969044285,0.975265551,0.977047834,0.980707632
615,0.703987829,0.708232126,0.971103251,0.9768612,0.980098069,0.978437807
616,0.711099508,0.711439351,0.957639367,0.967707126,0.974059976,0.978005167
617,0.728027557,0.727334971,0.971548791,0.97748151,0.978093519,0.980463584
618,0.694618889,0.693600616,0.967371059,0.975404383,0.969671962,0.972995952
619,0.645743004,0.643810392,0.958060575,0.967474848,0.967208531,0.97214902
620,0.671307912,0.67040576,0.966520909,0.974835726,0.974280731,0.978321601
621,0.695342339,0.695498816,0.967401886,0.974459626,0.979049975,0.978410922
622,0.704245299,0.709920926,0.960213303,0.968781619,0.972315378,0.978911952
623,0.663037107,0.655812763,0.963963825,0.970766087,0.971917166,0.974456243
624,0.675993497,0.672733134,0.969079787,0.975016491,0.971843518,0.979938847
625,0.676084863,0.66910099,0.967273502,0.977433208,0.976172756,0.980592448
626,0.741012232,0.742992589,0.970111461,0.975629429,0.979619855,0.978555404
627,0.64514338,0.649152744,0.965297132,0.970322717,0.972457561,0.978028269
628,0.708108821,0.712789294,0.970852228,0.976088738,0.976469088,0.978209408
629,0.679453355,0.68086634,0.965831565,0.972121855,0.974668253,0.975919486
630,0.723739722,0.727365335,0.972479328,0.977040038,0.978502092,0.980955535
631,0.72181303,0.7284654,0.970453204,0.97543049,0.981912571,0.981442007
632,0.684006088,0.688841535,0.967577988,0.974033944,0.973694948,0.974036097
633,0.717795661,0.716161917,0.96848823,0.976214,0.974666638,0.978593753
634,0.712251867,0.717165552,0.962979991,0.97015733,0.971631134,0.97664721
635,0.685104457,0.685230558,0.965363024,0.973118376,0.976918493,0.976301122
636,0.702680069,0.704372608,0.97014212,0.974633133,0.972729807,0.978977718
637,0.709491367,0.711370641,0.970394442,0.974940636,0.97856297,0.978665847
638,0.674914827,0.668687889,0.965616128,0.972459306,0.974613325,0.977836763
639,0.724826596,0.720015103,0.965860316,0.972073623,0.978707872,0.976844584
640,0.691856511,0.695562846,0.970296968,0.978258836,0.973019562,0.97640334
641,0.71518236,0.717655704,0.963687696,0.97152373,0.973692001,0.978202245
642,0.685808399,0.683335722,0.966674153,0.973183704,0.971376735,0.976230961
643,0.692622625,0.693379719,0.968366925,0.974322997,0.965629186,0.97376033
644,0.696743075,0.703218696,0.96855681,0.973937047,0.976214106,0.979211969
645,0.671508583,0.675471203,0.969252331,0.973681658,0.972775546,0.977787615
646,0.740707384,0.743529025,0.971731346,0.975473741,0.978458407,0.979391919
647,0.71671041,0.711562622,0.970841563,0.975763267,0.977500009,0.978593465
648,0.688025579,0.685569627,0.967521812,0.973787412,0.973109822,0.9784766
649,0.694521664,0.70011388,0.963646328,0.97038958,0.976626609,0.978926575
650,0.731338296,0.727422198,0.969011726,0.977535974,0.968238658,0.974628705
651,0.687012414,0.689867283,0.969403477,0.974093731,0.978790963,0.979821308
652,0.658896046,0.655831557,0.959520427,0.970314975,0.974676144,0.977768926
653,0.697433786,0.697965562,0.969726876,0.97582478,0.975235159,0.979916245
654,0.713366118,0.717984252,0.964509931,0.971189766,0.97537567,0.977863607
655,0.69524114,0.699600058,0.95671492,0.965788835,0.97403022,0.980022048
656,0.693694144,0.690894815,0.962815031,0.970388254,0.973049019,0.976168907
657,0.703078757,0.70366361,0.970597452,0.974950929,0.970743675,0.974661863
658,0.677156174,0.680964916,0.963835838,0.969804338,0.975250928,0.973910038
659,0.705701344,0.703252326,0.967592216,0.974083735,0.975994443,0.978631597
660,0.698124502,0.695181729,0.967644075,0.976633465,0.975324799,0.976508006
661,0.701920053,0.706081761,0.97164358,0.974621286,0.975227651,0.976469641
662,0.69648763,0.693782837,0.967644206,0.973578037,0.970663828,0.977335681
663,0.684360239,0.683354934,0.968482031,0.973603749,0.969287458,0.975238445
664,0.714406204,0.71720935,0.9626841,0.970209035,0.977348941,0.97876989
665,0.680125435,0.679232747,0.963222666,0.971291927,0.974835605,0.97798134
666,0.710127733,0.717195122,0.972500764,0.977842045,0.980574443,0.979413081
667,0.694951583,0.702915635,0.965876888,0.972475164,0.975576121,0.975999313
668,0.717636567,0.719111337,0.963235881,0.972150143,0.973580415,0.979328091
669,0.713345237,0.717470487,0.971072584,0.975899024,0.972252449,0.976289647
670,0.714104614,0.718965503,0.963500489,0.972161274,0.973606898,0.978102444
671,0.689245469,0.685577995,0.965877868,0.97350291,0.97607916,0.977820437
672,0.689688949,0.686942163,0.965616736,0.971983776,0.976147183,0.977279927
673,0.701137999,0.699419349,0.964892391,0.971961087,0.97068765,0.975513209
674,0.702510308,0.693855028,0.96640387,0.973600663,0.973454071,0.977371467
675,0.685218012,0.686598666,0.965959371,0.973285863,0.971206142,0.978680121
676,0.66687151,0.65925111,0.962523936,0.97244748,0.971036481,0.973244891
677,0.708362717,0.700549607,0.961641972,0.969909344,0.97789049,0.978465749
678,0.701015093,0.699286412,0.968362802,0.975362741,0.970228688,0.976114629
679,0.702325993,0.704012266,0.969235833,0.9749909,0.976560365,0.97849735
680,0.698120485,0.692648913,0.966564726,0.972621768,0.97197049,0.97944121
681,0.672998874,0.673102293,0.971556753,0.975616007,0.977830688,0.978977307
682,0.657298158,0.65364975,0.961010776,0.967386509,0.972108131,0.974066524
683,0.739778788,0.743146552,0.965740277,0.975092425,0.972865928,0.980531541
684,0.69352638,0.691978243,0.964384165,0.971012333,0.97296505,0.978155513
685,0.733134277,0.736002856,0.96877212,0.97455023,0.978380529,0.978985433
686,0.788259298,0.794511177,0.968561362,0.975745303,0.977068379,0.981043169
687,0.689604603,0.687711552,0.964805564,0.969519278,0.974692416,0.978169552
688,0.72593027,0.72818738,0.96983133,0.975294021,0.976537665,0.980913265
689,0.655273115,0.65495908,0.959227293,0.967524367,0.973071608,0.978091144
690,0.719832414,0.726095054,0.974924151,0.980112542,0.973118181,0.977501036
691,0.738110671,0.735564223,0.967470635,0.974288236,0.975604933,0.979568089
692,0.707041837,0.702831581,0.968644624,0.974639136,0.972429333,0.977402675
693,0.691036946,0.689460564,0.966473376,0.973419184,0.97276788,0.978539501
694,0.721123969,0.725174372,0.966561695,0.971967228,0.97197739,0.974229619
695,0.671752197,0.671021723,0.958469693,0.969118132,0.976911948,0.975639671
696,0.674805516,0.68146698,0.96793565,0.971135943,0.975342948,0.97660299
697,0.733880716,0.740618036,0.968909917,0.974600756,0.974209644,0.980291186
698,0.702784659,0.701221763,0.97029321,0.975930913,0.976003577,0.978929744
699,0.65281792,0.651766017,0.964740787,0.970824688,0.972168216,0.977621022
700,0.667050157,0.667093624,0.964700723,0.973945677,0.9697567,0.975839477
701,0.688182812,0.689637787,0.964692131,0.970752666,0.970516864,0.974452851
702,0.691705275,0.689115353,0.967622499,0.974191506,0.966254005,0.976542331
703,0.737468615,0.739237101,0.971205822,0.978231171,0.977209701,0.974766056
704,0.706973888,0.705650283,0.963708071,0.970121947,0.970125528,0.974805754
705,0.686740305,0.694180759,0.968722525,0.974718302,0.980508533,0.979483783
706,0.725059002,0.727743957,0.967962003,0.975132483,0.97619653,0.979474736
707,0.680530006,0.681516798,0.968192874,0.974115556,0.97383538,0.978678624
708,0.688793478,0.695323697,0.964103774,0.972639723,0.979799784,0.980191604
709,0.648126468,0.640690849,0.95222049,0.96514358,0.976361451,0.978371217
710,0.720136962,0.725682505,0.969118225,0.975035253,0.974946947,0.980165937
711,0.73257086,0.735948941,0.97315922,0.978678375,0.978895918,0.981932036
712,0.685165036,0.687091148,0.97152014,0.977955414,0.975470781,0.980611683
713,0.700388889,0.697902795,0.963732504,0.969903762,0.975339415,0.979242062
714,0.707121349,0.705923701,0.969105882,0.975250831,0.973133313,0.980346347
715,0.696177022,0.690286338,0.96671284,0.971584305,0.968048325,0.97371894
716,0.66299914,0.666912099,0.961348047,0.970204085,0.973745926,0.976575144
717,0.655195839,0.647021553,0.967781275,0.973356531,0.973098525,0.97645619
718,0.645876972,0.641608965,0.959035317,0.967046928,0.973806178,0.976559305
719,0.687580757,0.686517333,0.967875008,0.974360662,0.970069111,0.978362133
720,0.739515547,0.746010722,0.968484154,0.975528284,0.976480649,0.980880399
721,0.674434529,0.665962116,0.95744206,0.967230579,0.974941943,0.977888318
722,0.685374087,0.683206669,0.967892352,0.975958822,0.975849308,0.9783237
723,0.70142978,0.69990677,0.968562211,0.975111301,0.974455512,0.978803429
724,0.724624996,0.7268839,0.966251267,0.972678036,0.977920367,0.97868841
725,0.685876768,0.691079274,0.969516785,0.975984321,0.972379966,0.977804621
726,0.727500363,0.732521763,0.968173117,0.973598936,0.972139786,0.976205375
727,0.677711572,0.666500521,0.959103606,0.970160391,0.976007929,0.97816091
728,0.697293325,0.701186094,0.963249976,0.969982491,0.972177441,0.975841384
729,0.743112548,0.741208207,0.968584338,0.975473723,0.972074886,0.975567799
730,0.686247966,0.693094222,0.965229359,0.970463445,0.973850658,0.976568939
731,0.724337715,0.717262718,0.967927471,0.973740314,0.972965348,0.979535982
732,0.730237246,0.736044789,0.966700377,0.973308707,0.976722107,0.97898427
733,0.67222906,0.669258414,0.966837076,0.973286101,0.973487685,0.976591597
734,0.697621284,0.693132065,0.966142392,0.97345594,0.975946472,0.9759156
735,0.710011349,0.713329894,0.9657704,0.973369976,0.97113949,0.976062639
736,0.701775363,0.697172538,0.965093026,0.973864214,0.97569563,0.978171141
737,0.706213449,0.706328164,0.963905762,0.971866354,0.975885122,0.97555593
738,0.670586163,0.668670633,0.963413974,0.971181421,0.97317187,0.978997099
739,0.713361642,0.714575951,0.966811451,0.972869763,0.974254404,0.977797761
740,0.726832151,0.727222825,0.969329499,0.975900154,0.971821791,0.978017904
741,0.692282385,0.686496645,0.961151446,0.970991242,0.973466007,0.977225266
742,0.636253309,0.635134429,0.962961174,0.96973214,0.974767646,0.978622034
743,0.673733916,0.667056897,0.970997757,0.975019646,0.975739413,0.97740596
744,0.756540205,0.764098042,0.971237606,0.975109426,0.979067132,0.980493616
745,0.696054417,0.694717033,0.967658334,0.975394295,0.973999131,0.977687993
746,0.679406288,0.687793669,0.958461132,0.968228315,0.976227653,0.977976451
747,0.701763362,0.704975814,0.96718597,0.974720178,0.980939667,0.978799424
748,0.746967993,0.742475422,0.971258893,0.978993163,0.976441028,0.978965814
749,0.704569599,0.710749393,0.969745135,0.97489361,0.977342524,0.979359786
750,0.711457175,0.707890277,0.965035,0.974330495,0.979021173,0.978940699
751,0.668478262,0.668374602,0.966388645,0.973949603,0.977901101,0.975067511
752,0.743485514,0.740075109,0.972738055,0.977586694,0.977653384,0.979111218
753,0.72296946,0.72130503,0.971717685,0.975768022,0.977076747,0.980846516
754,0.722619676,0.720751537,0.964119549,0.972832527,0.977011408,0.977749757
755,0.694619043,0.695601082,0.965277635,0.972572284,0.973081943,0.977799518
756,0.696636984,0.693658263,0.964273192,0.972561172,0.975157313,0.97792147
757,0.657761285,0.659137321,0.959650349,0.96808969,0.974248779,0.975832617
758,0.677828979,0.671300585,0.95744263,0.96669209,0.972576012,0.977814114
759,0.71367725,0.722745887,0.963722271,0.970673221,0.97145698,0.978305767
760,0.703792473,0.709421451,0.968223477,0.9764693,0.971652232,0.978526769
761,0.663399081,0.660256945,0.955010595,0.968561412,0.972898034,0.974395444
762,0.716763955,0.717307803,0.973341891,0.977787063,0.979813431,0.980087095
763,0.70745964,0.715766021,0.969201899,0.975507525,0.975273313,0.980742646
764,0.691403348,0.693612464,0.965169693,0.973154184,0.974471479,0.977349929
765,0.688384699,0.67813226,0.967300239,0.974339062,0.967200174,0.972836654
766,0.704408985,0.704406394,0.963605659,0.971922864,0.972481876,0.978291508
767,0.68776955,0.679091934,0.966338742,0.972216705,0.971752334,0.975294206
768,0.669607913,0.66565534,0.96268639,0.971059954,0.974150556,0.97850104
769,0.699002163,0.693056077,0.963312154,0.971685866,0.974735768,0.978166418
770,0.705611722,0.706135352,0.965289627,0.973709352,0.979544421,0.976631257
771,0.676064536,0.680042664,0.965536805,0.972983064,0.975027188,0.978112317
772,0.70971075,0.712024388,0.96187562,0.970949007,0.971053648,0.975689422
773,0.727735249,0.732708013,0.969164556,0.976110948,0.978821966,0.978669347
774,0.66051889,0.657370568,0.963987927,0.971798685,0.969285163,0.973163945
775,0.706565679,0.706133314,0.968815475,0.975709141,0.972229671,0.978578752
776,0.738728176,0.731348637,0.960747005,0.970772447,0.970681724,0.978051653
777,0.713373168,0.713967079,0.967171138,0.975412896,0.979292839,0.980534239
778,0.70449697,0.706764088,0.968185618,0.976416567,0.97546305,0.977911901
779,0.675964824,0.677874554,0.968908703,0.974045225,0.969690683,0.976326779
780,0.643279245,0.639035762,0.965228932,0.971735219,0.977177855,0.977483064
781,0.666099207,0.667706442,0.967745821,0.973754107,0.975318026,0.976879543
782,0.699088977,0.700998387,0.966790181,0.971156222,0.972221973,0.977915913
783,0.66428599,0.665229915,0.964305608,0.971221209,0.97687658,0.97787695
784,0.723732517,0.71739234,0.970965376,0.977104225,0.979530992,0.977667021
785,0.701761959,0.702906335,0.97078032,0.97592725,0.982401067,0.979958117
786,0.680768794,0.67868649,0.967563514,0.973961244,0.966799301,0.976220723
787,0.719185036,0.717948314,0.97027219,0.975709999,0.974400833,0.974744807
788,0.697092373,0.701922279,0.96747468,0.97214508,0.97602391,0.978615052
789,0.728104057,0.734667406,0.971890067,0.977544182,0.977500378,0.980017093
790,0.726816736,0.730327953,0.971302651,0.976978267,0.974121109,0.979052627
791,0.679966838,0.677089749,0.965515446,0.972219942,0.976106479,0.977895472
792,0.706084406,0.702300444,0.964697352,0.972387916,0.975792064,0.978480852
793,0.69254351,0.690103353,0.966119142,0.973463619,0.967126391,0.973664939
794,0.668896032,0.668463763,0.966795978,0.972221257,0.974381975,0.975920174
795,0.639111286,0.63791393,0.965098534,0.972037945,0.972775927,0.977348251
796,0.7026059,0.708216356,0.961795534,0.969318188,0.969596018,0.977977207
797,0.686866464,0.685195301,0.969884018,0.976534102,0.974979647,0.978633991
798,0.67971668,0.673080137,0.957416403,0.965089855,0.969920704,0.97434533
799,0.662244326,0.664351009,0.959609594,0.967748667,0.975985882,0.977309581
800,0.745821988,0.750205184,0.969244288,0.976722045,0.974846029,0.977161422
801,0.719409633,0.7153983,0.965668989,0.973273885,0.975570541,0.976451239
802,0.697981209,0.700121279,0.965248449,0.973529875,0.974673484,0.976022315
803,0.719377727,0.716477717,0.970765187,0.975855382,0.973943907,0.976992048
804,0.70640973,0.713979683,0.968863158,0.973786352,0.977775317,0.97981844
805,0.705910168,0.706427574,0.962101377,0.97004395,0.973335796,0.977310571
806,0.668309349,0.67081559,0.966827893,0.972522819,0.976295723,0.978927292
807,0.738013196,0.735771376,0.962643854,0.971139726,0.970965908,0.973596101
808,0.739711491,0.744739498,0.966824048,0.975683996,0.981888913,0.977241654
809,0.684713644,0.680803162,0.968292281,0.975744128,0.979774391,0.980415023
810,0.733285384,0.736347593,0.969705144,0.972991183,0.975365312,0.974604564
811,0.736606972,0.739963792,0.969771076,0.975131074,0.975530662,0.976078227
812,0.670798033,0.666537529,0.966295802,0.972823491,0.978203269,0.974920587
813,0.689001807,0.685778677,0.966587366,0.971318413,0.972519202,0.97438152
814,0.688465204,0.690814385,0.967361381,0.972639448,0.971837589,0.977121261
815,0.705770983,0.707099232,0.968010509,0.974377244,0.977681068,0.979100094
816,0.675341483,0.676625434,0.964457968,0.971077442,0.978272846,0.976452028
817,0.696040797,0.695573202,0.964589329,0.972230349,0.976704775,0.978145379
818,0.691230075,0.688870018,0.966070528,0.972810798,0.973109732,0.976422715
819,0.688645331,0.685934448,0.959111352,0.967893427,0.972515738,0.974969287
820,0.744273311,0.746791785,0.972375411,0.977646051,0.982279673,0.983894242
821,0.690308807,0.688940403,0.965912558,0.974186279,0.97600856,0.975999536
822,0.725109965,0.726013625,0.968179775,0.975594192,0.972760233,0.977902655
823,0.710847416,0.713658641,0.966123081,0.970495857,0.978474339,0.977819311
824,0.705643738,0.704665813,0.969261702,0.976094262,0.981859342,0.981125154
825,0.701117587,0.703090086,0.965750704,0.97336124,0.974101612,0.978710242
826,0.74324356,0.748890357,0.967044426,0.971148664,0.973345421,0.976065949
827,0.748802893,0.750141741,0.970322249,0.977088453,0.975454665,0.979870593
828,0.705760329,0.713947671,0.967050404,0.974254514,0.969851091,0.976351291
829,0.652650934,0.649888023,0.962327491,0.972064043,0.974778732,0.975530892
830,0.696454177,0.695643458,0.96538021,0.971364273,0.970671355,0.978161605
831,0.700539971,0.703808558,0.960584408,0.970627069,0.978479356,0.97948058
832,0.626606685,0.626437097,0.962894312,0.97348629,0.970493272,0.977846633
833,0.685782112,0.688903887,0.970024414,0.975264947,0.97844257,0.982094761
834,0.714407017,0.711442093,0.964902114,0.973018374,0.974561681,0.978501383
835,0.697709098,0.704168078,0.968686063,0.975328165,0.974807809,0.980009535
836,0.673257008,0.673619654,0.964038319,0.970451802,0.973876316,0.97594492
837,0.692208587,0.691984892,0.964966489,0.972541072,0.975205119,0.979595795
838,0.669225281,0.665233395,0.958990324,0.968668804,0.977420667,0.9756031
839,0.681192957,0.682235897,0.959032408,0.965035736,0.967842598,0.973100796
840,0.664566101,0.660720432,0.962641754,0.970171127,0.971586545,0.975867857
841,0.715595824,0.718967909,0.965011936,0.973678428,0.974996325,0.977668947
842,0.722788927,0.727006641,0.966791532,0.973917995,0.974528015,0.979458987
843,0.731271967,0.734869686,0.969014869,0.972659435,0.972359932,0.979759173
844,0.712152182,0.714393318,0.967872938,0.974867086,0.976285425,0.979708731
845,0.744429555,0.739059592,0.966191817,0.974452548,0.973250747,0.978743246
846,0.713618638,0.706488308,0.965366331,0.971708644,0.976130754,0.979201482
847,0.695334427,0.700634638,0.964525693,0.971758543,0.977797048,0.977201765
848,0.738418452,0.732843246,0.97136784,0.977161215,0.977589353,0.981090339
849,0.669551177,0.67646497,0.958695363,0.971000055,0.973131871,0.976480199
850,0.70741804,0.711235476,0.971463662,0.975020574,0.97639195,0.97747612
851,0.73845979,0.735155616,0.972664829,0.978474256,0.978065925,0.97980259
852,0.656592768,0.656932334,0.958992829,0.965952924,0.971959388,0.974043508
853,0.708677735,0.709481696,0.968351312,0.974521355,0.974981741,0.978671791
854,0.705658199,0.711175123,0.969095544,0.97497903,0.977343676,0.978958087
855,0.694134016,0.68764507,0.963221007,0.974551847,0.976251226,0.977722495
856,0.705603462,0.705430517,0.962005469,0.970242003,0.973744194,0.975763986
857,0.708475886,0.703997677,0.968850161,0.974185665,0.976940128,0.978858104
858,0.729265456,0.730471254,0.970506555,0.977550057,0.976856944,0.981401242
859,0.679256037,0.682960292,0.96701716,0.973243297,0.969747898,0.976248495
860,0.629622681,0.626331231,0.961881968,0.96665081,0.971516726,0.977074341
861,0.659858723,0.654285694,0.963086436,0.969923188,0.975892187,0.97720262
862,0.693971365,0.69206929,0.972234787,0.976274753,0.974444844,0.980526628
863,0.699757393,0.69958836,0.965201406,0.971110358,0.976787223,0.977837854
864,0.694141381,0.700911578,0.969756629,0.975191127,0.967889356,0.975503714
865,0.704239061,0.702637347,0.965044453,0.970412446,0.974744578,0.97488672
866,0.681293807,0.6790189,0.966353704,0.974453375,0.974488072,0.978648681
867,0.713631523,0.717676942,0.962820175,0.97252442,0.975333319,0.977992715
868,0.721577354,0.729255781,0.965827148,0.972361984,0.97691181,0.978248255
869,0.656260187,0.649548797,0.965212847,0.971290899,0.976812866,0.97780338
870,0.684591305,0.678829839,0.96543752,0.973370657,0.974070153,0.972623176
871,0.690839623,0.687480627,0.968880792,0.973813088,0.971051287,0.976907373
872,0.691529822,0.690920335,0.968171996,0.973606399,0.971748494,0.976208217
873,0.72962142,0.734497845,0.970098814,0.976708169,0.97500297,0.980045492
874,0.69817363,0.69786956,0.965388108,0.973829222,0.978291789,0.981100906
875,0.66895333,0.661755421,0.969577414,0.975662231,0.974618096,0.975252863
876,0.666495391,0.668997003,0.960594488,0.967970736,0.970938353,0.972919564
877,0.704468516,0.709644043,0.964708096,0.971869902,0.97417207,0.975360584
878,0.720458667,0.721009418,0.968989524,0.973536027,0.969516207,0.977534137
879,0.706604436,0.705999714,0.969110308,0.97459013,0.969998209,0.976625703
880,0.688114384,0.693166385,0.970352527,0.974350149,0.977380954,0.976816558
881,0.684298758,0.680426535,0.969781158,0.976409107,0.977256578,0.97860415
882,0.699005993,0.697317235,0.967946254,0.975391392,0.975609844,0.979136377
883,0.728882525,0.737615779,0.971979822,0.975401674,0.977594324,0.980433791
884,0.711944646,0.716029554,0.966025966,0.972385017,0.974839359,0.973915615
885,0.726157732,0.7275568,0.970740734,0.976561174,0.977488653,0.979941892
886,0.679761678,0.675624052,0.961086654,0.966850994,0.970392182,0.973161363
887,0.678777357,0.674228806,0.969513144,0.975136944,0.976932883,0.976633915
888,0.705785723,0.706861921,0.969671802,0.975838037,0.974909978,0.978603169
889,0.680719912,0.682223645,0.967302511,0.973073676,0.975201034,0.97781771
890,0.705160247,0.707736753,0.963638886,0.970971323,0.975461815,0.978356756
891,0.727823311,0.71805636,0.965119366,0.975045583,0.970485275,0.975504585
892,0.735237473,0.731970966,0.967904495,0.975026456,0.975948913,0.97839479
893,0.676192409,0.676284466,0.960124469,0.970006792,0.972205488,0.975507838
894,0.693155944,0.694051465,0.96709674,0.973964816,0.971762862,0.977686787
895,0.721018626,0.722397839,0.966897928,0.973123125,0.974435058,0.978722297
896,0.662563035,0.665644448,0.966293021,0.971300094,0.975411635,0.974617072
897,0.679167317,0.671455478,0.961995618,0.970877426,0.977005832,0.980373771
898,0.702522793,0.69989051,0.971682484,0.976437027,0.974337781,0.977321817
899,0.723907367,0.725589461,0.96588248,0.971637643,0.977733278,0.980157343
900,0.717466422,0.715304199,0.966374896,0.97450473,0.97184989,0.973114252
901,0.696709829,0.700358571,0.961816455,0.971213412,0.974953514,0.978035647
902,0.620594237,0.612394148,0.964208621,0.970451549,0.971601466,0.974712728
903,0.651548181,0.65148057,0.960578586,0.967909935,0.971908158,0.974850068
904,0.747443855,0.749117256,0.971079695,0.97671323,0.976151976,0.978554553
905,0.670209174,0.67088169,0.965790618,0.972376429,0.97499624,0.975033499
906,0.703600544,0.70814098,0.964101359,0.971316571,0.975520639,0.977284156
907,0.700975116,0.704094135,0.968894365,0.974805419,0.98033308,0.980351994
908,0.701577275,0.702906955,0.963586462,0.971078719,0.978750865,0.977053971
909,0.678428778,0.67781443,0.961802002,0.968898915,0.976223974,0.977311947
910,0.681981481,0.67974704,0.968476888,0.973384462,0.975121338,0.976078625
911,0.659473124,0.65905504,0.966563954,0.973863758,0.974567744,0.981694782
912,0.635153361,0.633706961,0.961756057,0.970747576,0.968212598,0.975952097
913,0.708509472,0.713773615,0.970523207,0.975158488,0.972350576,0.977393218
914,0.699637451,0.696861681,0.960326404,0.969283838,0.974187958,0.974942204
915,0.734526508,0.727119564,0.965745385,0.972525368,0.972959062,0.976603566
916,0.727303495,0.733272832,0.965667329,0.972723039,0.979180658,0.979571708
917,0.70070813,0.701402848,0.969679126,0.975572406,0.978261745,0.979104212
918,0.678210174,0.67473212,0.962071093,0.969705042,0.975068125,0.976477667
919,0.744236359,0.743704316,0.964599288,0.974927936,0.969421639,0.975658474
920,0.718169195,0.725173707,0.96708717,0.97592955,0.974539786,0.978405362
921,0.6789695,0.676874106,0.969740589,0.974728962,0.976267594,0.979136124
922,0.698700617,0.70058717,0.969411404,0.975588634,0.975204064,0.97836552
923,0.675054701,0.675093922,0.966751608,0.975382857,0.972381511,0.977441355
924,0.687959032,0.692378896,0.970675901,0.975772996,0.974190634,0.978515458
925,0.74302488,0.753352129,0.971743825,0.974821484,0.977093391,0.977791716
926,0.732845052,0.729160043,0.966669446,0.973972912,0.972746232,0.97855907
927,0.689905781,0.686095657,0.970954187,0.978812241,0.975089689,0.977897266
928,0.698570553,0.697806943,0.966692911,0.975075579,0.971369742,0.975188823
929,0.707201555,0.711241338,0.9652058,0.973629412,0.979060365,0.980846905
930,0.687572316,0.682952505,0.965457037,0.970638488,0.972386873,0.974237202
931,0.695382291,0.694294888,0.963058951,0.971887713,0.971427003,0.977374972
932,0.688949977,0.690957525,0.972776596,0.976691007,0.973636058,0.978315484
933,0.712389247,0.708446402,0.968660277,0.974951639,0.978259386,0.981740429
934,0.729969585,0.729486704,0.967592943,0.972518802,0.971722734,0.974942113
935,0.660639786,0.663092494,0.966413651,0.970534149,0.96870402,0.977515342
936,0.705824031,0.698923969,0.969892777,0.975253817,0.976604667,0.978880991
937,0.689325355,0.693193689,0.965998518,0.972528983,0.976074262,0.978088864
938,0.700684421,0.701839298,0.964205429,0.969297443,0.970987327,0.975860996
939,0.717129722,0.723350464,0.974715971,0.978327572,0.980122907,0.98075868
940,0.680694941,0.683918431,0.963845277,0.971821137,0.969121191,0.975369082
941,0.661438484,0.665834456,0.965326555,0.970862601,0.974239758,0.97677036
942,0.684431441,0.682545388,0.968387487,0.974139395,0.976068309,0.982537185
943,0.69639015,0.689941814,0.965814223,0.972800945,0.97327481,0.975001953
944,0.671632478,0.672392885,0.968222875,0.974791113,0.976909372,0.978397572
945,0.726565768,0.731394754,0.967952131,0.975632338,0.976688137,0.979151984
946,0.747122263,0.749384329,0.973708069,0.976856288,0.979634431,0.979508296
947,0.705389143,0.705945723,0.969681935,0.973041836,0.970611002,0.976919873
948,0.674468788,0.676262011,0.967991611,0.973786821,0.975001794,0.979788661
949,0.713976148,0.709313394,0.967524935,0.974398301,0.971446962,0.97560059
950,0.711350323,0.708574943,0.964502423,0.972930069,0.975502701,0.977604066
951,0.707297002,0.713151877,0.964070907,0.973032074,0.977727087,0.978008799
952,0.739417427,0.741833461,0.97121083,0.975946306,0.975390607,0.979446652
953,0.697686273,0.699103792,0.965794127,0.972331585,0.977246663,0.977794744
954,0.665810985,0.670297646,0.965134149,0.971669642,0.980151164,0.979969651
955,0.70988318,0.705726014,0.968845756,0.974752136,0.973817695,0.975369723
956,0.693783336,0.697994395,0.966521416,0.973552477,0.976917281,0.977782803
957,0.706606917,0.706044303,0.970276526,0.976753204,0.976318751,0.980822755
958,0.67784905,0.673351363,0.957286528,0.968070501,0.974738011,0.979047571
959,0.646406936,0.652349057,0.958287313,0.96968919,0.970954571,0.975879456
960,0.693871297,0.691751234,0.965952252,0.971500712,0.973233539,0.973785073
961,0.732090306,0.732551912,0.968499656,0.973986423,0.969863351,0.976740197
962,0.712902556,0.712858525,0.968239382,0.975032225,0.972116266,0.979185136
963,0.717679806,0.720037025,0.966612851,0.973626811,0.970907869,0.977832279
964,0.694172022,0.693922444,0.965662041,0.971586885,0.969015572,0.976225305
965,0.697224841,0.694330099,0.966294646,0.972251783,0.973664623,0.978340345
966,0.694930134,0.695576182,0.964966087,0.970051443,0.97752652,0.978340064
967,0.672464779,0.673170573,0.962976601,0.969945512,0.968231004,0.975755166
968,0.673997109,0.673413794,0.964545459,0.973163023,0.973772555,0.975987932
969,0.720980091,0.719683011,0.968749845,0.976021174,0.974227883,0.976954039
970,0.711104004,0.713049617,0.967618309,0.974608777,0.975118503,0.975646812
971,0.723978646,0.723345539,0.974203832,0.9794027,0.977198635,0.98003591
972,0.668039915,0.667872469,0.963527669,0.969540785,0.973740662,0.976780641
973,0.698970795,0.701915279,0.966854818,0.972193157,0.973886916,0.975010655
974,0.674235014,0.671867806,0.966497921,0.973200704,0.975678303,0.978759298
975,0.682559066,0.678888618,0.965444071,0.972863618,0.970381904,0.97817314
976,0.684819725,0.689014524,0.965605644,0.97232225,0.978298316,0.978452286
977,0.69016819,0.690098261,0.962758943,0.96811314,0.975730135,0.978848614
978,0.685207141,0.679950818,0.960616449,0.971164937,0.968787725,0.973006356
979,0.704558733,0.703404837,0.968259608,0.974405507,0.979080558,0.979784583
980,0.69538958,0.696764767,0.966898055,0.972756422,0.976176414,0.979244791
981,0.688674612,0.687979346,0.966769845,0.974870097,0.977406656,0.979914794
982,0.715098512,0.716608523,0.97180996,0.977299343,0.976536145,0.979735009
983,0.699131882,0.702409899,0.970520896,0.974451739,0.972974112,0.977674283
984,0.684366796,0.679206002,0.967754664,0.972518485,0.975118352,0.977792117
985,0.659550577,0.657918237,0.966616411,0.972087172,0.973590546,0.97699044
986,0.708130937,0.708002957,0.968681666,0.976488957,0.973901351,0.97792693
987,0.717856696,0.716631385,0.967150025,0.974074338,0.976835007,0.979038863
988,0.719831241,0.719243626,0.970099568,0.977661713,0.974719544,0.979874751
989,0.695615306,0.695727418,0.970106873,0.976954414,0.9757432,0.977622888
990,0.728202721,0.732342325,0.967007846,0.974743843,0.973957991,0.977631616
991,0.71196762,0.711668468,0.964338836,0.9719532,0.973523221,0.977571035
992,0.718642919,0.719456074,0.964135546,0.971238195,0.974960677,0.97746203
993,0.694378302,0.701670005,0.960675062,0.969416092,0.976153773,0.980193677
994,0.668606149,0.669512903,0.971115569,0.976677219,0.977064764,0.977768934
995,0.710152245,0.71411929,0.970853384,0.975533438,0.973829674,0.978388735
996,0.675693845,0.672162697,0.972266358,0.977211416,0.977562464,0.980876694
997,0.702943468,0.709138347,0.970744212,0.976713402,0.975853966,0.978392871
998,0.682404544,0.678601499,0.965795164,0.970910429,0.976937051,0.978974187
999,0.692482553,0.690158851,0.96655802,0.972619805,0.972451017,0.97525106
1000,0.670352061,0.671595203,0.968463062,0.973730443,0.974400205,0.977447669
