X1,X2,Y,U,V,Beta0,Beta1,Beta2
0.554068249309879,0.351381523459248,1.89897963711396,0,0,2.04109501750938,-0.0987919105103105,-0.113907900053771
0.557969004648933,0.673369734230017,2.25417196147247,1.05263157894737,0,1.90796502150656,0.0884625610191637,0.270216533466979
0.928545438287233,0.805028503133674,3.28160544371668,2.10526315789474,0,2.01555086589711,0.2771245113569,0.752786046218239
0.565284151669823,0.749878177776262,3.76505394250667,3.15789473684211,0,1.96999357967757,0.410587861622521,1.40464919109936
0.445440504298525,0.342146660393311,3.26191458951467,4.21052631578947,0,1.96056284894292,0.51202774029595,1.94016743112376
0.474026238386577,0.662507219614418,4.07816219339408,5.26315789473684,0,2.00133670185459,0.567138177633529,1.90453091585653
0.751719003975237,0.345471774660189,3.60042392694723,6.31578947368421,0,1.97572736594889,0.674871771918156,1.74878054339838
0.383779764399198,0.218481822787878,2.83293650087577,7.36842105263158,0,2.02634711556264,0.791521362977335,1.08649468708949
0.805414218147638,0.536551887857177,3.42341502128072,8.42105263157895,0,2.0556434110016,0.86193584425456,0.457470621030984
0.133885875369889,0.512805531823228,2.12938359110085,9.47368421052632,0,1.90630156529837,0.915377831447432,0.0513252597149801
0.255890161298571,0.511304549823503,2.3123832564813,10.5263157894737,0,1.95963809867509,0.913359520353105,0.00489308178232423
0.28086381982918,0.426194054438988,2.99443529576143,11.5789473684211,0,2.08613912126876,1.37902417197046,0.525380573119787
0.727904069629237,0.632007043612869,4.21645051719748,12.6315789473684,0,1.91520704433432,1.27191866040145,1.10133028634509
0.123174749903476,0.685006905097362,3.81744540080483,13.6842105263158,0,1.9961181640049,1.34307099460651,1.70111914620939
0.120600728056123,0.702596877824187,4.15445764540327,14.7368421052632,0,2.01073422751,1.43671686921918,2.10181551732948
0.874709398462359,0.122603632196202,4.04210972922205,15.7894736842105,0,2.01374702285708,1.45622264796471,1.85695406673583
0.92331541438124,0.465775516408284,4.72232888773717,16.8421052631579,0,1.95234608430249,1.60314475026344,1.30135635565411
0.546795380682821,0.551562071092001,3.86020185454437,17.8947368421053,0,1.99948583623607,1.72984914258695,0.658642867069967
0.289582584216043,0.875233967973266,3.17801384276721,18.9473684210526,0,1.99340361827455,1.79686296271577,0.322997852365384
0.97798065334855,0.699384425482639,4.45534033317907,20,0,2.126149392327,2.08939368635219,0.0167053147145973
0.0116012649603893,0.330120549119898,2.08152586411607,0,1.05263157894737,1.99561355001214,0.0933367329268015,0.17026157540049
0.740833844883854,0.948416933999694,2.82731443966334,1.05263157894737,1.05263157894737,2.0011269498415,0.214356888555805,0.419091251776786
0.720692224363891,0.00458567049294012,2.18590463989103,2.10526315789474,1.05263157894737,1.89810305813601,0.260575147378089,1.00818758149261
0.638351575666377,0.992191146832561,4.39069061697022,3.15789473684211,1.05263157894737,2.02512013472272,0.443083090162172,1.55596588873497
0.629672696903347,0.264556835990776,3.14015855552128,4.21052631578947,1.05263157894737,1.91295561664827,0.473385223121116,2.0208341058111
0.883982208007461,0.273304562052415,3.51986222864488,5.26315789473684,1.05263157894737,1.9522572334893,0.538854940797358,2.17503248265394
0.337899123348012,0.0722491888662813,2.60083957364912,6.31578947368421,1.05263157894737,1.9904150661354,0.796960173349295,1.93080335710164
0.0651517466760463,0.636288797448618,3.28092559726859,7.36842105263158,1.05263157894737,2.03113824544814,0.848346007563847,1.29055407443357
0.417740909750839,0.106285371387773,2.62875521800298,8.42105263157895,1.05263157894737,1.9458873008928,0.93499228672795,0.654649989390987
0.797703943259587,0.0651548602758049,3.06345400596878,9.47368421052632,1.05263157894737,1.93164937955214,0.984341500865578,0.112442631818245
0.492087808332913,0.93339344831101,3.44054541558893,10.5263157894737,1.05263157894737,2.01624263711191,1.18538103783667,0.414591489078496
0.509455791978403,0.864127555979612,3.80543588225936,11.5789473684211,1.05263157894737,1.99582582557626,1.26768719582199,0.69371016432393
0.179703944989195,0.708525793563736,3.67718745616466,12.6315789473684,1.05263157894737,2.10539855737346,1.30924152800902,1.21889205039429
0.589432568649497,0.170078102803529,3.79267406697093,13.6842105263158,1.05263157894737,2.0474156235229,1.54545185336727,1.84193704972783
0.556520998151921,0.272523480464818,4.17737880311481,14.7368421052632,1.05263157894737,2.00435329063276,1.65623693041971,2.2196215511964
0.696108230894639,0.600715595348525,5.11501415678963,15.7894736842105,1.05263157894737,1.85185387627768,1.68351616510703,2.11052321244376
0.140167195708236,0.522165911142768,3.52455968751031,16.8421052631579,1.05263157894737,1.99959296175235,1.77426710792945,1.55299811618502
0.982541786755222,0.876692690525081,5.3891565254114,17.8947368421053,1.05263157894737,2.00441930704295,1.9092662041768,0.9501111435049
0.0579715605720005,0.291453952031068,2.400860396768,18.9473684210526,1.05263157894737,2.04340023926304,1.97555756468297,0.425674519468992
0.0559468053727059,0.28155857286746,2.31746282088891,20,1.05263157894737,2.00988607424523,2.04841056658774,0.321909565543928
0.522242642481164,0.802908758621196,3.19480184248762,0,2.10526315789474,2.13080253720725,0.136331559525213,0.823568418903222
0.501651160595155,0.473392483078512,2.86860280325633,1.05263157894737,2.10526315789474,1.97231952193234,0.311177197411654,0.948762186140068
0.442381777334955,0.316187792851588,3.00234218353492,2.10526315789474,2.10526315789474,2.00310860573089,0.376338330946255,1.61575878042346
0.528862543743781,0.0163523174105995,2.44121635824456,3.15789473684211,2.10526315789474,2.03241315962977,0.451125755071653,2.14531466272163
0.448103242684812,0.597940712798994,4.45007915111814,4.21052631578947,2.10526315789474,2.03933555711743,0.697688634237597,2.58469376791015
0.607327887794428,0.575213194774542,4.68218008364745,5.26315789473684,2.10526315789474,2.02563298986199,0.762127595877457,2.74509682835596
0.715175124490398,0.401608664101189,4.10566196295176,6.31578947368421,2.10526315789474,1.92199229291427,0.809912979990639,2.38955372130903
0.548275275993806,0.353229845077108,3.59057927887195,7.36842105263158,2.10526315789474,1.96128175015938,0.84794211403947,1.84470837155179
0.0109765169958793,0.999793855013861,3.67912068017561,8.42105263157895,2.10526315789474,2.05012929913399,1.16638597376076,1.19897217852405
0.258591766029195,0.191669857434904,2.69908859103528,9.47368421052632,2.10526315789474,2.02612952771095,1.17620878441914,0.767305551504254
0.971559779423178,0.1063152121347,3.58724788008449,10.5263157894737,2.10526315789474,1.86575568413806,1.20302714480681,0.90310441937686
0.689047814800757,0.447850364794315,4.13120398923678,11.5789473684211,2.10526315789474,2.04949888651727,1.33523723973297,1.20660179203892
0.441972304185805,0.355598117882005,4.01426497564388,12.6315789473684,2.10526315789474,2.06509277238237,1.47604918746771,1.95747758375088
0.946934591076733,0.430922522916568,5.45012018713817,13.6842105263158,2.10526315789474,2.0463191594616,1.63359664848326,2.46157275371295
0.0592867336915854,0.772151107096472,4.46442743912238,14.7368421052632,2.10526315789474,1.96151270531718,1.76913712556357,2.72036393235136
0.0642117976326572,0.145745546233486,2.75357397193791,15.7894736842105,2.10526315789474,2.01189517542426,1.83279110398585,2.61730557457466
0.597418901628971,0.544205512756099,5.10548655664079,16.8421052631579,2.10526315789474,1.93935669999307,1.89262151883182,2.23824078177088
0.303061806234523,0.50304049262418,3.9598077651249,17.8947368421053,2.10526315789474,1.98939134801956,1.98847660802257,1.51805943196099
0.855097181456307,0.387322243553968,4.700828844573,18.9473684210526,2.10526315789474,1.96030654104623,2.13518989673516,0.998454189253206
0.307843559867474,0.25283393865145,3.19775670620372,20,2.10526315789474,1.95723074561945,2.20239680133923,0.689362232373896
0.0369756257094958,0.0656700540079085,2.26036168258741,0,3.15789473684211,2.11012502243497,0.33750031561883,1.33599531311559
0.751015972012038,0.913658670531066,4.01243772994354,1.05263157894737,3.15789473684211,1.88892741119561,0.331442638689824,1.46342631894857
0.981996605353859,0.910068260604652,5.09919997249919,2.10526315789474,3.15789473684211,2.03282571285805,0.531986331955032,2.22462253714933
0.377751316728907,0.504217331978697,4.0397585643396,3.15789473684211,3.15789473684211,1.8937574107534,0.612487055919964,2.75040966608046
0.516848408164002,0.362421633888749,4.16653027490677,4.21052631578947,3.15789473684211,1.95076558055978,0.839729679434191,3.2178773767809
0.940582741810672,0.198270559305499,4.17036040940259,5.26315789473684,3.15789473684211,2.04074464664735,0.845459479594267,3.4804781372638
0.0183167812305829,0.806614744079953,4.46548275792701,6.31578947368421,3.15789473684211,1.90978574513023,1.03612769163612,3.04833658975317
0.708790538131876,0.737071174384554,5.25782854028045,7.36842105263158,3.15789473684211,1.97195729201954,1.06257276001959,2.55265946539522
0.985153790310642,0.125968551727617,3.95998432784175,8.42105263157895,3.15789473684211,2.04984962906165,1.17249817110586,1.84736040720669
0.0436523228576792,0.291656056042157,2.61906245917768,9.47368421052632,3.15789473684211,1.92507070161454,1.18316042503964,1.42963861605189
0.58914431087146,0.431293306722105,3.96094267386851,10.5263157894737,3.15789473684211,1.91853111756034,1.40845726414182,1.37533246649549
0.956652737106857,0.707166711145252,5.59040905164502,11.5789473684211,3.15789473684211,2.05294952817851,1.40731969930031,1.92569341004538
0.530675555021391,0.871187518091966,5.58226655235554,12.6315789473684,3.15789473684211,2.08723154158811,1.5351786754352,2.39285175997685
0.332860566718936,0.181628063661339,3.68513386143891,13.6842105263158,3.15789473684211,1.98960562611487,1.7739634737417,3.14661121850217
0.492004693231353,0.606606274517482,5.53579496295636,14.7368421052632,3.15789473684211,2.01340244588684,1.75749432465634,3.33868701167557
0.0594897442793629,0.699279933692226,4.61732637309204,15.7894736842105,3.15789473684211,1.98680691157431,1.86860609076094,3.32011938672502
0.434606180858508,0.481331102523827,5.07254345315511,16.8421052631579,3.15789473684211,2.10941625960291,1.95557412294867,2.7942888584422
0.0971149892853332,0.309297742872613,3.37896075112228,17.8947368421053,3.15789473684211,2.11181063787644,2.13520374656995,2.1378420053912
0.887380470863077,0.577176880075798,5.52055450551558,18.9473684210526,3.15789473684211,1.98440605372726,2.33398479298397,1.47868043282576
0.876176367435818,0.50519036193249,5.35619979619923,20,3.15789473684211,2.12732160408134,2.23576692498217,1.32823550737379
0.0845238546191918,0.951112430698998,4.00138643737932,0,4.21052631578947,1.90265966022132,0.377121667359391,1.75776173316836
0.702256863711693,0.829105201213034,4.53804951749356,1.05263157894737,4.21052631578947,1.9534445743045,0.442215940583298,2.12796445937726
0.41691937238846,0.537036520917326,4.16128730646151,2.10526315789474,4.21052631578947,2.01669251863403,0.519045387065542,2.62288395692323
0.286708281418427,0.945157562246044,5.0100147323191,3.15789473684211,4.21052631578947,1.91748463328262,0.800072175405335,3.31720929207832
0.603992703012451,0.425620347970242,4.76676804858815,4.21052631578947,4.21052631578947,2.02993781548286,0.823898291476914,3.79670491463777
0.366175033830229,0.643766989724951,5.02733327722242,5.26315789473684,4.21052631578947,2.03158390693986,0.845042883277387,3.84833778461523
0.489204115310909,0.0484471342972881,2.96115113035132,6.31578947368421,4.21052631578947,1.93420457278683,1.06768252914733,3.59805934972834
0.922993385572038,0.814544294287431,5.92004560226501,7.36842105263158,4.21052631578947,1.99545347667951,1.10285552643446,2.99059946906287
0.752886279534424,0.432366134581724,4.75716546635787,8.42105263157895,4.21052631578947,2.06045566471663,1.23191424472995,2.33439301063627
0.00825906649632357,0.431993672551466,3.24439076113901,9.47368421052632,4.21052631578947,2.03553806609425,1.33608584055264,1.94723845004197
0.108351528130045,0.252104092668854,2.87814281494784,10.5263157894737,4.21052631578947,1.90115962399864,1.4717040586878,1.99327133461941
0.295259625164778,0.0454518397942962,2.84595684198026,11.5789473684211,4.21052631578947,2.02691526857321,1.52490024479504,2.27346096110467
0.439820702091344,0.0980518679299021,3.56099082123234,12.6315789473684,4.21052631578947,2.05726744804177,1.69062820775752,2.99294056481354
0.959779969403556,0.161933033098095,4.78655640275379,13.6842105263158,4.21052631578947,1.81527271573445,1.85973122778974,3.52387800298347
0.95785156332759,0.107907384826554,4.78749902810837,14.7368421052632,4.21052631578947,1.96642959998169,1.99002493409034,3.74179289126435
0.919997592283857,0.142019240524243,4.96587539735293,15.7894736842105,4.21052631578947,2.03372608440124,1.98115143546614,3.68134016429075
0.980614002119455,0.0610199974334307,4.69109440278172,16.8421052631579,4.21052631578947,2.01607536094773,2.17928589919956,3.38035036302777
0.899027852178124,0.120744195074902,4.80195228590553,17.8947368421053,4.21052631578947,2.00291271660606,2.28759728306333,2.66954218053218
0.217158691796305,0.814652807037412,4.8817172547069,18.9473684210526,4.21052631578947,2.01106511618656,2.44531128576853,2.11698030473513
0.190764376787658,0.68417017174531,4.36394565698433,20,4.21052631578947,1.9640329987593,2.41321188047147,1.90926569037056
0.336345818264275,0.322636352463202,3.25850402803625,0,5.26315789473684,2.08792734178329,0.604288636052075,1.84345478055847
0.750801736323773,0.149362395034075,3.11188236464379,1.05263157894737,5.26315789473684,1.94842669670157,0.591911432501342,2.28764079537511
0.923335850197554,0.304440159021937,4.20191452967644,2.10526315789474,5.26315789473684,1.95660596626016,0.799736414223731,2.74516105662781
0.12953424088845,0.422719220692579,3.95778548117293,3.15789473684211,5.26315789473684,1.94786853602737,0.900159801273488,3.36721495070487
0.545346209661554,0.863048462658571,5.49554969732985,4.21052631578947,5.26315789473684,1.9624741372116,0.918253969847653,3.88519298717956
0.247350268240662,0.102656785810168,3.08889247784834,5.26315789473684,5.26315789473684,2.07379953420556,1.0939342294656,4.02875116598815
0.933844251160402,0.448249979137131,5.43155267830945,6.31578947368421,5.26315789473684,1.95352878099667,1.12228636277968,3.68727878661919
0.909511172174237,0.50828444626933,5.54442835046972,7.36842105263158,5.26315789473684,2.08070932008353,1.2136070341576,3.06865059741837
0.856755142067337,0.598154537603107,5.46872462647929,8.42105263157895,5.26315789473684,1.95312680430019,1.43804464640248,2.44327669643848
0.215766349559832,0.644076193600614,4.07121134213873,9.47368421052632,5.26315789473684,1.90212791486078,1.52705626042642,1.9639958042547
0.305004618418492,0.942008138729376,4.94915772565155,10.5263157894737,5.26315789473684,1.98493390293951,1.62694739224792,2.04131280748483
0.949449195461474,0.516445665243519,5.77997612035913,11.5789473684211,5.26315789473684,2.10331366172913,1.62758075814121,2.54850035604052
0.619391662739755,0.322482557859207,4.83103774638993,12.6315789473684,5.26315789473684,1.99450583104106,1.7234660099536,3.06281140773769
0.452955423761618,0.027638138374186,3.34527964700635,13.6842105263158,5.26315789473684,2.01798106008132,1.83201475388945,3.6066047963687
0.933005833002552,0.612864881037855,6.93640829338744,14.7368421052632,5.26315789473684,2.12272844615702,2.11454680905954,4.08427287923741
0.387739305206553,0.646025333708431,5.64049047535027,15.7894736842105,5.26315789473684,1.97602844090432,2.08643921171267,3.75651394659094
0.816515206228978,0.561290119245175,6.37539227007121,16.8421052631579,5.26315789473684,2.02671795348196,2.13105612763047,3.45202616868152
0.217176510791136,0.822022452384599,5.22780584494178,17.8947368421053,5.26315789473684,2.06354126333554,2.35233366678949,2.70528108533693
0.647422025306409,0.594721959432018,5.70895068622071,18.9473684210526,5.26315789473684,2.00656477073956,2.44183028117046,2.20492117167267
0.333750873895481,0.206180840880722,3.91429142308129,20,5.26315789473684,2.0939537739802,2.58634929263537,1.96779534856335
0.0572935772407045,0.235306222853537,2.69901990828617,0,6.31578947368421,2.06244050928725,0.523786140188819,1.69826891216276
0.641386609008337,0.580884380147091,4.24565727700289,1.05263157894737,6.31578947368421,2.03748225462826,0.72805011389991,1.92230910888416
0.495642423199284,0.134564301845609,3.15627531244627,2.10526315789474,6.31578947368421,2.01092799888738,0.898029143784135,2.44191302497208
0.868860775075959,0.88688975964922,5.89219628387372,3.15789473684211,6.31578947368421,2.03981209254686,0.983930039467241,3.11189327518009
0.990708575767707,0.0631582467762344,3.66742324461999,4.21052631578947,6.31578947368421,1.9768625009115,0.988943001596115,3.47827715669167
0.537981485192577,0.468782892922532,5.02293107297152,5.26315789473684,6.31578947368421,1.99543140344519,1.20354990513252,3.66924767481708
0.486973818850875,0.786452405023874,5.57342450283847,6.31578947368421,6.31578947368421,2.02167576850046,1.30831674794452,3.45113994793425
0.876856357905569,0.430389256337612,5.21336342673287,7.36842105263158,6.31578947368421,2.04575571517639,1.36753636312913,2.67267653034428
0.78820955292289,0.132460742855151,3.93407305111353,8.42105263157895,6.31578947368421,1.93089980354415,1.46753794788745,2.22413942195374
0.120934291843196,0.825121352762474,4.17302215070294,9.47368421052632,6.31578947368421,2.07154819415901,1.5823746168518,1.69952037699701
0.657282064822695,0.375541474929152,4.58085015736399,10.5263157894737,6.31578947368421,2.0705253615284,1.67586500797305,1.85984045918236
0.774788674291853,0.153482108906602,4.29550922760673,11.5789473684211,6.31578947368421,1.96581382240864,1.85709664514351,2.10313467396015
0.635235645516319,0.343540217276813,4.93929768693623,12.6315789473684,6.31578947368421,2.02964977551791,1.84018757319949,2.77793543313148
0.370005290761116,0.0341603282191516,3.30385999466456,13.6842105263158,6.31578947368421,2.09814553553263,1.95183918255388,3.2660151067616
0.780882417282084,0.512970351318951,6.14850832819291,14.7368421052632,6.31578947368421,1.95490780592663,2.03073716391767,3.68712934013752
0.243308465809109,0.457064897136593,4.75634847849747,15.7894736842105,6.31578947368421,2.00631023765402,2.10762284819638,3.51405738750143
0.499215122381962,0.648739080336338,5.8573774044128,16.8421052631579,6.31578947368421,2.02139049109634,2.30659554760918,3.06465748266591
0.906295295551408,0.467229056121764,5.82305450197696,17.8947368421053,6.31578947368421,1.92019238547779,2.35677932235193,2.42188687793682
0.738771275981567,0.438986514572097,5.29065761099485,18.9473684210526,6.31578947368421,1.98278649029364,2.42290063072856,1.86957021529179
0.686400885140126,0.910063771901785,5.99234235495627,20,6.31578947368421,1.86883677863121,2.6751467669868,1.701928498912
0.433591331810564,0.52496434875849,3.2910113236411,0,7.36842105263158,1.95076183025833,0.73885606249844,1.12884737864976
0.0310599049195278,0.812786786778082,3.55539516440392,1.05263157894737,7.36842105263158,2.05497666256598,0.763238117751024,1.31352672065756
0.899068676704931,0.814173698969103,5.06542686443496,2.10526315789474,7.36842105263158,1.92990316250839,1.0396288231306,1.73800938188315
0.771162003529741,0.101099786579308,3.5537268219694,3.15789473684211,7.36842105263158,2.06342116880051,1.01667244525129,2.45922610772034
0.696925020542807,0.669116939197919,5.26175224689641,4.21052631578947,7.36842105263158,1.90203653954993,1.11294740940478,2.91108564128059
0.764477962807907,0.164759946918898,4.15691147377175,5.26315789473684,7.36842105263158,1.97881557397995,1.35234813273122,3.1096504615531
0.069104712433757,0.483829271598666,3.82486500522942,6.31578947368421,7.36842105263158,1.88503069997137,1.4256575265483,2.84844768737608
0.774597769791277,0.776973340118578,5.51385180572372,7.36842105263158,7.36842105263158,1.93177653421686,1.48078611804018,2.11560911514889
0.397141618636964,0.528017556846271,3.84478679612874,8.42105263157895,7.36842105263158,1.9141822506082,1.49963080532912,1.4025979467746
0.406955830441374,0.2607587803854,3.46330878421946,9.47368421052632,7.36842105263158,2.07302506790987,1.69333548661175,1.01750483275625
0.388876438593417,0.608723511569429,4.03215028181558,10.5263157894737,7.36842105263158,2.06685190653758,1.74562433257421,1.11954359498167
0.709641377504028,0.0615448716928038,3.83601444046638,11.5789473684211,7.36842105263158,1.98959527079492,1.80946931847946,1.59973541147758
0.0478107955076664,0.310246223169205,3.08327790802663,12.6315789473684,7.36842105263158,1.9609460197405,1.94030687571109,2.19384878565086
0.814851347546121,0.291788087996971,5.17140154376459,13.6842105263158,7.36842105263158,1.924172608218,2.16669713246186,2.69901809399696
0.356106826114361,0.250472534335413,4.1520836610774,14.7368421052632,7.36842105263158,2.00081556306465,2.08761674769672,3.02413476868545
0.783293800737078,0.983127937195526,6.85526901868766,15.7894736842105,7.36842105263158,1.95542295822396,2.39481883117079,2.98447630905469
0.463426362999978,0.490305618204287,4.99699552400911,16.8421052631579,7.36842105263158,1.95236197846634,2.29566560034977,2.396029378732
0.158701101974742,0.144440530669099,2.94128647098095,17.8947368421053,7.36842105263158,1.94245289314039,2.53628275313823,1.87177964073635
0.717909646448578,0.134807394265749,4.44751618497622,18.9473684210526,7.36842105263158,1.97730255949331,2.61147746298834,1.32955855626632
0.231889442877174,0.0750741662054608,3.07937528670867,20,7.36842105263158,2.02979284452648,2.79196184948219,0.986148285752165
0.232452418006775,0.937699346158825,2.8462478020687,0,8.42105263157895,1.94560818586527,0.983067011236428,0.40238151787697
0.419002864320838,0.890584519864393,3.19747907656726,1.05263157894737,8.42105263157895,1.91906992685425,0.886137369126213,0.555876564935326
0.4018644155998,0.426987481760041,3.40748902778825,2.10526315789474,8.42105263157895,1.94782484796402,1.09964420729793,1.2924177528265
0.252625292463011,0.53360824158284,3.78625360900979,3.15789473684211,8.42105263157895,2.00045742064647,1.12032193776931,1.83879815023034
0.0491587572622492,0.734384537315243,4.07677675736376,4.21052631578947,8.42105263157895,1.93619402708642,1.20450194762565,2.27799335915091
0.028687694857856,0.724225498638276,4.3252299814294,5.26315789473684,8.42105263157895,2.13036414261735,1.35408052719468,2.46232055338641
0.918740295857282,0.723042906630455,5.64046488658148,6.31578947368421,8.42105263157895,1.944688065493,1.42933951062138,2.172663876249
0.483975057178844,0.555011020312686,4.13883739279099,7.36842105263158,8.42105263157895,1.9340936878786,1.50188318812758,1.46983237623759
0.0152241416999221,0.463344343594759,2.59000991287218,8.42105263157895,8.42105263157895,1.95184685259232,1.66286128986255,0.875370973844335
0.0328174058331175,0.666207609949909,2.55504350349124,9.47368421052632,8.42105263157895,2.01503041362255,1.66007163804226,0.462249056724257
0.691870104197739,0.289049665675496,3.9776324344612,10.5263157894737,8.42105263157895,2.02378157830442,1.88002491174084,0.550315448662151
0.653977645985362,0.0949360588048348,3.90561583218255,11.5789473684211,8.42105263157895,2.05140677295451,1.98176089002931,1.00646148743158
0.013248074966883,0.301037795288049,2.65440881985673,12.6315789473684,8.42105263157895,1.96521185432451,2.11436558620228,1.45610160421435
0.673550757704524,0.162638594738808,4.48039848177214,13.6842105263158,8.42105263157895,2.06704602675913,2.22054612667039,2.11863232969512
0.935386928116382,0.604846745039209,6.22590923857969,14.7368421052632,8.42105263157895,1.96099305683995,2.27767311558984,2.47345585075532
0.229077487774412,0.983827731859357,5.29576494111348,15.7894736842105,8.42105263157895,2.00984897977366,2.44211612588222,2.36829821472429
0.464350927437457,0.711827323006902,5.40104114147265,16.8421052631579,8.42105263157895,2.06313998600166,2.53488427148603,1.87740397510311
0.368105826527059,0.61591264229118,4.23621416631441,17.8947368421053,8.42105263157895,1.98385429917852,2.58318845804093,1.03441589429658
0.425487025921955,0.540396761793978,4.12879969060168,18.9473684210526,8.42105263157895,2.05103191106935,2.85384124169209,0.561190426675294
0.563204078681751,0.12332216880156,4.05043120223802,20,8.42105263157895,2.02091846932165,2.75490156264234,0.425373530814882
0.743644635496196,0.0866001314762553,2.97157217540183,0,9.47368421052632,1.9793657244577,0.898917606319545,0.19428061157061
0.895164973188736,0.281176322422304,3.31792879358113,1.05263157894737,9.47368421052632,1.95989111794153,1.02880325059532,0.157994551309484
0.369527647448116,0.382765783574542,2.85883099468092,2.10526315789474,9.47368421052632,1.77942080727008,1.13520585217056,0.806205116771229
0.181466403418331,0.298062545275689,3.03996213765962,3.15789473684211,9.47368421052632,2.0695889293863,1.19437713350831,1.46910733179626
0.235320471443921,0.760616623646535,4.2961552804907,4.21052631578947,9.47368421052632,2.00963856158726,1.35942997396103,1.83731637162358
0.321890940346597,0.505442606107035,3.94814136439976,5.26315789473684,9.47368421052632,1.89723713462513,1.36168193858489,2.00776459806494
0.585777983432311,0.112054974530057,3.63275587199883,6.31578947368421,9.47368421052632,2.00167354249608,1.62380380404832,1.80859875233708
0.333611909763922,0.168264947619652,3.17377596077469,7.36842105263158,9.47368421052632,2.08267909102885,1.6782341267103,1.08282939556513
0.979504529862433,0.714975054520307,4.65925722733394,8.42105263157895,9.47368421052632,1.94104489905742,1.92247212980403,0.480618118301512
0.163516958996793,0.814259033532953,2.64294511232795,9.47368421052632,9.47368421052632,2.00804516571523,2.03958563839845,0.114071504139249
0.808995824115118,0.629552107816708,3.96602290647101,10.5263157894737,9.47368421052632,1.93602300072619,1.9537626346922,0.0574811030512495
0.0699535264901623,0.679218957536834,2.63690294606256,11.5789473684211,9.47368421052632,1.97647588438439,2.07924415201673,0.437649549431043
0.185759224064826,0.52943693903231,3.48159531386319,12.6315789473684,9.47368421052632,1.92086435365988,2.24623533833979,1.23010206073638
0.559517476507375,0.977895284055329,5.77411936964637,13.6842105263158,9.47368421052632,1.9429234564637,2.34250360254685,1.7811042984483
0.139019619327707,0.223104766983011,3.11010966613784,14.7368421052632,9.47368421052632,1.96869954050929,2.38564604795863,1.96868431944218
0.772400463784598,0.677398885368308,6.07686563503554,15.7894736842105,9.47368421052632,2.08989111168459,2.54556441507991,1.93193449072118
0.883750019485726,0.409079807233321,5.31549795348586,16.8421052631579,9.47368421052632,1.92825364298667,2.74946078464645,1.46467740400378
0.00413117537349461,0.34801364887149,2.44687333344538,17.8947368421053,9.47368421052632,2.02055214057384,2.77229547865455,0.788680661833411
0.619733036113407,0.186330435734301,4.1487120178419,18.9473684210526,9.47368421052632,2.02237974014974,2.75400256364834,0.171213944006094
0.482311060733797,0.470977818163946,3.85018688856481,20,9.47368421052632,1.93319520213728,2.99532211503599,0.0876662571611551
0.375224715702288,0.575502539517789,2.60960229408914,0,10.5263157894737,1.94436995444377,1.12145645786117,0.0500315582129313
0.64449638672143,0.546759510747836,3.10032929044263,1.05263157894737,10.5263157894737,1.8961191428479,1.12018760524224,0.202591335980851
0.194705623289838,0.368060235751209,2.76000243348514,2.10526315789474,10.5263157894737,1.9567253186002,1.30716006535979,0.772348174123431
0.374082608180919,0.923923522057302,4.58897096915066,3.15789473684211,10.5263157894737,2.05226136990975,1.33221480428519,1.50526199039181
0.922851183363209,0.176213531230054,4.27593546115538,4.21052631578947,10.5263157894737,1.97672466333802,1.48084135454944,1.98048327857283
0.686209104952938,0.097847775937854,3.83828829426823,5.26315789473684,10.5263157894737,1.99578451777435,1.65095737201838,2.08016415943996
0.796133531921057,0.261791644384303,4.46110759526507,6.31578947368421,10.5263157894737,1.96376522600673,1.71924346446209,1.85453238193731
0.166162869190817,0.863361917460426,3.8163032316377,7.36842105263158,10.5263157894737,1.97093633779161,1.74746793383972,1.1844222643127
0.243470976273572,0.0996594260794125,2.79856836549728,8.42105263157895,10.5263157894737,2.01632421269826,1.90269086637575,0.666077815770747
0.137543270826819,0.311661955800987,2.44482578161477,9.47368421052632,10.5263157894737,1.99490073766372,1.96765978828132,0.0993192725547156
0.160460966315858,0.778910836000914,2.51679286624153,10.5263157894737,10.5263157894737,1.92822336869052,2.13511937477043,0.0681735215840754
0.671554246300926,0.394199838199932,4.11398505199165,11.5789473684211,10.5263157894737,1.90075084447408,2.26283401641494,0.492566509151865
0.536738451434807,0.69758795046479,4.87719224629531,12.6315789473684,10.5263157894737,2.08017846285045,2.40722464896195,1.09159006430024
0.16367352026631,0.0423296412898911,2.58464861767164,13.6842105263158,10.5263157894737,1.89224956740203,2.40554484140689,1.7225812680827
0.861901312330974,0.893407949700867,6.2838600974802,14.7368421052632,10.5263157894737,1.86614492395764,2.46146570963488,1.88384232858533
0.350978097709021,0.0420075315754443,3.39066990808216,15.7894736842105,10.5263157894737,1.96728501837003,2.65288281779066,1.89891861595556
0.451325439107134,0.598232871163496,4.89770302080548,16.8421052631579,10.5263157894737,2.07116447052403,2.60747159998281,1.4701304007315
0.240175730258616,0.921697484270629,4.33796404874883,17.8947368421053,10.5263157894737,2.19165574464988,2.85004218222952,0.883214677657835
0.368600155711273,0.0651324485520044,3.48996252342148,18.9473684210526,10.5263157894737,1.92836580052964,3.02401218878083,0.446559656924778
0.916775828034289,0.560620200412244,4.6806450784449,20,10.5263157894737,1.97482096531762,3.01794593804884,0.0721916022455529
0.95186200445816,0.987595407081135,4.20525680363079,0,11.5789473684211,2.06199205483194,1.15150805228702,0.443094279261312
0.268675235222611,0.59713511151107,2.98967763329035,1.05263157894737,11.5789473684211,1.94952731421335,1.14543458188105,0.658266154736562
0.657620232669869,0.46227921242449,3.84774730309103,2.10526315789474,11.5789473684211,1.8282146379118,1.33325670553164,1.15532623066356
0.615926571913703,0.379163736039194,4.15563571145737,3.15789473684211,11.5789473684211,1.89449228321087,1.46919685422271,1.80713446225512
0.958572874829296,0.298073060760268,5.02988578499586,4.21052631578947,11.5789473684211,2.06585842063291,1.60225851052327,2.39318044006188
0.543612628888578,0.98058161738769,5.86759186036556,5.26315789473684,11.5789473684211,2.09488874602865,1.61959036490896,2.51694083813738
0.989300245856721,0.785512518881403,6.21226747097551,6.31578947368421,11.5789473684211,1.93678240080112,1.86621673198136,2.19723923953764
0.267324772078922,0.955544710323329,4.58889267297264,7.36842105263158,11.5789473684211,1.98321480643706,1.82170990155218,1.55100677770759
0.701105815957265,0.880421182636422,5.00344973984442,8.42105263157895,11.5789473684211,1.96430275070391,2.0206316589029,0.971628876240936
0.0182461825298482,0.757429490610848,2.71793159417015,9.47368421052632,11.5789473684211,2.04470710552871,2.09483422403064,0.549908964272388
0.197424801509231,0.0322602327027348,2.75706631088976,10.5263157894737,11.5789473684211,2.0791945038396,2.25671589915611,0.421864021893775
0.728658727981203,0.0751813680118246,4.19239472908354,11.5789473684211,11.5789473684211,2.02158367388025,2.36030012056749,0.728655488252517
0.173896379376359,0.769796233943368,4.16382388251178,12.6315789473684,11.5789473684211,1.96680678123214,2.41825972597732,1.51568378948737
0.175252415973892,0.454228909077351,4.01164250631614,13.6842105263158,11.5789473684211,1.99732818810765,2.56731174843599,2.13523906780405
0.436081995893196,0.858713448177896,5.99934405454508,14.7368421052632,11.5789473684211,2.02021391711743,2.82422548911337,2.42396215271998
0.752017074595835,0.786244786607914,6.42696522995102,15.7894736842105,11.5789473684211,1.97934991338764,2.78407948844096,2.21600979213813
0.877021046502616,0.510493553005463,5.89705139544103,16.8421052631579,11.5789473684211,2.02328868344604,2.85206400747305,1.8636491867894
0.864375521409847,0.824725780486257,6.09253390305237,17.8947368421053,11.5789473684211,2.09366016723251,3.02442730582894,1.235118572873
0.789863500041997,0.723134936260791,5.40621845686342,18.9473684210526,11.5789473684211,2.08235941985163,3.15548076259256,0.73817656939646
0.821805284228624,0.47905369855671,5.07081391205112,20,11.5789473684211,2.17590377927443,3.02530138949167,0.497617120201124
0.123787106655998,0.809065256906638,3.53161523998025,0,12.6315789473684,2.0562257768595,1.187943276908,1.10189911999433
0.249811525523286,0.958391794159968,4.1915281267343,1.05263157894737,12.6315789473684,2.01953025871333,1.38266837120665,1.29943161943986
0.298459387114955,0.232231619337773,3.15273164757746,2.10526315789474,12.6315789473684,1.88659674992834,1.42980241983119,1.85258001399352
0.537439095356563,0.160816918495606,3.71495884807918,3.15789473684211,12.6315789473684,1.93915220060722,1.56543796973026,2.44941672520215
0.485173556352029,0.716249513542149,5.57688814181772,4.21052631578947,12.6315789473684,2.05601390627163,1.67865338341061,2.97342560238976
0.670686308902032,0.167716178589248,4.39479307965557,5.26315789473684,12.6315789473684,2.013488780076,1.79282349527801,3.12039623807196
0.774785830937517,0.622142957046358,5.94395455208177,6.31578947368421,12.6315789473684,2.0286630914327,1.90464316313389,2.64899481933189
0.157384544911095,0.663271561881431,4.36952004846086,7.36842105263158,12.6315789473684,2.04126630842309,1.95246892971771,2.20403439118373
0.588789968283644,0.517559513867593,4.89143037347089,8.42105263157895,12.6315789473684,2.08813178486376,2.09119158860518,1.5747094483613
0.520975145534461,0.271151674495038,4.07322880878235,9.47368421052632,12.6315789473684,2.04119746178649,2.21637096893376,1.16478143493238
0.874845957959134,0.0776018182664292,4.37676731852609,10.5263157894737,12.6315789473684,1.92179483870272,2.37899915429334,1.0363037052177
0.714409308457424,0.620110536142577,5.57673150196008,11.5789473684211,12.6315789473684,2.04351022274081,2.53306500827395,1.60027415497971
0.653323754269847,0.0818790188466142,4.27235816348705,12.6315789473684,12.6315789473684,1.95840091448824,2.55761686182497,2.15296318087972
0.0226159515704736,0.325214367297744,3.37080534817662,13.6842105263158,12.6315789473684,2.02676795722853,2.74609910860839,2.73061891270163
0.0175547808170631,0.420293715237005,3.74768005208257,14.7368421052632,12.6315789473684,1.99261118776398,2.77441064436516,3.01607229522694
0.770599686428512,0.568647516202972,6.76149257705983,15.7894736842105,12.6315789473684,2.25159880177305,2.90890671582018,3.01921659051938
0.629384072886588,0.299209295536016,5.16846740126241,16.8421052631579,12.6315789473684,1.86180395779522,3.01860629386463,2.53819409423427
0.338344686149229,0.826207392606932,5.4269484302654,17.8947368421053,12.6315789473684,2.02103169117134,3.04781494273865,1.92347486432167
0.0905250246171055,0.978750596861717,4.18882122351935,18.9473684210526,12.6315789473684,1.97072552211026,3.24798438706109,1.39545839146321
0.864736160616822,0.798886526587841,6.05091044654742,20,12.6315789473684,2.13586029352031,3.26141654449121,1.11318369548021
0.547713976728571,0.227868062929214,3.5080814684921,0,13.6842105263158,1.85842010315709,1.3860632110062,1.66577181946249
0.472324353234873,0.166946441669015,3.48408702393129,1.05263157894737,13.6842105263158,1.96114961446379,1.5407526709862,1.92146757901482
0.0446338684893792,0.607033806848344,3.84937212826026,2.10526315789474,13.6842105263158,1.8746897534403,1.65420249933118,2.39579538570852
0.203280183561542,0.919365833073535,5.20412844704287,3.15789473684211,13.6842105263158,1.98794771731955,1.69764249310292,3.21654910394468
0.614799848218454,0.0414240477568246,3.73392903435765,4.21052631578947,13.6842105263158,1.95976960035739,1.8641937375721,3.56908341218409
0.784927613108469,0.463712586106963,6.09620273282115,5.26315789473684,13.6842105263158,2.01561714639032,2.02653772205029,3.73029835286518
0.409705349744164,0.0254410958325879,3.2204209926309,6.31578947368421,13.6842105263158,1.93535798216572,1.98751539863281,3.32779187146385
0.102568880453669,0.574422711978455,4.37999666468021,7.36842105263158,13.6842105263158,2.04582266894919,2.01916421620296,2.85379296843138
0.468224799001199,0.136796564491451,3.80011514338856,8.42105263157895,13.6842105263158,2.04188253968155,2.03904445588937,2.08939826742144
0.906292661353774,0.805510771637496,6.05386158429717,9.47368421052632,13.6842105263158,1.87437749792049,2.33556031138678,1.75279579037373
0.636355111164065,0.727404263300488,5.62600425108062,10.5263157894737,13.6842105263158,1.98607545163492,2.50037890960511,1.70718800344548
0.303166500722205,0.0138603170615604,3.14989813102179,11.5789473684211,13.6842105263158,1.97475939892742,2.61727746895068,2.10121209858641
0.593569603441725,0.16729476914333,4.60108046574527,12.6315789473684,13.6842105263158,2.00855615797739,2.55055628194757,2.73527689565158
0.781822671229312,0.309316431527498,5.77237077267029,13.6842105263158,13.6842105263158,1.96978132593664,2.75691638288797,3.3411865094335
0.759217834630296,0.853926853181941,7.12028473562225,14.7368421052632,13.6842105263158,2.01814475017201,2.77004025315733,3.69621219097697
0.313834953578258,0.806162526158515,6.10316199365979,15.7894736842105,13.6842105263158,2.07933952227286,3.06399234968618,3.58109965093996
0.36704937021359,0.718402269833539,5.96757632368786,16.8421052631579,13.6842105263158,2.07720778787486,2.99489183003882,3.03194739566266
0.765295186835477,0.756947416068995,6.63266545807908,17.8947368421053,13.6842105263158,1.97768261518666,3.15401765351343,2.37592639790149
0.680961197930531,0.423592088092947,5.53893052400419,18.9473684210526,13.6842105263158,1.98841615259688,3.3040300110177,1.85706597164797
0.15906948651702,0.601686348218749,4.14432504660815,20,13.6842105263158,1.96156170175618,3.44038250383249,1.65554038366878
0.202331345689185,0.667329521900319,4.14564351803067,0,14.7368421052632,1.97111859616641,1.47399432149495,1.97108981071012
0.0342099136473509,0.659603118913795,3.95300343946655,1.05263157894737,14.7368421052632,1.98016364682878,1.53185197669629,2.25520205304685
0.37288675831519,0.106314284478355,3.32862954205039,2.10526315789474,14.7368421052632,2.03785985667093,1.56720387636119,2.76832067844539
0.345310644747977,0.363073364163804,4.51633947829333,3.15789473684211,14.7368421052632,1.95393228541621,1.82180003899425,3.40298367452689
0.887871446948868,0.739540089934892,6.74744165851228,4.21052631578947,14.7368421052632,2.00258691854875,1.94548144895914,3.76283804828054
0.830213594220964,0.462680875101458,6.23974410538511,5.26315789473684,14.7368421052632,1.96084872986324,2.03408292573649,4.09129372612812
0.93264329021025,0.269118851576477,5.59017859064269,6.31578947368421,14.7368421052632,1.96451330571597,2.09695813878441,3.66215775106917
0.764052647443041,0.119909047806249,4.44960377988196,7.36842105263158,14.7368421052632,1.91446206052809,2.08367375797492,3.09127107129465
0.969377416961871,0.828755047062748,6.68899660173824,8.42105263157895,14.7368421052632,1.95904807747279,2.3351049714267,2.43304085237647
0.282021766031549,0.722501989025544,4.87346234581526,9.47368421052632,14.7368421052632,1.92224902321124,2.4986256954302,2.12371274396067
0.922741737718997,0.684340665962586,6.12961799930504,10.5263157894737,14.7368421052632,1.93249496123751,2.5828739352961,1.88352770647559
0.0604911057857807,0.588436322620291,4.12045624593366,11.5789473684211,14.7368421052632,1.99059423781301,2.72017420793429,2.50795378051987
0.912349230925534,0.911550327281137,7.12952489259471,12.6315789473684,14.7368421052632,1.94210058987527,2.72976444151998,3.04005862392173
0.632216639018141,0.363600436197853,5.80567404002156,13.6842105263158,14.7368421052632,1.91194657520851,2.88110183796843,3.6143375027251
0.185935369006833,0.957397216181431,5.62864540941242,14.7368421052632,14.7368421052632,2.00178018740726,2.80327688495036,3.91779874124641
0.861039620976328,0.218920693828613,5.97976168386322,15.7894736842105,14.7368421052632,2.18276940531597,3.04395567476089,3.88412376662887
0.0196891529994018,0.329360421557129,3.54327234991475,16.8421052631579,14.7368421052632,1.94625966091756,3.08888686775073,3.35130547908588
0.963956544434688,0.203703130867898,5.64238113709387,17.8947368421053,14.7368421052632,2.03974599151567,3.33442398246958,2.80477280331348
0.43390414565686,0.778386850671361,6.04579654714018,18.9473684210526,14.7368421052632,2.02831103397503,3.47106086539887,2.2395459609916
0.0314492626767945,0.781737403028022,4.08379476116816,20,14.7368421052632,1.97976788912463,3.51196872041504,1.96664971889628
0.408638575125913,0.713408119839429,4.69917023368701,0,15.7894736842105,2.0530747036428,1.56182828299372,1.82915499574973
0.783593392220746,0.658048118855528,5.70472644056592,1.05263157894737,15.7894736842105,2.10094321575585,1.77110966346784,2.11033533706558
0.0722332096171577,0.5972342427919,4.15495150955818,2.10526315789474,15.7894736842105,1.99561458502941,1.71949351441489,2.64167322663226
0.592476579539168,0.678629819711741,5.92730369587118,3.15789473684211,15.7894736842105,1.9814989441599,1.94937225944104,3.1927541840357
0.503702605188214,0.760281939435043,6.00890729829802,4.21052631578947,15.7894736842105,1.96075313832834,1.95608886272183,3.77992292010857
0.58113516214106,0.179297816395534,4.61202279307554,5.26315789473684,15.7894736842105,2.05030789904191,1.97052022205463,3.90771329383894
0.686064546052366,0.76397744025568,6.64655160182092,6.31578947368421,15.7894736842105,2.04711361746294,2.30404808163248,3.53944864793402
0.261637190107036,0.440703234195066,4.52646790685376,7.36842105263158,15.7894736842105,1.92206694660096,2.31387323551178,2.96796800688694
0.146629205403174,0.586991745192618,4.44422085293452,8.42105263157895,15.7894736842105,2.07725138767106,2.42180615430284,2.4332870319766
0.573308387579755,0.0839656388899387,4.19936144595622,9.47368421052632,15.7894736842105,2.0523039236674,2.62399257761137,1.89138102609993
0.373545040534323,0.239181101682238,4.07779335703299,10.5263157894737,15.7894736842105,2.02445586793755,2.65672663147757,1.9169846338218
0.242454053039982,0.929517661351505,5.41583411583398,11.5789473684211,15.7894736842105,2.02863912796022,2.75211094782422,2.40810355869758
0.656810978408715,0.442566051091737,5.91884112245248,12.6315789473684,15.7894736842105,1.97014552311317,2.88758775135804,2.97484592488938
0.866417336715345,0.468584289649837,6.65809764123654,13.6842105263158,15.7894736842105,2.08832462491014,2.86732696351219,3.51657158078427
0.906146869375374,0.671714549627626,7.14245547618068,14.7368421052632,15.7894736842105,1.89765747940623,3.11358425196735,3.85806068231835
0.538050099941224,0.842971249657234,6.91841282357093,15.7894736842105,15.7894736842105,2.0803663849516,3.17425310300532,3.76317374726973
0.637415016095563,0.198110926430364,5.22144192530385,16.8421052631579,15.7894736842105,1.94913833518911,3.29331117039423,3.22614826575774
0.0174224760169691,0.576957114517894,4.02408956023584,17.8947368421053,15.7894736842105,1.96416764413136,3.36091899261633,2.73216232824358
0.0477913363242749,0.601409205336469,3.91804093051169,18.9473684210526,15.7894736842105,1.95545647965309,3.48763135616531,2.15851867175373
0.578604677221761,0.578046877555657,5.75532655254461,20,15.7894736842105,1.97701409170568,3.46148783257338,1.88789163895742
0.282405008570505,0.137997077459392,3.11272769775695,0,16.8421052631579,2.07675440123108,1.73571924668517,1.52782228978294
0.962755250002041,0.446131781798711,5.14706968894637,1.05263157894737,16.8421052631579,2.00287727136572,1.76156698526607,1.67954698531394
0.760562481466403,0.587128807868535,5.53597272319948,2.10526315789474,16.8421052631579,1.98858856098837,1.90731043400761,2.16697915087288
0.488143335004845,0.68743963056932,5.4558711669779,3.15789473684211,16.8421052631579,1.86330943353986,2.01204650177304,2.78105785468463
0.501680103569786,0.667717016993227,5.92926667777069,4.21052631578947,16.8421052631579,2.07853285609158,2.09783166190862,3.29975552064631
0.707927572485786,0.0755511728764277,4.30789223824211,5.26315789473684,16.8421052631579,1.99154937746606,2.18091456746992,3.30070213689833
0.973512332340483,0.123857503554241,5.01422726007032,6.31578947368421,16.8421052631579,1.98668671932695,2.39230526760633,3.05035214774678
0.893695075328752,0.182291906991893,5.0157750171383,7.36842105263158,16.8421052631579,1.92853841936047,2.47754655167383,2.52366504865523
0.899201279134686,0.462520957692506,5.56821579425853,8.42105263157895,16.8421052631579,1.93029207309068,2.54947514805265,1.81205119415418
0.478685664466034,0.730883955035881,5.23588960092506,9.47368421052632,16.8421052631579,2.07511467239754,2.66738543162912,1.46605099794107
0.46389277294296,0.535767663242455,4.85383869719241,10.5263157894737,16.8421052631579,2.02613379173668,2.78162420779758,1.46793597393747
0.788048680193285,0.327691370904414,5.19396219982248,11.5789473684211,16.8421052631579,1.99428299171861,2.65741001117792,1.79488518307455
0.60941861623697,0.854821580293335,6.55915648840543,12.6315789473684,16.8421052631579,1.99096230975361,2.96834408849482,2.59832926821809
0.720253474946742,0.566536017396572,6.5493686062448,13.6842105263158,16.8421052631579,2.05590443995831,3.08000257977969,3.02087873806322
0.415180158862737,0.820467509722109,6.47337686656582,14.7368421052632,16.8421052631579,2.02583012127019,3.29863691483751,3.4418194866096
0.421752107720494,0.0512970185377056,4.15219970198892,15.7894736842105,16.8421052631579,2.12162039805348,3.24078194217631,3.24871225510965
0.380386599196071,0.946107779646313,6.37878193797312,16.8421052631579,16.8421052631579,2.0830172938667,3.3809928962445,2.77492430644162
0.0137127337532286,0.0905889209294726,2.42715176586866,17.8947368421053,16.8421052631579,2.06376817290982,3.48788239192438,2.15316068703917
0.620931197371178,0.672839992789438,5.90764828457552,18.9473684210526,16.8421052631579,2.03521150556695,3.59056850984104,1.57423302892025
0.799049966964829,0.140632311229368,5.0724937362271,20,16.8421052631579,2.03895526849549,3.72807655792496,1.54127503679283
0.785798223337832,0.393076466415908,4.18189287872423,0,17.8947368421053,1.95963367854641,1.72860914567171,0.76783747810083
0.716051701429804,0.0990570297313802,3.82903758317656,1.05263157894737,17.8947368421053,1.94668312664691,1.84305091702346,0.993792069205931
0.520144619161388,0.947827240227405,5.42769135916041,2.10526315789474,17.8947368421053,2.01701633250501,1.97013158488603,1.6920771935661
0.123364460963441,0.221961196841029,3.14982201204667,3.15789473684211,17.8947368421053,2.02387143015587,2.04073184903856,2.30238570867517
0.276442230366131,0.373978605925525,4.23011779716557,4.21052631578947,17.8947368421053,1.95952338222625,2.14729794372966,2.71739179388784
0.525793011059617,0.745780801706093,5.87532089262019,5.26315789473684,17.8947368421053,2.00688772550173,2.26850236269807,2.64019087016816
0.0234166205759306,0.420714157727706,3.51857048722605,6.31578947368421,17.8947368421053,1.99125057349962,2.42364022207646,2.49073165616382
0.328740911569134,0.851077318395174,5.13695836381162,7.36842105263158,17.8947368421053,2.01903212289774,2.53771690947481,1.80089598387208
0.366831615457209,0.600190128569605,4.27228458180239,8.42105263157895,17.8947368421053,1.93943959380118,2.54588245356124,1.18702016178821
0.569680062029769,0.20483173428016,4.25382848077699,9.47368421052632,17.8947368421053,2.04190393706066,2.77198963646564,0.774358622412163
0.498749307883501,0.837757718780386,4.65648767355305,10.5263157894737,17.8947368421053,1.96493744759104,2.71279423601325,0.759816310110063
0.48540588975837,0.650028512418648,4.96344317649931,11.5789473684211,17.8947368421053,2.03815717977459,2.90029727841874,1.18886592094837
0.242521999212697,0.00662394980817205,2.98332578979755,12.6315789473684,17.8947368421053,1.92557765870353,2.97881545298339,1.90211616211731
0.460624887665217,0.706392034026083,5.9564867649479,13.6842105263158,17.8947368421053,2.02655086372837,3.20778213676456,2.35571353782216
0.178763510806506,0.181855480483405,3.56450475139594,14.7368421052632,17.8947368421053,1.96970986562241,3.21160181573493,2.83447059159975
0.527200122316272,0.492325248599761,5.81052903659187,15.7894736842105,17.8947368421053,1.99808750369296,3.37077851928877,2.5716410960391
0.298563335437724,0.82060723258271,5.50510418925764,16.8421052631579,17.8947368421053,1.99539108504548,3.4686684198538,2.08487945010041
0.0167934192007128,0.948329498269138,3.95690849154289,17.8947368421053,17.8947368421053,1.99266396098616,3.58939945538866,1.54491063006739
0.998038836356802,0.814279626958605,5.9576780507309,18.9473684210526,17.8947368421053,1.95908911990115,3.66097904840975,0.992215563251075
0.193407394088169,0.391779462307796,3.48106197266994,20,17.8947368421053,1.97377784809579,3.82273000240633,0.764891819250844
0.629966265539987,0.125337073504807,3.66064772484193,0,18.9473684210526,2.0015418308184,1.91232696124455,0.228441409411945
0.439675095685969,0.787090524311453,3.56264800961281,1.05263157894737,18.9473684210526,1.95795271426762,1.9162670838937,0.350063362665242
0.359732127580071,0.1385741677326,3.33223893667339,2.10526315789474,18.9473684210526,2.02630199294612,2.14026443802676,0.987353546942249
0.897105632597298,0.872500413751781,6.20683271053259,3.15789473684211,18.9473684210526,2.02727694686614,2.16431521163574,1.75402248150824
0.00445385771904305,0.339827365598725,3.09143702648774,4.21052631578947,18.9473684210526,2.08038417952386,2.33563078731061,2.02966576624126
0.641778142699222,0.628280919930725,5.67762942474805,5.26315789473684,18.9473684210526,1.9509462319182,2.35532975235925,2.22461301265701
0.485765185621364,0.534131162390424,5.09817063957072,6.31578947368421,18.9473684210526,2.07972250584974,2.55325096836184,1.83809352567976
0.715455293318212,0.22568990467248,4.6439682622294,7.36842105263158,18.9473684210526,2.0538697535321,2.5653974214054,1.23575867954349
0.100412450668243,0.451980624376892,2.82291086907191,8.42105263157895,18.9473684210526,1.99174637755148,2.69352050190112,0.635518881962163
0.727049862681526,0.356878755582216,4.56649074752269,9.47368421052632,18.9473684210526,2.10166490489215,2.89058784394919,0.221429187635726
0.389464027979414,0.595825403529271,3.82667094196788,10.5263157894737,18.9473684210526,1.96707682677496,2.96907715780408,0.331802359437854
0.704885199871702,0.747966445259028,5.15477077277892,11.5789473684211,18.9473684210526,2.04666748753079,3.06006495044275,0.664141853386668
0.277225110477246,0.162887209659413,3.56914401172036,12.6315789473684,18.9473684210526,2.01746670460017,3.13327797477535,1.33508275526421
0.905240622535566,0.502419096304739,6.09579699372337,13.6842105263158,18.9473684210526,2.05404295113146,3.36596564969095,1.86969482027772
0.370392383735786,0.0253655710588897,3.79834885480729,14.7368421052632,18.9473684210526,2.05375744316566,3.37350535633319,2.13701843453099
0.187991652107578,0.824393486921859,4.94289123349012,15.7894736842105,18.9473684210526,1.87245972821402,3.63965701785434,2.07632257132476
0.486332130990524,0.436280838194661,5.06632670864463,16.8421052631579,18.9473684210526,1.97318924190153,3.61509209806638,1.54640055881087
0.536202236751453,0.108860568507099,4.55771841299772,17.8947368421053,18.9473684210526,2.13724702193925,3.67330570471855,0.950318956601146
0.837081863039726,0.327404845727393,5.01340819177608,18.9473684210526,18.9473684210526,1.9998242117536,3.89288391340683,0.480896569146329
0.395035075172927,0.000172443742855855,3.97654773963612,20,18.9473684210526,2.03876716011995,3.88950661563298,0.215971340911419
0.850743618723825,0.424007200882858,3.98334094979008,0,20,1.93987732508122,2.00208109979899,-0.0507790452740503
0.431262306464154,0.781608532275402,3.62259178137981,1.05263157894737,20,1.97225270474991,2.14700905927644,0.30236278893651
0.651825734648869,0.25833015153298,4.08380208964957,2.10526315789474,20,1.96239306984202,2.24352115593835,0.646736711595112
0.382715006576477,0.541291230928882,4.34184106506929,3.15789473684211,20,1.9760623473748,2.33594702204071,1.4315870865879
0.298989777195237,0.672177645059368,4.63943797417013,4.21052631578947,20,1.85729743592615,2.52129267436326,1.91498933119014
0.816649567679041,0.683203146545391,6.14027317546898,5.26315789473684,20,2.02840716012448,2.63434924403027,1.9350274260346
0.74995497828484,0.274354914664787,4.95953614606928,6.31578947368421,20,1.99348353822278,2.6350381401077,1.72369460770671
0.147730840035026,0.0798011163484252,2.70516452890468,7.36842105263158,20,1.98664537730529,2.73285865190796,1.01157689425915
0.219428052602823,0.429214298503176,3.21492909349016,8.42105263157895,20,2.01452713303164,2.87144349166106,0.44457693144892
0.583412616898141,0.0758583903391945,4.16715042354428,9.47368421052632,20,2.08042362068731,2.92547888883547,0.0723488449700038
0.272043065425566,0.662700610951104,3.16703763239012,10.5263157894737,20,1.90585107318547,3.04367161135188,0.0861184811422104
0.967742865815839,0.0406064728335396,4.74885192458053,11.5789473684211,20,1.9765320628416,3.21464304498862,0.46410016764377
0.0877881492249208,0.682764419447176,3.60056428923281,12.6315789473684,20,2.0423727003766,3.27233462674523,1.16073973625718
0.826632655566493,0.827881321414438,6.40780814547888,13.6842105263158,20,1.95156133950907,3.33315562236198,1.69344151094434
0.6154470340591,0.534709136922608,5.79567260396402,14.7368421052632,20,1.98324715172148,3.49290123772747,1.95385066752776
0.691356395518363,0.208854007250752,5.1644065449074,15.7894736842105,20,2.00464038883374,3.58794317064959,2.01853121718505
0.869750444921659,0.7685882592654,6.14269927096208,16.8421052631579,20,1.9779153482543,3.67643036921201,1.31654203054667
0.481552962468494,0.264958106269611,4.38462695052291,17.8947368421053,20,1.93675250121575,3.78379383312054,0.71410705288057
0.340447570055825,0.49830721879608,3.85610993101526,18.9473684210526,20,2.01386964343546,3.91164172348732,0.127810777072185
0.243544319687502,0.120608728414856,3.42039164744277,20,20,2.04545917065568,4.11703998535965,-0.0805949243536976
