Y,MLR_YH,ANN_YH,GWR_YH,GWANN_YH,GNNWR_YH,AGWNN_YH,AGWNN_NR_YH
3.407286993,3.684576879,3.645245364,3.316477306,3.390330167,4.032293708,3.662559668,3.520797395
4.605543453,4.236745081,4.208874471,4.416294719,4.517849625,4.742054547,4.314815461,4.618582492
5.124620525,5.192931659,5.384286547,4.911805858,5.017559277,5.244356946,5.087685457,4.654107208
4.543526109,4.380592952,4.372471756,4.36220083,4.465656278,4.657407048,4.56833306,4.148619274
3.045240694,3.45393017,3.433690621,2.846962276,2.875322063,3.21326305,3.171896099,3.016456247
3.4896277,4.052210779,4.002203959,3.498323553,3.577675468,3.399006392,3.618494839,3.519851939
2.897929866,4.065839185,4.045232551,2.985757885,3.011561725,2.806376402,3.052904303,2.894035927
2.475628528,3.122767459,3.17703967,2.420349933,2.437070127,2.40904769,2.667840043,2.400367552
2.824421075,4.495225717,4.530219412,2.998898486,2.938021336,2.726720599,3.118684411,2.853892731
2.053541991,3.125764645,3.166836199,2.288004527,2.227202633,2.024416236,1.973680184,2.268710697
2.25050786,3.364737449,3.349707287,2.439146147,2.405300174,2.255607121,2.223652054,2.346778994
2.582903524,3.270261024,3.276980912,2.627118503,2.558206912,2.478471961,2.494592638,2.463344999
3.264735071,4.503196412,4.530333664,3.306131736,3.270921897,3.470157866,3.581023891,3.288618264
2.965882919,3.39573521,3.373646809,2.945923218,2.975787898,3.291845781,3.084033636,3.003830183
3.536468292,3.420382567,3.394078022,3.185835454,3.269323356,3.59925991,3.454709929,3.529985541
3.598115469,3.932456566,3.929540425,3.725031701,3.753016966,3.978289837,3.703270106,3.634949253
4.856136944,4.608939302,4.679817308,5.006028546,5.011834908,4.963277469,4.710062587,4.667206481
5.003713246,4.008663265,3.961924066,4.76421285,4.85137571,4.946557333,5.05682456,4.978114375
5.865467853,4.046797022,3.989741441,5.834040096,5.816825475,5.836659773,5.878829274,5.762200168
6.968079241,5.112157527,5.292987515,6.721592461,6.691786568,6.766381365,6.763144122,7.005346871
3.278582613,2.574798778,2.831776931,3.254810038,3.21460843,3.30376922,3.206879595,3.269909939
5.755520606,5.06380548,5.206977851,5.484381639,5.417570015,5.710607531,5.48263245,5.770187554
2.101907693,3.428020028,3.449802062,2.534064394,2.197845362,2.396833859,2.065889777,2.531482137
5.241898716,4.934956409,5.040475566,5.350634181,5.195405381,5.421232545,5.433718284,5.336965696
2.835404234,3.687426967,3.65700651,2.803887875,2.843866937,3.000745163,2.79799301,2.776179219
2.910472977,4.205630995,4.214812583,3.114136247,3.14890557,3.006417995,2.776921526,2.914032755
2.340587267,2.784682228,2.961135169,2.327708639,2.212769324,1.917017267,2.046014786,2.386233598
2.391261543,3.198500151,3.220083054,2.337212069,2.325016481,2.218405871,2.391400496,2.297729632
2.351099368,3.000282645,3.098887713,2.422299403,2.427608781,2.097682772,2.20072489,2.307904917
2.725735309,3.682882638,3.679678871,2.864065658,2.847046881,2.556377342,2.681950892,2.611007404
2.743335857,4.546002883,4.560936993,2.890984781,2.913408283,2.762643717,2.627617315,2.622981036
2.826248849,4.463262295,4.464574,2.980612765,2.99994517,2.816240689,2.828391262,2.780357265
2.701823576,3.547404134,3.502344662,2.754216281,2.745216944,2.553419537,2.333432697,2.665776611
3.145784925,3.448017422,3.445102831,3.208975829,3.188504896,2.968435311,2.929996728,3.215608509
3.408164437,3.556091909,3.531408471,3.347053906,3.360034617,3.223687093,3.218817844,3.275127737
4.421629515,4.387345298,4.39235793,4.673805237,4.595449166,4.379406243,4.278245801,4.404222114
3.805428356,3.154026058,3.187106792,3.508816096,3.606126396,3.645274613,3.65384151,3.763847803
6.952887158,5.420995135,5.661353923,6.954965508,6.81220854,7.193119443,6.989016144,6.938732559
3.247366026,2.601209088,2.846039657,3.177369897,3.103171817,3.058574459,3.168126875,3.184433188
3.232436594,2.580469035,2.835402671,3.15250405,3.119752989,3.287567523,3.426358785,3.163094014
5.045710513,4.385059979,4.374538945,4.700001966,4.707460653,4.939899117,4.885287448,5.154509316
3.733829963,3.787122903,3.736271182,3.50686792,3.637233555,3.736389926,3.699060345,3.352030291
3.156353445,3.403981755,3.39268996,2.98653532,3.015959891,3.059364549,3.11234138,2.889895743
2.314350771,3.068184064,3.156942907,2.49145601,2.140997682,2.366208176,2.297769374,2.549618705
3.554873881,3.891720663,3.834979115,3.205105273,3.377361699,3.479557968,3.552020543,3.421377521
3.306137793,4.168480449,4.137912084,3.193300851,3.276382276,3.143447227,3.135357325,3.11132155
2.8382727,4.088420871,4.064029395,2.973438639,3.026203076,2.653127018,2.755257116,2.828358999
2.507744634,3.676234839,3.636997754,2.652603679,2.743550715,2.487374085,2.680539397,2.497590562
2.351794017,3.705905772,3.653439227,2.38522048,2.448037285,2.42960194,2.439096247,2.334594647
2.415543223,2.829618338,2.980348785,2.415325778,2.381457554,2.225561288,2.337003743,2.30821671
3.075429967,4.096632605,4.114873945,3.298340174,3.230620593,3.20499851,3.331743455,3.058146572
3.069705091,4.114890767,4.088894429,3.102501422,3.158088442,2.903039888,2.996246282,2.9934125
2.762027713,3.469809705,3.446553884,2.89566263,2.935512002,2.695053885,2.554595292,2.802953844
3.883590871,4.596761536,4.668888141,3.852019696,3.791883576,3.380200964,3.908029973,3.689493671
3.119315399,3.41661838,3.392484978,2.992927374,3.183320086,3.122555837,2.934575346,3.158777698
2.435424304,2.367184963,2.73517508,2.582226659,2.347081759,2.435513663,2.041949507,2.609358808
4.50268358,4.096434771,4.059151767,4.542400605,4.553484838,4.611585545,4.522339107,4.583754012
4.16863339,3.444141393,3.416240818,4.026527023,4.039796636,4.259528265,4.183499166,4.070414815
5.130967443,4.341243624,4.360285564,5.08176589,5.110033072,5.422392254,5.37993878,5.015205324
3.551529156,3.030535318,3.108612381,3.467541392,3.557636515,3.502422037,3.620394179,3.489924198
2.327290047,2.177871395,2.656671123,2.569613326,2.241702428,2.605210651,2.588649741,2.696024722
4.822698536,5.025188887,5.161217038,4.840947679,4.781806139,5.015893279,4.839758688,4.741733664
4.917400322,5.476350341,5.725605412,4.971199213,4.878402595,4.676417911,4.692306924,4.697485643
3.256381745,3.593981214,3.548821685,2.987130924,3.107016516,3.361261325,3.38036108,3.359683789
2.946054367,3.629566801,3.591567005,2.782757776,2.878915541,2.996056023,2.997756205,2.829605646
3.018427804,4.190799067,4.208620843,3.123265205,3.197158276,3.01754304,3.028847055,3.079666844
2.143496203,3.393791454,3.375163329,2.38645907,2.369689846,2.221212028,2.319826848,2.355985042
2.971592465,4.643012514,4.694061048,3.21786579,3.336273218,3.154155123,3.238322385,2.854853273
3.288381883,4.156773949,4.180683475,3.361828213,3.337102554,3.381553277,3.499796844,3.273703728
2.227097383,2.573205503,2.831459829,2.439317389,2.319460638,2.353297722,2.613846289,2.371476847
3.100867782,3.889132907,3.844365999,3.029485581,3.148788891,3.074294745,3.319569443,2.937934256
3.870644783,5.083097324,5.255217802,3.854097369,3.850422381,3.628262897,3.891282289,3.691465946
3.114552321,4.51720501,4.529320623,3.21785028,3.370251445,3.237471813,3.305261629,3.101950528
2.642874711,2.959655882,3.064896627,2.854147815,2.836485557,2.678288755,2.367496219,2.674874944
3.450414034,3.993277287,3.941598597,3.41401533,3.594620065,3.385832023,3.47556686,3.459363893
3.303605196,3.293803128,3.293058804,3.066507824,3.267490233,3.318935026,3.00802078,3.18333289
4.03126298,3.667828873,3.619120224,3.807302349,3.899434313,4.056669264,3.910369472,3.863090784
3.165202799,2.708866451,2.904260689,3.119050098,2.970318253,3.114862092,3.005785745,3.22720718
5.744278677,4.726172523,4.814625715,5.663340982,5.541915697,5.902564141,5.876544616,5.879730506
5.648635574,4.582272434,4.641742389,5.477861879,5.452606567,5.392278355,5.525293569,5.646183789
4.279717703,3.769179806,3.71038997,4.203215187,4.290370928,4.426812623,4.185080885,4.375351433
4.182700394,4.785698317,4.865313295,4.241597698,4.270206902,4.387357914,4.238556131,4.401517185
3.358993665,3.727009074,3.672874613,3.083277059,3.249269351,3.335895379,3.197924592,3.337358382
3.647388715,4.159340348,4.111358834,3.441544233,3.611940208,3.358448971,3.477504832,3.738649613
2.952231039,3.908933356,3.865723479,2.927316644,3.033302972,3.023364142,2.865959729,2.871703184
2.574879397,3.807028727,3.746910133,2.750247603,2.884232177,2.664208944,2.607637535,2.576353493
2.471691005,3.043947923,3.135656243,2.552938835,2.545725218,2.361476142,2.439529836,2.462371155
3.768413107,5.198031373,5.389748554,4.000012262,3.972231638,3.934823495,4.014882381,3.71724502
3.549076143,4.215078618,4.205554009,3.377695129,3.488056045,3.756524369,3.704424003,3.36167466
2.72536883,2.740439021,2.920839464,2.715180061,2.697350597,2.721727852,2.72622963,2.596017929
2.411329074,2.634401331,2.864686061,2.648583424,2.571668092,2.407887399,2.665043384,2.559114881
2.537898578,2.654964821,2.887084016,2.692083249,2.598592525,2.336983761,2.491413247,2.595827193
2.876525044,3.030068248,3.120580602,2.927157757,2.921616147,2.639028097,2.646234291,2.775351611
3.6397044,4.167357752,4.187076124,3.91692238,3.850163126,3.294129893,3.606234096,3.567221715
3.907617496,4.072189007,4.086836948,3.951256793,3.869775435,3.490072139,3.744638161,3.705550883
3.99149656,4.054935429,4.061760204,4.009287171,3.985053709,3.816609288,3.963724525,3.922007165
4.243424677,4.037966473,4.056290734,4.196499935,4.170412804,4.143273643,4.28782362,4.118401775
4.313402467,3.977451503,3.978968015,4.224209861,4.246037619,4.370054952,4.466451588,4.199546245
4.4930417,3.800995898,3.738264046,4.313127747,4.238652348,4.650628838,4.535738844,4.469581247
4.099483075,3.528115889,3.485406732,3.990651565,3.986485624,4.162546172,4.230788564,4.030143059
2.870620766,3.204984496,3.231625789,2.659142343,2.74830519,3.152363684,3.013088371,2.740104332
2.650336387,3.732424098,3.716423271,2.702180394,2.695947772,2.888869451,2.837915765,2.753287084
3.080943471,4.33617946,4.365262022,3.018777451,3.098313745,3.113144666,3.206423061,3.025839696
2.488429074,2.96482445,3.057769318,2.647010724,2.648565204,2.752196653,2.325726456,2.528303087
2.739284992,4.532483724,4.548369093,3.183541052,3.290352835,2.92214051,2.954663798,2.929447214
2.38386896,2.656854201,2.884088666,2.507718406,2.375984228,2.287756663,2.104792581,2.401344195
3.43490459,4.60014767,4.670957592,3.671276361,3.716625263,3.541166407,3.662723351,3.504574518
3.971878762,4.653491341,4.730707273,3.805752704,3.887300572,4.073353718,4.092865245,3.787928472
4.361535191,4.701019758,4.780521038,4.025028603,4.111444484,4.442796895,4.631798325,4.290171545
3.564342237,3.509813479,3.469639503,3.637312017,3.690495103,3.786217322,3.717114769,3.569379246
4.506272583,4.190233116,4.145580811,4.371978248,4.432486952,4.595737754,4.681802085,4.502305431
4.661097381,4.746349464,4.847169894,4.387832196,4.447162205,4.550596979,4.522256093,4.364897865
3.554196378,3.765021387,3.727616747,3.483409186,3.585828897,3.371990518,3.524885415,3.392271429
2.872845177,2.937006936,3.063334729,2.994306098,2.959399413,2.585919064,2.811963886,2.882492508
4.283036128,4.876833641,5.002295313,4.406125029,4.360170897,4.014334458,4.357056163,4.12975665
2.965286112,3.853534399,3.793593886,3.216428139,3.427919441,3.161483891,3.215719674,3.076375236
4.282959424,4.559030046,4.606495145,4.333922087,4.334212536,4.303845534,4.499852796,4.221939762
3.737599723,3.813492428,3.750532285,3.737438894,3.760624661,3.892824592,3.656935222,3.680616502
4.633455403,4.280835053,4.266275343,4.483482475,4.467737822,4.813033296,4.716491607,4.510665223
3.336064459,3.002934307,3.092579102,3.474394352,3.333501135,3.315244077,3.420224812,3.294704387
2.379106529,2.504927384,2.798108831,2.411691495,2.356932835,2.379036095,2.303988574,2.454719104
3.085250123,4.245489962,4.226153551,2.934292191,3.037694454,3.028444405,3.244143559,2.956877547
2.563630149,3.20230736,3.244939268,2.644999654,2.619260392,2.432396912,2.564500732,2.570843881
3.163163764,5.213202602,5.401555644,3.318857319,3.358002194,2.935076854,3.45467743,3.08245664
2.979484018,4.0615645,4.082490141,3.040434758,3.033725749,2.709606989,3.089770203,2.993874499
3.145177589,3.851245459,3.801801162,3.153509877,3.211888913,3.046170603,3.020508016,2.992133138
3.945253249,4.287418505,4.260826419,3.823978604,3.943543553,4.082420518,3.736910161,3.74728276
4.182341712,4.457138074,4.49570981,3.846056096,3.9458656,4.242286806,4.29113056,3.908923856
3.421694737,3.777895058,3.765031468,3.368931607,3.374331858,3.501420271,3.620339968,3.517283914
4.506167606,3.628218239,3.57592973,4.503705927,4.339609466,4.582392191,4.53795344,4.597827836
4.230103697,3.929743245,3.892848199,4.06748114,4.035071646,4.055759022,4.265778616,4.119598466
3.791124018,3.786872875,3.771137773,3.758931313,3.712382191,3.661523225,3.80690496,3.633713144
3.956073888,3.831991161,3.793614599,3.781814637,3.84432857,3.776961016,4.056364036,3.788983202
2.872931707,2.783833197,2.963911821,2.981624785,2.896808883,2.5269846,2.994280063,2.883853157
4.013059463,4.406790574,4.424670639,4.053096169,4.122564986,4.07400023,4.087642992,3.766081376
2.676617982,3.248118371,3.258697135,2.865329477,2.890061248,2.667196828,2.592803339,2.772653563
3.339040627,4.078792455,4.032140507,3.516815348,3.698126949,3.454289085,3.371591774,3.272605713
4.391801279,4.577705289,4.64055021,4.587457604,4.517702807,4.658004416,4.54665095,4.256872138
4.277594778,4.198331917,4.185365479,4.19275492,4.242906274,4.338132078,4.313683307,4.206565274
4.784888889,4.89120299,4.991822331,4.910095879,4.897612816,4.918284319,4.993241564,4.924622582
2.610448652,3.739598959,3.685820001,2.612416111,2.659486973,2.873465516,2.72682661,2.588272038
2.442531043,3.429453057,3.404356338,2.428338492,2.438001693,2.469577474,2.138899003,2.386088949
3.01294666,5.150045126,5.329128554,3.11732671,3.132908842,2.998350349,3.511200721,3.003942742
2.873402238,3.691121053,3.682287827,2.879816778,2.85845819,2.787697466,2.945189828,2.848120021
3.234464415,4.504621283,4.52869,3.30171889,3.359924513,3.333053556,3.252704676,3.1575963
3.263819964,3.785532122,3.768135816,3.214860307,3.184146294,2.879477647,3.285087817,3.202364332
3.002630491,2.948532912,3.046697699,3.113791746,3.07996575,3.195466853,2.962696106,3.174480137
5.276587695,4.840749879,4.9396037,5.06452883,4.982821455,5.325227497,5.49810031,5.348397628
4.175566906,3.672608399,3.621062604,4.15084714,4.145044905,4.1938322,4.238672052,4.266395919
3.61584635,3.240130784,3.263041314,3.689621715,3.554350562,3.512846033,3.431278036,3.660986325
4.804132041,3.792712119,3.73403269,4.602849098,4.549626125,4.67523183,4.762304237,4.858958233
3.461071115,3.502456303,3.50832718,3.489343667,3.463669256,3.510556554,3.66652626,3.469645771
2.90113176,2.612871235,2.851856901,3.08269352,3.059906526,2.559739526,3.267381315,2.932899259
4.309045912,4.100038182,4.090649129,4.132921075,4.13103515,4.36439335,4.495853795,4.393302951
3.150158387,3.122080891,3.17418893,3.105176296,3.134221423,3.193645878,3.097457384,2.996151753
4.611785285,5.206548594,5.383767681,4.810897606,4.807540016,4.729486564,4.441617186,4.667982061
3.114603591,3.740054123,3.688385986,3.330350891,3.457088799,3.327168473,3.208360374,3.019746219
2.372846279,2.552022472,2.825242189,2.616210041,2.401073029,2.200737946,2.344210311,2.453957464
3.92336124,3.642702411,3.629930811,3.818710847,3.86020039,3.772683072,3.811206027,3.507204571
2.714907203,2.57960991,2.843630907,2.792452903,2.649911984,2.858965855,2.690006939,2.691443246
2.42747492,4.039328371,3.981704416,2.456216187,2.472980263,2.762807563,2.461011252,2.405849681
2.346282947,4.328944074,4.304586958,2.598419801,2.642171364,2.528194769,2.472228111,2.439329795
2.469561928,3.51112659,3.478215467,2.632909854,2.6588754,2.542861973,2.395925274,2.47206227
2.630097331,3.395987635,3.374840771,2.847593128,2.808481139,3.003021247,2.739995149,2.595050966
2.986696738,3.332710671,3.324203739,3.141532969,3.063613036,3.414879553,2.987322617,2.908549257
3.50805803,3.275009833,3.279333825,3.309068542,3.273358684,3.62719245,3.239864729,3.372957351
5.116736228,5.034893512,5.192171659,5.183317631,5.089681856,5.223589222,5.307965799,4.977722193
4.448086841,3.89014052,3.835855525,4.253210838,4.323242527,4.381175117,4.526036279,4.415657071
3.59749843,2.807237104,2.959564668,3.612325826,3.612429494,3.42487694,3.49896655,3.583270065
4.567921594,3.185082857,3.210868474,4.429964066,4.411148177,4.428301716,4.505846141,4.345215353
4.396574945,3.851963099,3.820516466,4.213346263,4.287878991,4.402942537,4.251101754,4.309487513
3.682947157,3.448729248,3.455176298,3.489562876,3.53224921,3.743812586,3.782698328,3.66194266
2.93271295,2.528882955,2.808825648,3.071259492,3.036489357,2.718708265,3.329211692,3.070138588
3.981838373,3.601952276,3.587072782,3.722565092,3.747376452,3.86191475,4.031259879,3.727434978
5.213296974,4.8679893,4.991899095,5.158633983,5.072514817,5.19375228,5.147991909,5.257642828
3.735289217,4.110645617,4.058253316,3.504848903,3.664804753,3.753357814,3.743116214,3.876993977
3.825797684,4.116453094,4.070374676,3.642840098,3.794743186,3.739840314,3.671908154,3.771785037
3.030351787,3.763752155,3.705160264,3.21278633,3.358251489,3.191548605,3.101624117,3.011137626
3.298246326,3.749650773,3.694811505,3.300939965,3.432656264,3.316561049,3.118334955,3.041698851
3.595903131,3.317038286,3.338437213,3.488782546,3.539750618,3.522956848,3.64361191,3.558204759
2.643414921,3.612132357,3.607416118,2.697285881,2.685550851,2.798650763,2.720361525,2.632154359
2.904016532,4.241077861,4.255288057,2.934928899,2.902757455,2.557379398,2.774032847,2.830642626
2.354889515,3.372341065,3.361514543,2.603670118,2.617795386,2.507843933,2.203803766,2.430601166
2.606720576,2.856844888,2.992171906,2.667812065,2.531820497,2.797932112,2.534466872,2.491447748
3.484661838,3.745578408,3.684580156,3.383473789,3.358082743,3.588586644,3.410249861,3.418226739
3.431564432,3.485475885,3.451753175,3.431894097,3.398083533,3.479380848,3.458073292,3.480910674
3.273105376,3.342672361,3.361200881,3.246688539,3.197389949,3.222444532,3.285417396,3.286155586
3.177730393,2.938547631,3.051761966,3.139994876,3.05564364,3.105696856,3.111187367,3.152913908
6.583145836,5.141536116,5.328621489,6.282251784,6.126550196,6.549507335,6.535356175,6.516430309
5.616802815,3.694144802,3.636237042,5.379863463,5.299989188,5.254840394,5.565531751,5.559736045
6.033188269,4.659568718,4.725001065,5.995839015,5.909225989,6.14070973,5.947999452,5.900088042
4.620227866,3.280595571,3.282481849,4.431243074,4.525461618,4.603296991,5.001203614,4.530175123
4.081333637,3.256571223,3.263605704,3.909402115,4.079664862,4.02618277,4.42980161,3.829241053
5.913402858,4.75472944,4.815414493,5.603566281,5.657888097,5.774917575,5.735855821,5.948894608
2.78247489,2.646074989,2.872000631,2.893699335,2.804573565,2.844842687,2.963031015,2.805959919
5.060220015,4.668030832,4.730867604,4.921978308,4.893130036,5.092870601,4.896451406,4.992909788
4.754027356,4.434752336,4.470939678,4.848706073,4.780337588,4.944261432,4.667659593,4.540919241
2.170634571,2.590266791,2.839617671,2.50361103,2.1280628,2.280524469,2.288220938,2.479101447
3.735735195,3.535478924,3.521981946,3.707578505,3.746395308,3.709887262,3.645604079,3.467285938
3.374120663,3.744755717,3.694319636,3.45107713,3.548594829,3.614121125,3.725378503,3.451546218
2.363665583,3.709515162,3.654123262,2.500039978,2.534065811,2.644866256,2.599224765,2.423252236
2.6843584,4.193944461,4.169506691,2.779025194,2.849459969,2.502926256,2.582684957,2.570734279
2.357304277,3.001410657,3.083355123,2.48393166,2.409786624,2.439799613,2.058622427,2.359427737
3.375660787,4.296395782,4.265962379,3.373240536,3.414940928,3.271199114,3.351299824,3.313313869
3.5967322,4.118402964,4.128388392,3.709734854,3.705494115,3.512748948,3.621108506,3.321375644
3.332558893,3.51745569,3.516892508,3.301319958,3.225544011,3.250111959,3.303263561,3.333695627
4.061668989,4.01226508,3.996370789,3.930583144,3.963784828,4.335854759,4.090675735,3.914256679
5.135071855,3.782410015,3.72071493,5.065047219,5.035440964,4.89716407,5.119800739,5.216298102
2.843943032,2.644106833,2.87717351,3.011708871,2.856681981,3.037026701,2.911108179,3.089954194
3.501346668,2.792892956,2.952856908,3.487579815,3.481008862,3.5535335,3.58361684,3.249388118
5.367829998,3.628325479,3.575211187,5.219596492,5.181894891,5.437259541,5.56659355,4.70156369
4.923639188,3.98954465,3.95537056,4.742371857,4.814769391,5.050890442,5.040684409,4.71383431
5.694374206,4.235668956,4.206048177,5.22782861,5.283469122,5.457031664,5.480264432,5.617256303
2.401902037,2.389207257,2.750038712,2.838125681,2.576053534,2.196748863,2.804317091,2.797718667
5.756374563,5.210447697,5.397437464,5.850574178,5.767795846,5.958598445,5.689281319,5.62764553
2.967951621,2.759437106,2.948356509,2.929566667,2.921702901,3.094849075,2.984231893,2.7882434
3.782661287,3.898593096,3.842085811,3.670337944,3.788179119,4.047067976,3.954348885,3.748017973
3.368560709,4.027559494,3.969189659,3.240243598,3.320254773,3.339381206,3.2717307,3.348000352
3.05250576,2.833422133,2.992009993,3.027506191,2.984114448,3.138988975,2.990249236,2.910248258
4.780015537,4.756365912,4.854766989,5.045127925,4.928247592,4.783851677,5.037767488,4.808739066
3.492811542,5.547787933,5.803924608,3.432403853,3.428359036,3.466498421,3.686621033,3.453992822
2.374523402,3.535175864,3.492562207,2.556788966,2.578794888,2.312709428,2.20660428,2.413684969
2.755786394,4.077076604,4.044947989,3.01679668,3.079098812,2.937801682,2.806590445,2.79707785
3.045761429,3.854003767,3.812713231,3.158743736,3.216996607,3.160264664,3.197055417,2.965671637
4.011355107,4.395166047,4.437539218,4.102630812,4.101315762,3.813222962,3.969749437,3.898235789
4.890488194,4.727787655,4.781732647,5.017883137,4.976650212,4.703186274,4.669380483,4.805434325
5.819890754,5.280198074,5.496051504,5.711686709,5.647205612,5.961009182,5.848777219,5.634301204
5.390299402,4.138533686,4.088485955,5.499964199,5.423744273,5.379848296,5.45721095,5.673415367
6.456769459,4.870189451,4.967722731,6.274627687,6.148629752,6.565126955,6.473607021,6.445069248
4.959707564,3.310484863,3.30762007,4.731107692,4.727716626,4.867462894,4.906437578,4.41528395
2.64491391,2.438992576,2.774512979,3.01226388,2.705310909,2.703865799,2.743316328,2.894878862
4.00563407,3.563159476,3.562607044,3.865434581,3.923523814,3.977945768,4.081645436,3.7823205
4.819857497,3.639509457,3.585294899,4.510038321,4.621995439,4.575456445,4.79882076,4.410373075
3.596529548,3.108604227,3.155389419,3.441994682,3.553504995,3.391115514,3.61428829,3.227751862
4.869450905,4.308862212,4.282459016,4.569666116,4.67586566,4.764702016,4.802478612,4.833980162
5.091318597,4.811727773,4.901964604,5.164450168,5.040939543,5.155992031,5.262200874,4.881097685
4.916415844,4.59291161,4.654421793,5.109343055,4.959006439,4.771001537,4.977122745,4.661269872
4.80859826,5.099211488,5.263623316,5.272927861,5.070238116,4.794676905,5.069199747,4.717867908
4.628128541,4.779934004,4.867606065,4.835586066,4.760543044,4.737787243,4.758419166,4.346676118
4.770491506,4.430449182,4.457240211,4.68728749,4.693485274,4.806894258,5.048774574,4.77162732
2.578658384,3.606716377,3.556235971,2.657240953,2.693789232,2.778154147,2.708890586,2.627537682
2.838874228,4.108679843,4.056019746,2.757874545,2.858571766,2.76624271,2.569037704,2.656962583
2.356214603,2.977122843,3.073284788,2.615157593,2.538931864,2.214474456,2.264471501,2.432402587
2.821349258,3.329435288,3.344499261,2.873316335,2.902596876,2.757081827,2.809134514,2.722684861
3.444330706,4.16514949,4.124615123,3.531544808,3.647352028,3.560734351,3.433875607,3.284782149
3.469989242,3.604867656,3.589181271,3.361460314,3.377735295,3.518968966,3.511652362,3.417909805
4.881790508,4.57932105,4.625412876,4.770352172,4.795468543,5.060345717,5.027690844,4.708948273
4.16989985,3.426702361,3.398975282,4.221777809,4.245649172,4.193910961,4.302227032,4.173711972
4.979523029,4.034298118,3.992569408,4.724496184,4.716888503,4.999142644,4.908104713,4.942616675
4.107527719,3.483408355,3.46572988,4.057399699,4.000337973,4.186730562,4.094559841,3.749169163
4.254893844,3.856633785,3.855655867,4.247628937,4.194485448,4.318429702,4.339152077,4.041995595
5.842479717,4.456367484,4.47414586,5.493135427,5.413837147,5.473756925,5.796993889,5.764777204
3.852191234,3.425356838,3.436265614,3.813874197,3.826299647,3.779281782,3.779825297,3.640979125
2.787463094,2.588306838,2.838797801,2.927602164,2.799337319,2.634223528,2.401108635,2.80203933
2.718645339,2.739056803,2.920045173,2.832869353,2.742802614,2.808146374,2.433930815,2.739496275
4.983665452,4.480579573,4.508815325,4.877226049,4.802637584,4.834997658,4.897230298,4.581395759
3.83024372,3.745449115,3.710506874,3.982600654,4.147120371,4.036870204,4.004491308,3.771505749
3.214574621,4.060424397,4.005066393,3.407240174,3.56437508,3.507153984,3.354355594,3.218021507
2.782387565,3.827792376,3.767725613,2.957349729,3.005812887,3.006375023,2.609502724,2.906167049
5.443272447,5.056234055,5.211597588,5.292535674,5.156371227,5.44183842,5.666063942,5.446926329
2.885151595,3.463150785,3.452086075,3.102165752,3.0843297,3.138923042,3.158456831,2.939921743
2.857991452,3.210903234,3.248373776,2.937820503,2.916278621,2.63512206,2.586140769,2.693060334
2.365441252,3.108417492,3.154996049,2.578094978,2.496373022,2.192760454,2.323535349,2.526770451
2.567563982,3.950581191,3.888997957,2.895966051,3.027256315,2.854665452,2.531191125,2.716458908
3.117811601,3.280692824,3.318687796,3.125301537,3.120574572,3.004876539,2.870097701,3.028991573
4.085636267,4.3315087,4.339445341,3.976486836,4.069360734,4.145864438,4.029197091,3.901256928
2.791792867,2.847677282,3.004773488,3.014984901,2.791664686,2.844918961,2.891497571,2.905771738
3.488106333,3.167959658,3.197139903,3.750249624,3.668983621,3.516383824,3.691709557,3.394004274
3.343633386,3.151807938,3.205941451,3.466943183,3.294586252,3.475788669,3.565866108,3.466168419
6.245082942,5.149697145,5.329568297,6.192722005,6.087755095,6.288681774,6.187610786,6.162990688
5.551126796,4.483278938,4.497757513,5.346826132,5.294553256,5.491835338,5.711309515,5.322559893
2.803189214,2.617198916,2.868499689,3.096192845,2.829835756,2.564028312,2.750540033,2.901137523
3.895256522,3.451500485,3.448506672,3.86992911,3.884990855,3.788922605,3.829403787,3.71078532
4.599713104,4.064295515,4.048029414,4.605343588,4.587376458,4.783337387,4.459859884,4.447708078
4.934531356,4.940424782,5.059075861,5.092582858,4.949883944,4.993555002,4.876951256,4.536404493
3.286122112,3.978013057,3.91773773,3.411478726,3.56199702,3.504727856,3.351226447,3.133159702
3.47564046,3.934959527,3.874780159,3.505872812,3.68159572,3.620884356,3.520364657,3.285148598
4.954831076,4.788473534,4.875219002,5.022961064,4.945329644,5.150927212,5.297215532,4.852651245
4.731382381,4.057865019,4.027473969,4.575996205,4.68402169,4.834942773,4.827986876,4.640795725
3.313229032,3.325903945,3.317129036,3.402952184,3.461080665,3.401693046,3.417751017,3.25804645
3.492601176,3.522537337,3.480574485,3.245219065,3.304286009,3.587140624,3.420117854,3.631096273
3.158796442,3.176671898,3.204610298,2.843786097,2.814516041,2.995342354,2.929177774,3.057355194
2.773132334,2.911541522,3.038809108,2.81844684,2.757656675,2.669029076,2.888017068,2.799695651
2.911746957,3.29110514,3.296496931,2.976119848,3.010732292,2.78439541,2.820548228,2.903747422
4.036617886,5.001682704,5.148139685,4.353550043,4.416657143,4.145364325,4.040717274,3.920432072
3.822750041,4.419409021,4.44568398,3.996333607,4.073211305,3.915487876,3.957901382,3.860940349
4.156152871,4.294879355,4.320817836,4.079806331,4.126315479,4.149085708,4.220705137,4.025537397
3.684629149,3.708852275,3.697107775,3.730187779,3.687199221,3.792404293,3.8491061,3.581395988
5.750393862,5.313878639,5.533669641,5.933091922,5.866692133,5.653176757,5.763199296,5.781445945
4.179096609,3.773577247,3.711982696,4.116295013,4.089928445,4.20308399,4.423756752,4.140404712
5.831424938,4.977373254,5.122889033,5.830408404,5.703532599,5.625071794,5.759455679,5.772532618
3.241173141,3.108361029,3.154698498,3.200277089,3.099966173,3.143493467,3.374029226,3.101856829
5.866028999,5.340987482,5.558914071,5.828449142,5.664972703,5.850018566,5.948184758,5.264539573
4.111975399,3.859934574,3.820469313,4.099623262,4.196863065,4.164006584,3.959509004,3.842137338
2.807379099,3.980553534,3.920399579,3.209866469,3.300988027,3.080722808,2.920645975,2.969419081
4.882048812,4.068258398,4.064942378,4.883539353,4.887509226,4.981842297,4.692847616,4.547188279
2.325817209,2.589523681,2.839385255,2.690373512,2.575448683,2.367286293,2.056954127,2.600853268
5.540631282,4.246254024,4.272884191,5.403778471,5.36583744,5.626774409,5.694313539,5.412807801
4.869673471,4.168727682,4.125723516,4.467968303,4.547351602,4.781479525,4.764036477,4.772025765
3.568314798,3.377722718,3.361348593,3.42534911,3.402002755,3.579575963,3.558040424,3.653531373
4.432612389,4.008841931,3.952958226,4.163027669,4.240595996,4.424996825,4.290475832,4.42580371
5.07340542,4.657467526,4.719498137,5.143605252,5.066042287,5.122056261,5.105447427,4.91179373
3.412037273,3.146481155,3.181810439,3.002640023,3.030161429,3.255643129,3.44978782,3.340839072
4.12447689,4.313947987,4.298512724,4.093985036,4.219893244,4.069002738,4.179160997,4.043996621
3.719479922,4.276282221,4.249289677,3.874340813,3.970445129,3.586374339,3.797033368,3.674711591
3.260009849,3.447181999,3.443299559,3.381977604,3.419163225,3.092843714,3.127047693,3.27505886
3.871505166,4.643521323,4.692400439,4.129182915,4.228719813,3.86955221,3.973647394,3.842826691
2.934210417,3.256734811,3.265895818,3.128187278,3.09573595,3.010015396,3.002463249,2.947358013
3.220867239,3.276431117,3.278458082,3.219390434,3.133446113,3.116495722,3.217282393,3.218023748
3.681621912,3.270492489,3.304925168,3.560313854,3.490631691,3.699486839,3.583775994,3.628204852
3.362638587,3.137507743,3.18637984,3.340132433,3.271447036,3.281761885,3.490763953,3.378976771
3.888942188,4.045292552,3.987994418,3.806047044,3.838982133,3.971910984,3.93931258,3.681190484
4.222528039,4.042141882,4.008093426,4.200193513,4.270378114,4.160157219,4.097790366,4.021498606
4.696614325,4.501057336,4.545159204,4.907530016,4.877311159,4.813166241,4.675308166,4.359727734
4.970054121,4.923173891,5.055063567,5.303258519,5.205284634,5.184709839,5.082837566,4.686857794
4.626244746,4.484092524,4.490858229,4.580624862,4.611342623,4.53660828,4.505655989,4.347684861
4.333550082,3.590400394,3.571671313,4.088427829,4.31676398,4.450460977,4.372313905,3.979854115
3.230995314,3.003695431,3.083371583,3.137485573,3.199158377,3.193341868,3.192813335,2.91966886
3.501188127,3.105157204,3.152629434,3.360980541,3.387763472,3.579996371,3.557347676,3.293550663
5.441046251,4.116413518,4.078810779,5.436795593,5.360367951,5.385233281,5.48387398,5.483106077
2.989419253,2.786002548,2.957021195,2.947843521,2.796904162,3.065625055,2.856416459,2.973666112
5.071715118,4.653796139,4.738640312,5.265756667,5.166777983,5.315262945,5.232346341,4.817588225
5.106095515,4.491960479,4.520905825,4.975569621,4.95918318,5.115892583,5.173355938,5.006115163
4.368531156,4.122313913,4.078168826,4.282522349,4.385915296,4.439075367,4.577093732,4.405185745
4.232210082,4.11576155,4.071989184,4.02647409,4.145937581,4.01618115,4.191276609,4.085131864
3.605466354,3.52274689,3.524927802,3.568235294,3.617979595,3.52565899,3.485544212,3.506726779
4.357429379,4.130159817,4.150325755,4.45116919,4.304316331,4.220372998,4.072499844,4.345679176
4.188884817,4.070965519,4.073500069,4.342935474,4.248146878,4.288833064,4.150897516,4.264128668
4.561589216,4.555701616,4.61367668,4.748446967,4.642981462,4.593630123,4.523032727,4.71390339
4.020628984,4.177051758,4.137279385,3.874381152,3.932350142,3.801539042,3.85471276,3.842062014
3.753012849,3.817848698,3.763004126,3.717057514,3.736693195,3.682725658,3.676654481,3.849695156
4.279339871,4.107690065,4.094638576,4.411932351,4.404196731,4.239737878,4.208151589,4.196414028
3.997409858,4.645406043,4.687732714,4.49558904,4.449172467,4.365273193,4.186935814,3.871692497
4.46990853,4.377347568,4.383583206,4.564582732,4.574081702,4.535790494,4.454314309,4.230737296
4.213062203,4.202816794,4.162493011,4.211536601,4.302059862,4.178088901,4.187349486,4.108235504
3.570778924,2.915243681,3.046319934,3.438167244,3.490729307,3.586076239,3.620703395,3.334598872
5.287127034,4.346385836,4.323125682,5.195148478,5.253425246,5.341431104,5.107264333,5.770322213
2.347793123,2.173956924,2.654241976,2.666589522,2.192013698,2.408773126,2.43099506,2.618558172
6.407152553,4.360484718,4.354056893,6.225832772,6.091244233,6.301791122,6.292672542,6.93279404
5.436392239,3.813171173,3.80017954,5.512664111,5.540127168,5.460494306,5.443129587,5.355929109
4.762915475,4.21379421,4.208638693,4.75522204,4.746356626,4.855877303,4.732086387,4.685393224
3.610608789,3.578574635,3.573651307,3.650093127,3.6650508,3.609803087,3.502612526,3.521781406
6.027068135,4.625948053,4.657815455,5.922315172,5.742630553,5.946450153,6.000522444,6.025059813
2.864803523,2.613151527,2.854244793,2.884171857,2.695423455,2.886830998,2.807242245,2.939167815
3.337729887,3.173217804,3.205007137,3.218086069,3.311445991,3.41359604,3.373706339,3.136763898
4.162890657,4.295490955,4.27244434,4.213234615,4.328554799,4.213042882,4.094024703,4.127011273
2.372496245,2.751371396,2.92705432,2.536665456,2.425799402,2.298179492,2.225975233,2.55195296
3.026148108,4.083465765,4.029522508,3.227153833,3.380104919,3.000855454,3.141986825,2.971364302
2.953924196,3.734644783,3.677380657,3.176813965,3.274655925,3.008390192,3.232569017,2.905524056
3.674499809,3.467681356,3.45857214,3.637782686,3.657147557,3.699817406,3.585664959,3.574732093
3.618550929,4.397480032,4.387394684,3.79140351,3.836165345,3.536320664,3.683145475,3.581839399
3.561677303,4.053636991,4.004453029,3.687261487,3.76741143,3.438336706,3.558993252,3.566400505
2.649788044,2.484915578,2.799059145,2.856802316,2.756846464,2.551460135,2.773060616,2.753170662
4.099233935,4.099886822,4.052296086,4.049265197,4.129327304,3.963420483,4.135375278,3.900898932
2.810677218,2.655001109,2.878640587,3.155047321,3.053142576,2.920094706,3.085429385,3.032583044
4.826074716,3.869710985,3.819037175,4.602050458,4.682596114,4.823219769,4.722330237,4.785897285
5.217657521,3.972206879,3.911453644,4.977418498,5.02243582,5.237713725,4.9743159,5.115751686
4.990488254,3.630399937,3.582374112,4.503698231,4.493426857,4.820076645,4.852763828,4.73010965
8.441650501,5.346138359,5.575313443,7.816110014,8.249390747,8.555237247,8.518693239,7.727954915
4.113181143,3.038947373,3.108185611,3.861765977,3.890864965,4.015593144,4.164868149,3.855585303
3.703210207,3.452602831,3.454633114,3.610567254,3.651103521,3.964067558,3.817772919,3.7541168
5.757111037,4.194868386,4.154802865,5.686381556,5.548490615,5.897202128,5.738786056,5.729662604
3.296328563,2.940049477,3.055041916,3.26324891,3.130674236,3.26109867,3.017473488,3.184044593
6.662740018,5.244783268,5.442709281,6.578212804,6.387296918,6.801594578,6.495674203,6.585097822
2.924361993,2.577063448,2.832861853,2.900115717,2.699590342,2.608720456,2.66364714,2.909933734
4.519774814,4.326407335,4.317170623,4.638446814,4.634037619,4.714191695,4.57489863,4.573742902
3.908737004,3.858378591,3.804399404,3.630048628,3.832695197,3.723367198,3.651791336,3.402195707
3.986368744,3.791516254,3.765951134,3.966679296,4.063185938,4.038239771,3.976650317,4.032356919
2.286960375,2.956654881,3.052089711,2.560875501,2.398345899,1.966828063,2.110599227,2.471297767
4.214946829,4.036293896,4.010942516,4.281811255,4.217091726,4.2051597,4.131019102,4.623000726
3.187085405,3.77206599,3.714152743,3.243761022,3.308001343,3.069922946,3.166045285,3.036937656
4.313297271,4.653704492,4.706468049,4.458427122,4.478458371,4.190261036,4.275919297,4.113734516
2.989772072,2.817835267,2.974840797,2.963800423,2.960931586,2.792521976,3.059906967,2.805301382
5.647415457,4.635120012,4.708285382,5.495113319,5.469923737,5.373359999,5.540465039,5.702850697
3.346362255,2.769728494,2.956085665,3.451839747,3.344553807,3.344594612,3.51441349,3.133383993
4.544818425,3.759729365,3.698382988,4.402735269,4.485466174,4.626646085,4.398070547,4.433900651
5.032655348,3.694046769,3.647316906,4.93918918,4.934390814,5.110065451,5.011810578,5.128294399
4.485467406,3.239134435,3.276752687,4.410484027,4.480222563,4.564432026,4.415609104,4.002214531
6.538495943,4.204268101,4.205815142,6.541953345,6.354786007,6.458828776,6.267662453,6.876406727
3.575905166,2.775910571,2.962254459,3.632274398,3.674572038,3.631157113,3.531956943,3.429588598
5.337560728,4.394655845,4.420223966,5.228158574,5.216036974,5.434623021,5.192021113,5.355207609
5.931682178,4.168945598,4.125837623,5.728072294,5.663635648,5.992110669,5.693821758,5.990504138
4.356488468,3.720750871,3.690560287,4.188266278,4.207824357,4.632490091,4.36628138,4.381851031
4.546620438,3.666494847,3.614623444,4.35410062,4.375709993,4.674855496,4.554826199,4.377535601
4.300070751,3.722072971,3.663105046,4.277362048,4.312731389,4.419860732,4.412228649,4.194541863
5.467566477,4.765437501,4.853167594,5.500322298,5.326458454,5.407993879,5.374772197,5.334163228
4.295525461,3.942096482,3.918038894,4.308965743,4.332895213,4.426132812,4.373922679,4.277874903
2.445913703,2.42100842,2.763121112,2.469464666,2.322978202,2.457430298,2.370934869,2.487481017
2.733894524,3.153754153,3.188598726,2.70721709,2.715414349,2.75585795,2.708977319,2.595460708
3.783281699,3.276785622,3.311051094,3.681200958,3.76210793,3.829589329,3.666046329,3.65598415
2.816680852,3.652706603,3.597847333,2.940263797,2.936345218,3.002916521,3.136284838,2.880776842
5.096679955,3.97797069,3.99313071,5.232965974,5.097470045,5.24694379,5.033420531,5.595002004
2.821105437,3.321894676,3.314563231,2.797209342,2.696465828,2.763100914,3.136117626,2.951830587
5.617728878,5.029834131,5.175168627,5.649438588,5.699286066,5.505818273,5.671118777,5.61199227
5.131371034,4.116064625,4.081961517,4.998474126,5.003972747,5.149632451,5.188736315,5.054831046
5.019542949,3.715344185,3.69127888,5.066540173,4.975020085,5.002310586,5.122021921,4.900040312
7.573877611,5.014928938,5.162065508,7.247476204,7.314935179,7.36001254,7.279515359,7.381972246
4.710149721,3.394898431,3.389249011,4.742763683,4.719763521,4.766390852,4.710242821,4.559666187
5.319356356,3.510144084,3.473656354,5.034577665,4.948989458,4.842769229,4.943311088,5.280015853
3.526397302,2.679674978,2.895804264,3.498704228,3.490522566,3.611094619,3.681629925,3.4913645
