Y,MLR_YHat,ANN_YHat,GWR_YHat,GWANN_YHat,GNNWR_YHat,AGWNN_YHat
7.456666644,10.19310321,9.006720335,7.604657253,7.725418542,7.805186852,7.564091511
7.436666687,11.43491073,8.459704146,7.365186823,7.370493473,7.637307602,7.27666517
7.023333311,10.73826645,8.692850392,6.947566973,7.068864783,7.223796076,6.988813309
12.29500015,9.943105744,9.101829172,12.29750511,12.32059725,12.02257017,12.1764346
8.542857034,10.54261298,8.716626484,8.124725481,8.233331179,8.173572648,8.02157192
6.873333311,10.28927764,8.606677281,7.091384618,7.186764692,7.162138932,7.184729453
7.970000021,10.12556518,9.06133661,7.700755137,7.678947627,7.869598817,7.813772999
6.724999905,10.5852203,9.499948803,7.501229991,7.47498321,7.436420031,7.343065195
9.87500006,9.626732276,8.933013791,9.909932124,9.957117722,9.720562241,10.04445073
8.564516167,9.483968899,8.837525647,8.882057938,8.826015204,8.476840787,8.06474325
9.037499905,9.678236045,9.289565747,8.288904993,8.272561408,8.680000879,8.786443323
11.66593403,10.73544479,8.936541108,10.69522173,10.95348681,10.59475074,10.71147181
10.19310343,11.28891428,8.757775618,10.94636001,11.14783459,10.43391876,10.57823723
9.048275816,10.25293471,8.727999811,9.213337383,9.18504154,9.152037378,8.893272742
9.431250036,10.412903,8.467948002,9.074510666,9.043634336,9.000950868,8.695674539
9.296774187,10.77716746,8.416342633,9.52876618,9.496404575,9.595690746,9.364602885
8.93750003,10.42712943,8.5574262,9.163848593,9.080737691,8.839661207,8.54965848
7.258620649,9.953502879,8.746518673,7.395940381,7.447287544,7.531810792,8.076528705
9.939393896,9.910926294,9.213015061,9.82148881,9.810001878,9.759393839,9.264438207
9.183870977,10.08962521,9.063352052,9.900163043,9.985079982,10.15707913,9.418770813
8.299999985,9.505498427,8.859041876,8.975987935,9.171984537,9.328464726,8.500784368
7.693103363,9.518859548,8.797974798,7.803557604,7.800990367,7.802109375,8.208486956
7.723333367,10.28745555,9.080557824,8.521263957,8.487622547,8.295769457,8.648173586
12.05000001,10.45125347,9.380642147,10.7283436,10.72918308,11.2876135,10.51262478
8.674193575,9.363835948,8.591605789,8.985414775,8.821441605,9.11392482,8.807142547
10.57472527,10.45125347,9.380642147,10.72438553,10.72711637,11.30774964,10.51712354
9.375862105,9.742404429,9.081418654,9.425651333,9.410575436,9.174336,8.784111389
10.12000008,10.4198233,8.715058989,9.329073198,9.232816146,9.481919262,9.777564382
9.546666654,10.14265778,9.013493102,9.420763549,9.298717178,9.606146146,9.877857368
8.150000008,9.974515769,9.475040467,8.047192784,8.028074482,8.118351128,8.116465015
8.096666686,10.19321173,8.752995203,8.105734778,8.136355317,7.659708179,8.174828315
9.183333222,9.382536768,9.007137561,9.694714643,9.843112862,9.721148591,9.173810445
8.627586151,9.491081183,9.334006415,8.918145852,8.885236645,8.77600733,8.899559651
5.793749973,7.793963576,9.072012954,8.13716013,7.231342471,4.652554328,5.889873184
7.66451618,9.383068477,9.474636594,8.461860835,8.502714475,8.553066323,8.324898806
8.674193562,9.792108108,9.21730726,8.885246784,8.890391418,8.651213368,8.690417895
8.796551762,8.940288411,8.518235054,7.259502334,7.048766233,6.636328739,7.222321226
5.762500048,8.940288411,8.518235054,7.259384901,7.024128487,6.619754433,7.215899038
8.296153848,9.83005442,9.240866342,8.226977651,8.258727649,8.110714785,7.787520125
9.409677413,9.799798068,9.097716749,9.841285316,9.823217173,9.898705754,9.458145265
9.489655182,9.649565571,9.03045088,9.555825113,9.526499636,9.525717141,9.998605709
9.164516203,9.614128858,8.947789255,9.672170931,9.677559545,9.483690246,9.902323665
9.335483782,9.309717334,8.879042213,9.393869449,9.362288294,9.292508399,9.608734838
12.55666657,9.632619741,8.812573368,9.743068891,9.98117204,11.66053679,11.15433836
9.361290393,9.614128858,8.947789255,9.682203055,9.684341216,9.512162619,9.938542724
8.961290306,9.538084019,8.836908438,9.718452476,9.890108696,10.1955263,9.921778418
9.01290326,9.007702167,8.982239457,9.519762315,9.53530107,9.582665838,9.746287784
8.435483886,8.946848322,9.049960064,8.7611347,8.789418889,8.856523659,8.638245392
8.696666654,7.818356648,9.278457255,10.66602675,7.948598081,7.641996374,7.531076595
9.833333413,9.158904184,9.203934903,9.226122402,9.11149411,9.163808379,9.594266798
9.581249937,8.985193938,8.840236303,9.44465455,9.551185859,9.462367261,9.89992727
11.83461542,8.622477667,9.86770324,10.61060577,9.82132249,9.967531949,10.77325552
9.522580685,9.468799769,9.206805679,9.629048157,9.586788745,9.516534902,9.686150272
10.01935484,9.043026926,9.157553343,9.06213666,9.13044698,9.13288079,8.919316069
8.864044954,7.721989728,9.280143304,9.071580599,9.385107628,7.428352445,8.224752099
7.44222223,9.820712027,8.695799551,7.612007725,7.750786012,7.552867029,7.579499875
9.733333254,7.762330023,8.311251355,10.50635646,9.955850622,10.49374896,10.32161358
8.525806458,9.402092688,9.313206954,9.256073579,9.297629749,9.423833684,9.252943824
9.115000033,9.487242659,9.225428366,9.457275542,9.483320049,9.280055083,9.554206245
9.489285725,9.746486982,9.139797975,9.826927173,9.813901485,9.782238174,9.973397105
8.184615374,7.655858907,9.313851969,10.34779659,8.571970296,8.021888184,8.054240579
6.9709678,8.583037972,9.401990418,8.050512344,7.835041646,6.543002258,8.354224157
14.6968751,8.418170331,8.782904396,10.13287856,9.769855973,10.81348476,12.31401169
9.344000053,8.694186588,8.89760378,9.419119062,9.479078511,9.141085461,8.880494866
9.680645097,7.951225284,8.172636838,9.399811116,8.928313346,9.494098996,9.418785657
7.702352935,9.483017239,8.965541394,7.928139046,8.010931783,7.941037362,7.724280043
8.590322571,7.405763771,9.154418999,10.53824086,9.200636486,8.617311979,8.858876741
9.945161204,9.226404474,8.797989353,9.386225744,9.571132124,9.633853958,9.506610794
9.396296236,8.726042653,8.702828221,9.631892853,9.615386098,9.979493377,10.0695323
10.56333336,8.840332032,8.689042416,9.519508166,9.639513136,10.15565946,10.37211844
8.606451634,8.250626272,8.436024656,8.501282889,8.494802183,9.436240582,9.134922377
9.883870971,8.896500906,8.81689576,9.407084887,9.363088235,9.860286245,9.946859524
5.403333346,8.536859673,9.404427017,7.262421808,6.893512901,4.495729618,6.373945723
6.725000009,9.356832815,8.550954368,7.782201063,7.161682937,5.397294977,6.798458902
10.01935485,8.883395093,8.86271244,9.654611361,9.661842416,10.00999009,10.19360637
5.693333332,9.675237943,8.850959433,6.607006816,6.22222688,3.961052697,6.22364452
11.13749993,8.844261371,8.846495982,9.672452313,9.644306892,10.01303459,10.21230933
9.987500042,8.393172947,8.472242279,8.98540294,8.930666135,9.724764308,9.628955577
11.17741939,8.844261371,8.846495982,9.67214113,9.646506961,10.01141903,10.20832948
9.899999957,9.738814415,9.183603713,9.405778551,9.41559016,10.18634426,10.21641279
8.561538485,7.490856837,8.829541005,9.19335584,8.833881649,8.970798175,8.96984266
9.19295773,9.235928742,9.230504016,9.508367789,9.590540467,9.913994695,9.797305851
9.067741963,8.711987002,9.422419707,10.38309175,9.381298783,11.07876994,9.920440755
8.569230758,8.826656758,8.791422636,8.521781863,8.615897307,8.500578332,8.158998727
10.55624999,9.549164122,9.347251349,9.484424569,9.559701509,10.09349407,10.00025957
8.809302306,8.184765701,9.808146547,11.14516825,10.02064991,9.556434567,9.800086774
10.18709683,9.549164122,9.347251349,9.481378003,9.563773981,10.07930405,9.994905867
8.762068905,8.184765701,9.808146547,11.14818645,10.00646877,9.610186739,9.832159628
9.620430077,8.356547321,10.32823106,11.00443789,11.07966981,10.41460604,10.89201227
8.496774181,8.126390069,8.978881909,9.941369749,8.137858197,11.15154799,9.32376232
10.03068179,8.184765701,9.808146547,11.15188237,10.01851719,9.678153777,9.872457093
9.794623671,8.349420727,10.35075455,10.93569064,11.19139315,10.26382109,10.91041975
9.109677453,9.140197325,8.769149741,9.280899575,9.295152086,9.022420221,9.367856449
13.13103447,8.103049037,9.932277112,11.48273743,12.9466706,11.88022385,12.40718728
10.36250007,8.429172182,9.895124811,10.53694476,11.27243944,10.15930995,10.70135453
9.61935484,9.323604171,9.083294845,9.135899589,9.163254598,9.909486977,9.871872816
13.95543479,7.958865983,9.48964888,11.06690938,12.19792902,11.2025064,11.99842318
8.711956501,8.952925011,8.82851431,8.847588293,8.936962857,8.636755898,8.158973488
11.78478257,7.905822342,9.304193479,10.17106412,10.12899062,9.892770431,10.33221624
8.586666679,8.989081023,8.882033387,9.104167967,9.197291585,8.683117485,8.159459419
13.31333334,8.244147237,9.766164183,10.58529118,12.8977891,11.86202581,12.42818027
11.49199997,8.163628611,9.430302906,9.999818671,11.15567965,10.14548708,10.82763285
11.72500005,7.600045774,8.546180379,9.267968855,10.13744394,10.02780183,10.54007772
10.11612908,7.806384345,8.35139757,9.320394705,10.60647518,9.300898298,10.44715275
8.270967745,9.059408974,8.918561174,8.474613434,8.590272854,8.48587567,8.02360891
4.330769209,5.483167927,4.656189887,3.576165209,4.014252526,4.581974185,5.146681437
8.596774224,8.493423362,8.434256557,8.766704756,8.733689019,8.751144574,8.837151664
9.706451601,8.994113512,8.653375898,9.162674551,9.366696931,9.529836996,9.976560328
9.510344867,8.497145725,8.465469771,8.812311736,8.978103836,9.759183766,9.736571683
8.633333373,9.075846079,8.916335625,9.149324567,9.11915945,9.19856351,9.259687625
9.99677412,9.141653331,8.597506852,9.450580807,9.666113503,10.17933162,10.62948024
8.33913036,8.700645293,8.806813877,8.761578223,8.886016786,8.548445979,8.024375527
10.90344832,9.345331865,9.040605128,9.889305833,10.00588257,10.58493886,10.59477649
8.738709711,8.768733137,8.849462305,8.74419308,8.725694293,9.564039953,9.272667872
8.676923009,8.429720965,8.6071334,8.412280998,8.508722548,8.828503867,8.260432391
10.17252744,9.345331865,9.040605128,9.889957572,9.967242091,10.54312829,10.57619261
8.895000052,9.294436708,9.342684747,8.6841397,8.708085642,9.042049302,8.86165207
8.223750007,8.671231426,8.889821475,8.540261689,8.638330109,8.978784564,8.221736884
7.893750086,8.52494105,8.418060405,8.29387611,8.27518249,8.121237213,8.475673407
7.97078647,8.593451132,8.798182142,8.805028185,8.862222799,8.747802243,8.048986914
8.782608696,9.032524373,9.192190772,9.121891826,9.209459849,9.148104777,8.691111617
8.664516103,9.077713868,8.937646775,9.098884564,9.106937902,9.00880056,8.898258346
8.756249964,8.943771342,8.807258822,8.381573789,8.514209601,8.374610297,8.256175876
8.296774172,8.946713438,9.269869684,9.002698713,9.099858906,8.84788861,8.34120985
9.37096775,9.802482875,8.798525083,9.397324591,9.502572512,9.169622653,9.380459886
8.885185153,9.233787368,8.750641698,9.324159904,9.422031449,8.918182382,9.07542689
8.687096765,9.233787368,8.750641698,9.325169918,9.436039929,8.92398322,9.087427514
6,8.210981892,8.192017155,7.694857101,7.647989773,6.772082107,7.306294752
8.806896506,8.919833544,8.488346938,8.903154288,9.04869392,8.744983696,8.845084862
9.4375,9.161987752,9.137412236,9.039533362,9.105080996,9.53936035,8.757103025
9.26129032,9.035439965,9.137729021,8.85702687,8.928233802,9.442135954,8.65431582
12.16774187,8.135774011,8.897094524,9.837551223,10.47483032,11.13495677,11.10597872
10.15777781,8.062962365,8.915482723,9.791857762,10.32781263,11.21695394,11.11195609
10.45806446,8.135774011,8.897094524,9.824101152,10.46826849,11.07184122,11.02868958
8.819354888,8.616131544,8.362662465,8.561333579,8.639292393,8.548826406,8.871068002
7.693103412,8.059244183,8.238944893,7.537248581,7.60775768,7.760189351,7.708675023
8.762500077,8.836201603,9.336532545,8.910138169,8.919424452,9.171686015,9.192402644
7.419999933,7.948230685,8.284355104,7.921444069,7.940699945,7.997104618,7.549563042
8.799999952,8.680250155,9.249225381,8.716816021,8.7628919,9.288809224,9.390025941
8.881481436,8.80267028,8.509493152,8.768538229,8.902471965,8.935211044,9.322331284
7.790000057,8.616578487,8.720168172,8.217986595,8.309897715,8.36268163,8.096071966
8.699999809,8.594801345,8.606672441,8.766924567,8.825881207,8.697917823,8.328854351
8.443750039,8.222343246,8.495742282,8.061340774,8.173020956,8.586807222,8.09339381
9.058064538,9.085626068,8.900463736,8.893452465,8.986554395,9.157260213,8.812773259
3.850000143,6.664452649,5.526732848,3.867196331,3.822702153,3.294911497,4.908951533
8.458064441,8.987865396,9.234773593,8.319748496,8.362689603,8.596803023,8.122936155
9.103225839,9.338075872,9.271037462,8.795349224,8.877336932,9.080304811,8.644196367
8.535714269,9.338075872,9.271037462,8.796138531,8.826552727,9.082685106,8.646055707
8.390322639,8.777890573,9.020396511,8.509725181,8.584656838,8.360654445,7.924479098
8.379999828,8.232667452,8.394243494,7.913624391,8.033763513,8.553340458,8.192425301
8.8967742,8.413249815,8.727053788,8.511734865,8.617926691,8.933755891,8.376848975
8.948387023,7.303107711,7.979361743,9.19786222,9.712240874,9.970517956,9.639083512
8.588461582,8.334634333,8.424519771,7.929349808,8.011381054,8.589264648,8.392196786
5.690322515,8.33259422,6.507261742,5.458794702,4.838421907,6.398005936,5.240669594
9.597560912,9.537622322,9.283797954,9.223704715,9.225873452,9.312777049,8.831693837
6.070967774,8.33259422,6.507261742,5.471720708,4.86936033,6.408034155,5.238773873
8.652631499,9.537622322,9.283797954,9.224378773,9.243593443,9.298799057,8.81453346
8.070967674,8.179260059,8.243090655,8.138191049,8.207093142,8.423086344,8.475560354
8.061290256,8.364287817,8.247557586,8.121039158,8.112412107,7.800099196,8.101234529
8.573333306,7.988417777,8.411128529,8.834700083,8.864558976,9.077486915,8.669013856
10.43000002,7.289816052,8.430423076,9.315226061,9.66122053,10.59622152,10.40519994
7.391666691,8.015050548,7.842139046,7.629823553,7.681961682,7.414392335,7.788490743
7.850000024,8.015050548,7.842139046,7.631389692,7.710214765,7.41202578,7.788225628
4.258064516,7.153282763,5.988964149,5.719481757,4.930081251,5.279289955,5.267857491
7.519999981,7.929254014,8.434312461,7.91373516,7.963016982,7.602057712,7.297958821
7.49999997,7.733035606,8.064729286,7.504340568,7.596955301,7.377173728,7.368075201
8.648275918,7.452070411,8.254320251,8.590970356,8.775876086,8.722256526,8.220887218
8.674725305,7.773766946,9.017398797,8.864789784,9.023338614,9.51409222,9.079275464
9.309677439,7.759371609,8.633323001,8.800483161,9.084727257,9.027364634,8.405997253
7.523333343,8.58099495,8.651170169,7.954026382,8.007452861,7.950885706,7.746370256
7.929032287,9.00841278,9.065655087,8.250020043,8.314097207,7.581987446,7.640417336
9.279999955,8.171167424,8.369125314,8.051834239,8.077269654,8.30190969,8.239330791
7.975000083,7.242195162,7.912812832,8.133277345,8.092576413,8.032187025,7.657368466
8.379310353,8.230906825,8.647852791,8.150728288,8.130259439,8.323872743,8.145142909
8.133333312,8.72269315,8.647272788,8.735197868,8.749203268,8.194110379,8.34315579
8.077419343,7.891108792,8.135419896,7.89624009,7.934045016,7.964372437,7.902969894
7.680645143,8.049144813,8.264177804,7.392356997,7.502604472,7.465675332,7.423020249
7.231250092,8.125342313,8.587557863,7.943591594,8.015765441,7.516610788,7.537701395
7.641935472,8.279589114,8.762873698,8.542652008,8.531246265,8.112008885,8.025157185
7.993548401,7.632147484,7.98609375,7.99795584,8.014142776,7.76687823,7.565551893
7.535483945,7.216940689,7.859039344,7.881455149,7.767922144,7.55112713,7.260144489
7.620689589,7.957605626,8.161494715,7.898948562,8.003777573,8.055011169,7.965365199
8.314814779,8.437008201,8.595333486,8.165978564,8.231563991,8.181566255,8.079693369
7.980645195,7.581751541,8.017296151,8.259061272,7.591797253,7.62849001,6.693550733
8.13870966,8.042686266,8.195849348,7.941722363,8.035203931,8.498065035,8.25593626
7.753333278,7.969612203,8.616853207,7.378883483,7.504278646,7.934174147,7.790892164
7.461290413,7.776497321,8.284474775,7.943328744,8.037917133,7.331047187,7.1844929
8.578260857,8.346284919,8.338721195,8.057120115,8.185495213,8.474621609,8.425945639
8.677419378,8.922111102,8.781999048,8.66185159,8.74000787,8.461396411,8.527855759
6.571428571,6.863663647,6.95287579,7.247538498,7.046689275,6.629298488,6.654261664
8.096774247,8.07287946,8.0558762,7.750279242,7.899842184,8.249421844,8.160568479
7.987096817,7.975074042,8.312959919,7.880889468,7.889035708,7.927350463,7.875467847
7.889999962,8.904768857,9.035008214,8.426269323,8.386780836,8.308477573,8.166473436
5.990322536,6.30585606,6.224923208,6.442713715,6.12590805,5.76985946,6.03718043
8.59333334,9.010869948,8.786631245,9.199741443,9.226656766,8.967694128,8.670559774
8.300000064,8.400916355,8.52760754,8.684553244,8.719818426,8.79879524,8.669891414
7.993548416,8.374558126,8.695057972,8.491763918,8.459372216,7.989843273,7.866088173
7.369999941,7.921874852,8.246623097,8.016162104,8.071984885,8.017893051,7.946908957
8.420689665,8.338715702,8.508813436,8.375717715,8.371079873,8.609829893,8.547260626
9.316129054,9.301273389,9.127288508,9.468517061,9.45626477,9.187779317,8.927333233
8.629032243,8.717135275,9.035059068,8.960400593,8.947551777,8.630983932,8.449478334
6.867741962,7.780628155,8.212443944,7.83332225,7.899852944,7.622349637,7.62368441
5.216129011,7.538676685,7.954528745,5.815176697,5.893142816,5.364038707,5.527806603
8.809677355,9.214957602,9.288374124,9.185256613,9.143572719,8.817421736,8.592977938
8.15333333,7.94948238,8.672684852,8.421153554,8.439501802,7.793483276,7.619574629
8.200000024,8.021763609,8.643569282,8.399419081,8.434711305,8.046633127,7.866292205
8.180645143,8.271472371,8.381890093,8.306965768,8.344726219,8.680803483,8.542518423
7.976666673,8.444771466,9.002351651,8.521346143,8.528082719,8.485721831,8.524002748
7.855172453,8.868087888,9.64857278,8.727256503,8.649668037,7.668301333,7.60880423
7.290000033,7.995700093,8.453853346,8.278372776,8.355752537,8.264079606,8.187710088
7.403225806,7.696989738,7.972763042,8.230511867,8.245102129,7.96240167,7.8897122
7.929032203,8.848543161,9.107832875,8.987600175,8.956031171,8.496590094,8.700443568
6.433333325,7.372606182,8.115892012,7.564473424,7.324790506,6.468893655,6.359846681
6.996774235,7.372606182,8.115892012,7.55350298,7.294626535,6.45500787,6.352929424
8.866666675,9.265655231,8.956345157,9.394535001,9.335476448,9.728689307,10.18043548
7.141573041,7.429960842,7.986972965,7.70955989,7.513000331,6.57248576,6.31659401
7.350000024,7.097330239,7.305424767,7.717155034,7.703206074,6.626966453,6.464708202
10.70000002,9.393117003,9.026584456,9.614710967,9.533015967,9.903909565,10.28909303
10.60000038,9.393117003,9.026584456,9.614666002,9.529875236,9.903816922,10.28712126
5.193333324,7.510948615,8.095488827,7.253260024,6.926925731,6.539148961,6.326471881
8.03225808,8.633173693,9.050844797,8.911969637,8.904188309,8.703663645,8.955611491
7.977173927,8.463380155,8.786104855,8.368142429,8.343254588,8.093148974,7.846274809
8.899999931,8.963063307,8.932355953,8.983028131,8.980114702,8.552254962,8.414059347
9.113333344,9.901790764,9.145841222,9.968703831,9.731087792,9.910776671,9.558221638
8.432142862,8.170529347,8.216541159,8.100006847,8.186067881,8.169438423,8.076294641
7.553333362,8.437108267,8.519485203,8.1969878,8.169483816,8.039367345,8.473510456
8.103571381,8.466986572,8.419660039,8.372946309,8.384050184,8.631804322,8.359341922
3.679999979,6.157586988,5.701413194,5.491718147,5.041047119,5.360224676,5.703574302
7.968965489,8.660687836,9.298543599,8.788437214,8.755201149,8.275424795,8.352722573
8.174193551,8.519037395,8.579828149,8.531056987,8.571138942,8.231626461,8.218083527
8.614814847,7.771557148,7.980887336,7.874402223,7.906653824,8.324836891,8.165354793
8.019354836,8.208913186,8.576136751,8.215803723,8.210223148,8.166023056,8.065954527
9.462500006,8.70109301,9.297637137,8.978266496,8.939957996,8.262398514,8.245350226
8.47741933,9.254739181,9.408994107,9.498019777,9.41891481,8.772092026,8.764858067
7.974418637,7.147879159,7.301005689,7.630271862,7.71193006,6.830214271,6.636637468
7.29333334,8.045230402,8.319983303,8.004876136,8.013493025,8.193288799,7.648585661
8.083871011,8.277255056,8.435753237,8.442297057,8.530134188,9.472632126,9.628597557
7.624999985,6.804761122,6.680708433,7.317144945,7.132453184,7.012925429,6.742385052
9.40625,8.674514139,9.215477241,9.118133946,9.144697418,9.052936393,9.382235077
5.206250012,6.294824411,5.601884242,5.914476312,5.246544138,6.127664303,5.7511059
8.165384568,7.790064475,8.585484432,8.619812693,8.574240887,8.838188566,8.647597318
7.503225788,7.750789175,8.091309609,8.028903115,8.009297624,8.10081714,8.075193446
8.822580691,9.197576215,9.060696813,9.315364287,9.272171568,8.749475644,8.221898526
9.181250125,8.784285141,9.030007987,8.986182759,8.942499447,8.666926751,8.245525012
9.399999959,8.561301696,9.348715299,9.214900001,9.18000877,9.114452715,8.943789767
5.442307711,5.168760959,4.472162615,4.278764952,4.553879411,4.930497011,4.896349687
8.956249967,8.575879475,9.112734709,9.009676461,9.041072828,8.960093516,9.244823476
8.323333375,7.972243823,8.766464728,8.158026937,8.145571779,8.522376482,7.919884592
7.162499964,7.675912366,8.331180428,8.504404981,8.546557725,8.356850971,8.227481319
8.740000025,8.035594531,8.444250764,8.444063653,8.44648803,8.490636229,8.542640407
9.162499934,7.987074147,8.362424214,8.152860323,8.139741233,8.142353903,8.022302763
7.820689686,7.388257137,7.863000033,7.806840001,7.775081967,8.453412632,7.783008818
13.49333318,8.328029,8.616168624,8.913734728,8.988376168,9.598567564,10.22915749
10.95000005,8.328029,8.616168624,8.913455752,8.984954639,9.601691832,10.23338512
9.550000042,8.328029,8.616168624,8.913507035,8.968417452,9.604220836,10.23417725
9.82777781,7.634713484,8.286832202,8.484839182,8.478625834,8.908175067,8.791029083
8.870967742,8.343784007,8.424222868,8.463928296,8.497766919,8.955196159,8.70595816
9.99999994,8.328029,8.616168624,8.912552778,8.973183259,9.598584231,10.2341204
4.729032247,6.529614336,5.45917137,5.356563759,4.740770173,5.136769679,4.938514126
5.203225816,7.208543577,6.325959012,5.939365177,6.073129133,5.421146285,5.618256232
8.193333371,7.863243114,8.031492158,7.591456599,7.624981636,7.974705679,7.758516852
5.545161255,7.208543577,6.325959012,5.935335035,6.061527866,5.465171769,5.634640624
8.889999994,7.579865618,8.055019827,8.431924381,8.42519085,8.784123735,8.723340398
8.485714299,8.288285946,8.598402605,8.490758038,8.463223514,8.464377089,8.067000542
8.387499988,7.619008825,6.87518861,6.181827337,6.42055771,6.010336312,6.261285544
8.076136405,8.325107049,8.597024578,8.428006893,8.402307523,8.42996996,7.966319459
9.665624991,8.818253954,9.044267435,9.258300035,9.22941611,9.645162727,9.592846045
6.286813196,7.779137206,7.09905691,6.271489627,6.570852373,6.310781495,6.45983139
8.406666716,8.443318011,8.88878409,9.014916883,9.03012014,8.843192395,9.096237665
9.373333248,8.621296283,8.979980543,8.974298549,8.94200498,9.088747165,8.902309023
8.162068959,8.388121381,8.60688735,8.357098259,8.347523541,8.444599907,7.859090437
6.320000041,6.896716093,6.729487464,6.346768707,6.06461813,6.247459819,6.225910003
9.127586266,8.621296283,8.979980543,8.975679147,8.951329384,9.095830616,8.910801941
5.909677413,7.779137206,7.09905691,6.272622165,6.579891485,6.330026422,6.474924287
9.700000071,8.621296283,8.979980543,8.976870606,8.924778087,9.105183093,8.921269099
9.54666667,8.818253954,9.044267435,9.259485456,9.235919018,9.672514028,9.618315848
8.572413798,8.717117496,8.898606336,8.991451802,8.965963484,8.755579346,8.21779897
8.703225797,8.580505933,8.981663425,9.040884247,9.04287571,9.492716933,9.490873753
4.489655133,4.892570261,4.348491241,3.929378885,4.388842329,4.622113937,4.793762129
9.331249982,7.676315856,7.936057465,7.985725207,7.976434331,8.193898687,8.049774732
7.393548327,7.555031359,7.802017525,7.82645443,7.815128361,7.10123812,7.217463084
8.979310282,7.895892412,8.482896902,8.648358038,8.673750976,9.103331064,8.925526968
7.311764619,8.52329755,8.813063795,8.8659227,8.771533157,8.41922321,8.411921941
9.404761837,8.502416116,8.864347588,8.957131079,8.948306284,9.367781729,9.367821109
8.024999961,7.963534059,8.295364465,8.556019446,8.543754838,8.064207456,8.074391904
10.6483871,9.471241177,9.026077169,9.712583342,9.678152941,9.094344875,8.682334928
4.935555551,4.953500424,4.416883881,4.417035323,4.510566751,4.824057356,5.049062782
9.067999992,7.895892412,8.482896902,8.652606752,8.646514902,9.127580125,8.94898201
8.651612936,9.338215947,8.959002,9.479565221,9.4794761,8.960913258,8.60520783
9.199999951,9.338215947,8.959002,9.480655431,9.486818455,8.969555667,8.617288781
7.88681319,8.140245808,8.465894132,8.189715443,8.179519674,8.427704549,7.828839898
8.417241409,8.180967773,8.588852157,8.46219289,8.379422063,8.096926721,8.135200885
7.667741991,7.856150638,8.024166977,8.258738422,8.275373848,8.482563406,8.400187442
5.066666643,7.241879846,6.289317792,5.75200117,5.893315567,5.338557151,5.695405391
8.86813186,8.108004546,8.541912289,8.638427093,8.62214086,8.514262921,8.371344622
8.328571401,8.558727973,8.73742683,8.857344691,8.845947693,8.67366031,8.748553699
7.383870955,7.37888725,7.606322474,7.731560385,7.859752774,8.085228452,7.657095267
8.119354863,8.100726841,8.666209308,8.467946518,8.38343562,8.024303494,8.012445493
8.529032261,8.030848692,8.474621655,8.371854664,8.30106736,7.946498096,8.005000666
8.517241429,7.695186546,8.10631919,8.338426175,8.376134033,8.839003812,8.715056321
7.816666595,8.130260136,8.386265542,8.643040899,8.693273366,9.198839506,8.475454403
6.317567555,6.294107517,4.938618172,5.973069576,6.032640725,6.152409789,6.207986051
8.742857123,7.637624899,8.202972999,8.708966359,8.670974049,9.137557888,9.027945469
5.277777751,7.286944252,6.636918509,5.705599441,5.776397538,5.736912792,5.829906257
8.048387097,8.035834491,8.246172453,8.589415807,8.631947755,8.980862067,9.136670549
6.390322554,7.043370129,7.381399207,6.169782543,6.280879136,6.498956273,5.952016591
8.800000017,8.381374823,8.541482434,8.393691404,8.372218489,8.303619044,7.922093269
7.371111076,7.413247325,7.790180046,8.058823383,8.007772561,8.128363918,8.089807034
7.753260833,8.564800168,8.940336782,9.075389008,9.027985573,8.699335228,8.655694798
9.631249994,8.085405678,8.857724439,9.227822561,9.175675206,9.806385501,9.793741559
11.84456526,8.085405678,8.857724439,9.229348149,9.15026722,9.812610186,9.798833338
7.526666609,7.441743158,7.512366919,8.106302997,8.190571991,8.166628148,8.057452481
8.502439042,8.050757037,8.421688799,8.512446892,8.477750924,8.285895868,8.371577594
9.668965578,7.813797705,8.367833291,8.776325191,8.728150554,9.105126888,8.892974934
6.098701285,5.178958434,4.372364169,5.592130611,5.62058744,6.031974343,5.827039283
8.612903318,7.813797705,8.367833291,8.776122539,8.714685695,9.098983068,8.884687128
8.867741939,7.478007701,7.941136237,8.449011399,8.386407033,8.856116455,8.64153717
8.630434767,8.317413389,8.820325174,8.855028744,8.809597801,8.500255612,8.474361476
10.25714283,7.813797705,8.367833291,8.777460404,8.722491798,9.111697041,8.895261609
7.648387117,7.828281895,8.079331361,8.062137517,8.133709191,8.20124469,7.909458816
10.93870983,8.374277252,9.118355975,9.574390896,9.46418202,10.09896762,9.975828666
8.834482727,7.312536915,7.452719733,7.983436511,8.028040192,8.300581706,8.261294326
8.110714274,8.358921232,8.690445297,8.622975434,8.577406263,8.48868252,8.08733196
9.099999987,8.088164282,8.729514185,9.148306736,9.087338277,9.66547245,9.60732756
10.03750005,8.084403249,8.653234945,9.115266542,9.013548218,9.520776038,9.239626362
5.507142833,7.477365754,7.371747984,6.55329973,6.088865776,7.102816886,6.975361371
5.82876714,5.984058469,4.924242278,5.869654488,5.788504852,6.112989924,6.071932725
8.243750036,7.493995371,7.712089662,8.393126129,8.371523425,8.529330521,8.362505847
9.564516068,7.776548816,8.22569373,8.792726079,8.759848468,9.060196003,9.029809009
8.086249971,8.02358189,8.295427898,8.252359772,8.21595271,8.140168898,8.071589885
8.296774141,8.245869902,8.675465439,8.470563979,8.403603923,8.789933968,8.224279013
9.494565163,8.817653583,8.94017549,9.037603749,8.99034853,8.799086338,8.405289681
7.019354828,7.307883119,7.462461546,6.963845246,7.131455919,7.9478806,7.633565151
5.441666674,7.634149176,6.965342726,6.476990823,6.345194684,6.590856566,6.588859342
10.13870975,8.725226514,9.047859895,8.775416034,8.765171818,8.784741115,8.462493931
8.95483866,8.725226514,9.047859895,8.776245048,8.768841454,8.776870207,8.459575789
8.820000029,8.647339915,8.814576643,8.736520703,8.682577823,8.606006899,8.20322419
8.518390847,8.618686481,8.969036758,8.943304918,8.875238665,9.065015073,8.530048713
9.014285633,8.725226514,9.047859895,8.775789842,8.765569343,8.786307849,8.465248962
8.104301017,8.433593668,8.822036421,8.419065889,8.371942621,8.477821021,7.931129155
5.225333311,7.349288259,6.475426164,5.934183922,5.780032189,6.140121212,6.548577794
8.746666614,8.433593668,8.822036421,8.419492387,8.397881673,8.479783701,7.932474871
7.858620693,7.843186348,8.138979916,7.873505819,7.815646433,8.120669438,7.548761848
8.652173934,7.335844393,7.499019343,8.189443069,8.164233521,8.309897093,8.168870583
9.543333356,8.618686481,8.969036758,8.940424326,8.892102994,9.075599589,8.547046844
7.31874992,7.607999684,7.925812611,8.051952577,7.976764577,6.956592757,7.10327207
6.007999973,5.452108207,4.761782503,5.680890932,5.777162864,6.111601658,5.936053641
8.899999619,7.281026727,6.370118908,6.453941036,6.405068798,6.425984599,6.408424986
6.817142825,6.753815299,5.890449292,6.284372713,6.257839323,6.155762486,6.12306414
9.51935482,7.709310594,8.011115466,8.467693599,8.4000622,8.333983496,8.02343527
7.718518425,7.199984652,7.227140033,7.302617033,7.29985238,7.524342847,7.62045401
8.436666656,8.443820569,8.80561283,8.449778357,8.406855938,8.546412492,8.070710123
8.435483871,7.951111787,8.248025036,8.754682948,8.683080418,8.43208725,8.012072823
6.880645214,8.455327429,8.873350639,6.69324621,6.581270829,6.45364827,6.248395236
8.61935484,8.708360744,9.028641278,8.655390917,8.640462077,8.585173337,8.20198468
8.280645186,8.443820569,8.80561283,8.449654542,8.400128239,8.563740658,8.082935279
8.158064512,8.708360744,9.028641278,8.660093481,8.629220765,8.595764333,8.215777441
6.018421054,6.508888325,5.89873719,6.614244601,6.770289052,6.431132952,5.97685117
8.762068872,8.775825197,8.750270424,8.714541258,8.709283291,8.310687627,8.182198277
7.864285707,7.451931739,7.580332273,7.481546845,7.456082565,7.364960996,7.595377862
4.340000008,7.058494989,7.782223443,5.857366173,5.694831881,5.032276667,5.417572977
6.993548416,6.980840015,7.626260825,6.139097373,6.225609978,7.132642491,6.413765443
7.574193524,7.266943666,7.260940831,7.843630537,7.850263411,7.3954049,7.235036147
8.599999982,7.634103787,7.830475551,8.470310173,8.446684596,7.953064686,7.662358463
7.977419338,7.99339119,8.343709224,8.845639874,8.813258495,8.594528104,8.347544762
7.54285717,7.780820219,8.14567652,8.735184396,8.636684788,8.682342944,8.295233605
7.762500003,7.780820219,8.14567652,8.73523814,8.648420856,8.682917952,8.295775095
4.987499967,5.735334098,5.173677418,4.681665829,4.663218888,5.193418728,4.557228592
7.890322593,7.483491505,7.71380107,8.457701142,8.431704962,7.900571922,7.726149482
6.776666673,6.958758758,7.03112936,7.389449614,7.429635202,7.40758239,7.126992532
8.043749988,8.013097817,8.180382288,7.917039841,7.875739342,7.76996687,7.481119044
3.719999997,5.2725503,4.978306498,4.192133841,4.311000636,4.235170009,4.276569155
6.585714306,8.305259751,8.520691102,7.489322345,7.446338551,7.38932848,7.129928324
7.974999994,7.483741651,7.690432491,8.272718205,8.219408211,8.27360161,8.11276497
8.460714366,8.173347592,8.442038837,7.655920382,7.598820917,7.418482401,7.265456706
7.896774184,7.649630062,7.809982201,7.612119964,7.545887144,7.899886576,7.569817928
4.981818156,6.797315701,5.478163595,6.025765101,5.990305937,5.736739895,5.992106574
4.793750003,5.551427087,4.595518157,4.278990652,4.305389217,5.013919186,4.378428274
7.012499973,7.20717745,7.301004906,7.154854818,7.0525403,7.888628364,7.539239578
7.850000016,7.34510262,7.474388922,7.596693855,7.582262548,7.919491455,7.612876082
7.375000045,6.939733474,6.78377828,6.846891092,6.790580046,7.298559384,7.158353725
7.772527496,7.375135713,7.657478669,7.780340763,7.924079213,8.219441725,7.759483913
7.813333297,7.375135713,7.657478669,7.78075157,7.923580352,8.222257371,7.761861599
6.599999987,7.575396326,7.893469192,8.145641715,8.234324373,8.136684176,7.535097868
7.325806418,7.650346983,7.770826152,8.218420154,8.157535887,7.942201589,7.605525923
11.16666676,7.90298737,8.168502218,8.292005558,8.207570329,8.213509446,7.674179356
7.206451593,7.216137884,7.441478763,7.374700137,7.341534637,7.453530756,7.040160449
9.116129029,7.892183699,8.056005067,8.335133704,8.292232054,8.084860116,7.612586035
8.812903189,7.90298737,8.168502218,8.294192118,8.201368872,8.209033839,7.665582334
8.441935501,7.90298737,8.168502218,8.294967993,8.216283978,8.212438118,7.666342124
7.41290314,7.002851271,6.947941635,7.007081516,6.957689463,7.494939693,7.171055452
8.60430106,7.507574234,7.806191241,8.32055791,8.432950762,8.601785628,8.098830312
7.988172067,7.507574234,7.806191241,8.320467377,8.418849768,8.614961107,8.105549251
7.287499905,7.354715286,7.380221859,7.30491605,7.22566483,7.47684401,7.41412389
6.741935507,7.297990939,7.623925053,6.823033512,6.767471408,7.007598709,6.54231344
7.154838685,8.045705575,8.874795531,7.969637819,7.927934517,7.982149804,7.197241887
9.262068896,7.546577879,7.790681742,8.010898882,8.068324771,8.477394145,8.084117129
4.462499999,5.86797987,4.973382739,4.280308634,4.293449606,4.644441315,4.531019199
8.631034407,7.814281316,8.223174583,8.518425181,8.5316579,8.859036067,8.363142032
9.196428537,7.626707685,8.678228937,8.581924945,8.553608728,8.530527496,7.759301345
7.147560957,7.955406906,8.191579417,7.627460291,7.621532384,7.256613361,7.091598686
6.680645112,7.644660797,7.928525829,7.276869684,7.289405458,7.155400999,6.753489963
7.450000048,6.902445783,7.488666719,7.811926874,7.869311779,8.315263198,7.331383131
7.004000025,7.398996754,7.712099155,7.892758514,7.831791814,7.655974278,7.654468533
8.360714316,7.814281316,8.223174583,8.517688035,8.525898461,8.841647594,8.362804075
7.530000059,7.85278541,8.220997259,8.388707855,8.311750891,7.943340562,7.977703938
7.096511652,7.554320287,7.80760571,7.470538488,7.537650375,7.774137534,7.298681065
9.343750089,7.58853557,7.820746727,8.253260089,8.307700806,8.997989854,8.371841756
8.192857129,8.123263721,8.387149059,8.604743023,8.555537747,8.041675385,7.883392711
9.736666791,7.554345749,8.016771341,8.387599047,8.422966835,8.888068413,8.189028042
7.541935428,7.175118763,7.31466945,7.625162387,7.647477541,7.687517894,7.132585733
7.332258117,6.217324269,6.76933125,6.824838801,6.98796111,7.842657195,6.975313242
7.056666605,6.676074859,6.661986924,6.793319257,6.883954256,7.552778358,7.242868637
9.031250089,7.708217966,8.119912826,8.428014742,8.484527137,8.96826592,8.583673721
8.043333324,7.807983636,8.035191733,7.81227732,7.738353373,7.835711237,7.829298183
9.093103458,7.712339855,8.038322711,8.606089716,8.651022772,9.286557984,8.53590548
6.720000076,7.605949493,7.707911699,7.604861602,7.522176969,7.629297485,7.496078646
8.666666755,7.071415741,7.215263572,7.792132057,7.881805416,8.942667741,7.918836699
9.296774234,7.712339855,8.038322711,8.609393806,8.652984668,9.294958664,8.539270944
5.748387098,6.826927206,6.374248033,6.515309837,6.462702966,6.58753628,6.890541865
8.344827636,7.681997338,7.90995003,7.93428451,7.997627917,8.335646993,7.778927392
6.706666613,7.225876348,7.363479419,7.196207996,7.101046301,7.38560841,7.061320061
6.646938733,6.117682736,4.91381512,5.13313473,5.108834776,5.698555836,5.358588483
8.59375006,7.883554943,8.563072141,8.840020944,8.872918754,9.236635812,8.686762711
8.186666616,6.991088208,6.932560203,6.992656833,6.911727273,7.383625366,7.054854307
7.84687499,7.720963155,7.961323822,7.74484459,7.788480331,8.096781819,7.440856219
5.434482739,6.438391053,6.772603731,5.23794453,5.235279191,5.741274947,5.187701845
8.450000048,7.883554943,8.563072141,8.838169986,8.904821183,9.233003577,8.692376391
9.742857065,7.643023066,8.057253961,8.529527876,8.57225096,9.16191724,8.473494444
8.370967788,7.704344321,8.549178452,8.62762029,8.667807954,9.0826697,8.470276313
7.730107536,7.272465768,7.319836891,6.885703397,6.958449142,7.822438903,7.696641273
8.170370349,7.173525589,7.346711591,7.945343528,7.995965442,9.025466613,7.725899187
7.056249946,7.111433904,6.957717305,6.98821828,6.89174461,7.297068695,7.158258957
4.645121928,5.877255696,4.542014543,5.250545317,5.210036294,5.392165101,4.995409137
5.164285694,6.579155365,6.319141924,7.359865567,7.244053818,6.14775452,6.374149887
7.799999982,7.388860168,7.442996242,7.333154637,7.24596155,7.679228352,7.602544844
7.119354833,6.581806294,6.548495765,7.127049507,7.210811357,8.34347297,7.13261611
4.793333292,4.92681395,4.29797953,4.591699326,4.633939043,5.297333979,4.720510971
7.023333331,7.576554042,7.589762072,7.412629388,7.299150616,7.657336021,7.728779794
8.65625006,6.736286746,6.712764895,7.148398063,7.222183246,8.409973349,7.232609922
8.225999942,7.731867103,8.08797177,8.254552912,8.094051831,7.74089059,7.598182921
6.787096747,7.215683012,7.377912045,7.735641205,7.612760937,6.673607545,6.687074407
6.800000191,7.124211271,7.004088108,6.897690708,6.785154541,7.343997052,7.031113621
6.761538487,7.311257416,7.308302304,7.621697626,7.638893877,7.03412759,6.820734443
11.17500005,7.283307365,7.519807281,7.728218776,7.608777426,7.925208464,7.737401315
8.676666697,7.283307365,7.519807281,7.730965549,7.601760187,7.91179715,7.720008768
7.428571395,8.093597795,8.455530421,7.667895587,7.474406758,7.222486418,7.691138029
7.603703728,7.697898336,7.703813785,7.551257125,7.444053999,7.439102182,7.725355835
9.819354842,6.925073274,6.006171977,6.208189653,6.492074738,7.751828017,10.10376782
7.826666633,7.697898336,7.703813785,7.551535154,7.44969071,7.431044511,7.717761511
7.160000086,6.841069238,6.787786033,7.156902692,7.115777,7.062629314,6.632998215
7.00666666,7.367196447,7.604019784,7.854351344,7.716973111,7.694298438,7.529453635
6.674999982,6.316951321,4.570226549,6.373645458,6.516452756,7.635224262,7.155068619
7.266666603,6.86597128,6.296042999,6.47963262,6.41848649,6.571482191,6.957714129
7.013793082,7.343118555,7.557314046,7.697141923,7.618500122,7.732262607,7.321188597
7.479310471,6.916901531,7.079895384,7.327633789,7.32135387,7.356478531,7.265330469
7.27096773,7.067373253,7.125976697,7.007100055,7.097740501,7.61194509,7.321254809
6.220000005,6.912895079,6.461631212,6.699526621,6.64431436,6.769665195,6.994520806
7.12258069,7.475826403,7.743016318,7.427310918,7.31435774,6.929335831,7.075540096
6.57096772,7.636508972,7.835678196,7.516442982,7.414839265,7.071303625,7.177179223
6.51290316,6.857013705,6.726669775,7.201927082,7.122256717,6.879561611,6.658819087
6.235483808,6.734598913,6.389534792,6.790012358,6.858303743,5.941269,5.908989037
6.333333359,6.848388863,7.054310731,7.275809261,7.304893817,7.225774688,6.308117805
5.937500037,6.56268674,6.139000395,6.49143007,6.45021653,6.896278621,6.518191222
3.018749979,5.441000852,4.562195138,4.431746954,4.492880214,3.413074837,3.938606141
5.700000055,6.342110162,5.730785272,5.191141731,5.253722915,5.987080715,4.641190345
5.670370455,6.367327316,5.649634946,6.098025695,6.095224079,6.486700992,6.525675784
6.160714286,6.787122353,6.300524782,6.46831499,6.378413902,6.673593396,6.555454693
7.799999945,7.499937584,7.37462176,7.593453112,7.549453886,7.889653374,7.592899829
7.183333325,6.836711525,6.666358328,7.139183918,7.151992859,6.977584798,6.356045769
7.929999971,7.413286507,7.236336048,7.487044631,7.448796988,7.795556507,7.576545731
7.356249914,6.971819582,6.410312149,6.734377292,6.66565769,6.658719965,7.064672425
6.13870966,6.880099177,6.653933131,7.046664296,6.985553102,6.086204773,5.934400004
7.327586174,6.967766943,6.86869827,7.230114031,7.211289623,6.765695126,6.386245815
7.503333338,6.736828473,6.38685584,6.856901843,6.812591331,7.34905748,6.989798756
6.149999985,6.573455896,6.074563132,6.441061784,6.564808414,5.836031113,5.885877329
6.719354822,7.439773998,7.189002567,7.367297321,7.305123845,6.78758411,7.188328112
5.883333405,6.656534332,6.182865513,6.049269393,5.942756217,6.299969333,6.067571697
8.087500006,7.575464171,7.603927884,7.609710614,7.548100881,7.942514978,7.330363478
6.196428614,6.559703871,6.607939442,6.541565002,6.535868028,6.681569663,6.504291012
7.090000002,7.090234797,6.84796679,7.073667677,7.012506119,7.545056341,7.339652621
8.376666625,7.090234797,6.84796679,7.073215963,7.023505193,7.545752953,7.339477354
4.133333329,4.657856007,3.929182856,3.93188127,4.136135422,3.685118105,3.862159618
5.948387069,6.980883663,6.816306848,6.826478512,6.78012599,7.097690278,6.488219048
6.387499973,7.042847295,7.308017738,6.193536607,6.070373375,6.064191059,5.961525419
5.712903238,6.783307536,6.35503987,6.669948416,6.675544709,5.777904961,5.867826719
6.246153831,6.696233433,5.274551652,6.013795546,6.066103237,6.265073452,5.993902352
6.159999935,6.863335298,5.776127856,6.05690251,5.998445782,6.436887408,6.286022887
6.431249961,6.450813103,5.623851533,5.996437068,5.966196104,6.075997724,6.144793494
6.453333378,6.460472386,5.685687643,6.032165816,5.934875481,6.103698285,5.835811152
6.513333305,6.460472386,5.685687643,6.032498914,5.954278293,6.092405704,5.825343004
4.090322564,4.517417296,4.225120142,4.086836701,4.151053436,3.92345844,3.900037275
3.803225786,5.686132841,4.491360837,4.167320074,4.465095092,5.047102175,4.533788869
6.029999924,6.687428182,6.340660723,5.936231452,5.969465065,6.470671094,6.167956674
4.016129028,6.482993181,5.441222567,4.989122842,5.129725318,5.394874452,5.058194582
4.290322596,6.482993181,5.441222567,4.981212527,5.122206587,5.376170109,5.048459726
4.96875003,6.269019311,6.486601448,4.850713813,5.00310978,5.270552625,4.922291296
5.67499996,6.078178076,5.233840709,5.225266797,5.26203401,5.183999767,5.130572599
4.244444445,5.978592253,4.553621108,4.647728,4.754317223,4.466961745,4.664901415
4.765384615,5.362436981,4.78285404,4.405343323,4.914436868,4.945317695,5.107700575
2.866666734,6.201538049,5.405880481,5.190711605,5.25917795,4.750973312,5.009827135
4.955172411,6.180851907,4.895703398,4.983345242,4.872068952,4.668709021,5.196421491
4.492307672,4.923718794,4.141818342,4.125662285,4.638491407,5.119988918,5.177672156
3.782352966,5.692273294,4.894544594,4.237452431,4.203354923,3.92507235,3.909368399
5.34482759,5.891522065,4.90647158,5.307219631,5.387071738,5.810831578,5.699753492
5.700000018,5.864289501,4.663181259,5.341079152,5.376837707,5.350896838,5.272899952
6.129999948,7.318778854,7.25287711,6.763567009,6.655133184,6.285259107,6.348869362
4.006249987,6.313275876,5.48739701,4.606162244,4.676161864,4.451100517,4.360709976
4.525000006,6.313275876,5.48739701,4.602583992,4.67918614,4.459239906,4.36441582
4.778571418,6.026293555,5.134220199,4.79721049,4.879539649,4.431590414,4.740835637
6.89666667,7.431551352,7.357749556,6.806348478,6.664020564,6.618766587,6.598488331
7.051724179,8.041528294,8.027118356,7.104534313,6.975457095,7.203251206,7.118041243
6.712903246,7.718563619,7.707332996,7.016156159,6.856095316,6.945419965,6.906831762
7.086206921,7.345418922,7.134806862,6.542553912,6.374148447,6.657972948,6.434401427
6.345161253,7.295650251,7.066661155,6.335455471,6.193873288,6.580734396,6.431623351
4.312903243,5.770795884,4.394608625,4.80014882,4.737742716,4.642105983,4.543567385
6.386666632,6.728000483,5.344993063,5.083227139,5.25866371,5.3359988,5.330899283
5.237499997,6.577556674,6.460319876,5.589678678,5.496252307,5.548427352,5.491954407
4.438709617,6.695974307,5.649000038,4.758787433,4.964599479,4.900221584,5.032947509
3.780645136,6.596108643,5.174290763,4.964401303,5.046609984,4.92511406,4.913497942
5.123333319,6.352347889,4.845444696,5.57126733,5.651419712,5.484602501,5.344123744
4.449999988,5.675474288,4.388508363,4.297420588,4.451233691,4.332629212,4.787206501
5.630000043,6.175281585,4.990119081,5.801159193,5.612450366,5.550425356,5.329824137
4.759999895,5.434790175,4.338967977,4.620968232,4.783625192,4.674465193,4.985286575
5.22903227,6.005273954,5.788917536,5.214776814,5.164510948,5.421854404,5.130174044
4.992307663,5.847066282,4.600745335,4.741808369,4.729189846,5.001654128,4.617598337
4.779104468,5.898430968,4.698516234,4.485312259,4.486591937,4.829399698,4.475317506
5.35903616,5.69277839,4.147409371,5.093312133,5.239310777,5.540139891,5.215087241
4.85555556,5.501940304,4.047505805,4.975579776,5.073336669,5.045279477,5.077664527
5.079310277,7.106859656,5.831208464,5.041708167,5.058845803,5.127207088,5.327363209
12.92043006,8.103049037,9.932277112,11.47472746,12.91918026,11.83301547,12.41319876
15.62142866,8.077755004,9.847226968,11.09578442,12.90566112,11.94977015,12.48303036
