SID,LLX,LLY,RS_PM25,GS_PM25,AOD,NDVI,TMP,SPFH,WIND,HGT,U,V
120866001,-80.4828,25.4719,9.190314,6.465517204,0.21194318,0.49605998,24.577627,0.014115186,3.2033017,2,1570162.87238458,-1208508.39342854
120860033,-80.3264,25.9419,9.414347,6.446666654,0.22248611,0.29314,24.197989,0.014157887,2.0448868,3,1577381.76746218,-1155058.30133549
120110034,-80.2569,26.0539,9.730701,6.003225796,0.20737647,0.48784,24.208765,0.013981544,2.2574558,3,1582284.5894323,-1141774.39616424
482151046,-98.1521,26.2886,15.824809,13.50714288,0.20535849,0.4498,23.658852,0.013381273,3.9272394,29.75,-216690.281502313,-1244900.30662057
120112003,-80.0964,26.2911,9.730701,6.462962981,0.21590179,0.35752,24.670538,0.01425103,4.3510666,1.75,1593925.78629494,-1113397.11475518
120115005,-80.1764,26.2942,9.730701,5.64545458,0.20631395,0.44838,24.378252,0.013880033,2.7066667,3.75,1585925.81557933,-1114399.61882755
120992005,-80.0928,26.4569,9.730701,5.837037051,0.18585345,0.40941998,24.32318,0.014370305,4.2384067,2.5,1591247.05867364,-1095367.7486143
120573002,-82.2304,27.9657,9.879667,7.103448292,0.17094174,0.63163996,22.87342,0.012421138,2.5405207,19.75,1355029.09954868,-964273.181091206
121031009,-82.7822,27.9863,10.735685,6.555555609,0.1693252,0.47876,22.7856,0.013050085,3.2723527,2.25,1300770.59502768,-969731.768477549
120090007,-80.6286,28.0536,9.468361,5.396551724,0.190625,0.52938,22.598316,0.013297843,3.3888223,7.5,1509790.20042058,-930535.967313865
121171002,-81.3106,28.7461,9.294163,5.671428476,0.18009345,0.56562,22.310581,0.01194136,1.6900691,21.5,1431565.13525057,-865494.904341357
481671034,-94.8613,29.2545,14.470814,8.433333238,0.22384416,0.49142,20.690283,0.013419875,6.0234723,0,110738.824832626,-919406.519818015
480290032,-98.6202,29.5151,11.897685,9.900000095,0.16575384,0.50684,20.255596,0.010910213,2.4312613,281.75,-253992.730104759,-887690.21308649
221090001,-90.7797,29.6793,10.71578,6.890322554,0.1434659,0.72368,20.3551,0.01206506,2.9584522,1,504847.166190232,-859117.717238122
120010023,-82.3878,29.7061,11.185358,7.071428571,0.16692783,0.74072003,21.155642,0.011133912,1.5069768,43.5,1312153.86567916,-775880.206882229
482011035,-95.2576,29.7337,13.123445,10.9321839,0.16816667,0.45856,21.102827,0.012019198,2.3969214,7.75,71784.6207669702,-866673.955119888
482011052,-95.3877,29.8145,13.123445,11.02903231,0.17444615,0.3749,20.783772,0.012181161,1.9643399,14.75,59147.358758926,-857801.897439955
220512001,-90.1098,29.9003,10.685148,7.236666679,0.17225,0.62604004,20.254656,0.012211771,2.1861255,2.5,568035.553718558,-830864.966553494
220870007,-89.9762,29.9432,10.685148,7.553333298,0.17425843,0.4663,20.203753,0.012399173,2.718477,0.25,580601.015346452,-825307.083535848
220710021,-90.1182,29.996,10.685148,7.603225839,0.17444444,0.43432,20.471226,0.012274945,2.1994317,0,566569.719175462,-820316.736829374
220511001,-90.2728,30.0412,10.317608,6.966666651,0.17236471,0.40562,20.855165,0.011833998,2.6331816,0.75,551393.896051602,-816219.319866888
120310098,-81.634,30.1358,10.563768,6.696774237,0.15961905,0.49152002,21.543226,0.011606059,3.2588847,4,1377097.43094146,-718053.966518403
220470005,-91.0626,30.2191,10.40518,7.800000006,0.16170454,0.66859996,20.080564,0.011584682,1.9447792,3.75,474403.235076984,-800765.292705413
220550007,-92.0429,30.2261,10.564759,7.622580644,0.14671622,0.59548,20.50217,0.011739734,3.0098472,9.5,380241.309828715,-804396.964079699
220190009,-93.58,30.2278,11.018032,6.989655117,0.13296969,0.68676,19.865524,0.011670925,3.135753,5.5,232577.250063911,-809164.395916499
120310099,-81.5478,30.3547,10.563768,6.923333327,0.17243119,0.54872,21.45423,0.011413657,3.371807,13.5,1381614.85892894,-692776.815325366
120730012,-84.3464,30.4397,14.839009,9.161290292,0.16403297,0.60784,20.52314,0.010946746,1.6426302,21.25,1114421.89378944,-720179.025201617
220330009,-91.1792,30.462,10.33914,8.233695613,0.1951875,0.43256,19.911533,0.011496106,2.2401822,2.5,461841.815530184,-774400.002030731
10030010,-87.8803,30.4975,11.67,6.853846156,0.149767,0.61658,19.441408,0.011513673,3.4027321,14,776933.398931606,-748961.880312994
221210001,-91.2136,30.5006,10.33914,8.632258072,0.1951875,0.43256,19.911533,0.011496106,2.2401822,2.5,458333.150486338,-770284.010920758
221050001,-90.3772,30.5033,10.317608,6.962068919,0.14833766,0.69718,19.556473,0.011536559,1.9207903,9.5,538320.372938337,-765598.636762198
120330004,-87.2036,30.5254,12.796459,6.512903221,0.13734654,0.54444003,20.083654,0.0117202,2.5001245,23.5,841219.060227736,-740113.376773567
10970003,-88.0878,30.7702,11.116506,7.699999982,0.14004762,0.66304,19.432497,0.011375068,1.4870119,3.5,754605.190580307,-720438.082722136
131850003,-83.2933,30.8486,11.293904,7.832000036,0.17427835,0.59734,20.387825,0.010550826,1.9083899,45.75,1208495.45907447,-662240.755776683
131270006,-81.495,31.1698,12.349391,7.970370346,0.15144555,0.36878,20.483973,0.011038495,2.7632687,1.75,1372848.42892274,-602460.165320707
220790002,-92.4107,31.1778,10.830512,7.776666641,0.1687125,0.63704,18.913391,0.01055128,2.4916112,20.5,340922.839995252,-700104.683275123
10690003,-85.3908,31.2248,13.1093645,8.446666678,0.15845455,0.58812,20.013552,0.009705277,2.3359973,90,1005259.49459669,-645144.425109993
40230004,-110.937,31.3372,6.9035387,5.086666667,0.12723076,0.23517999,16.734741,0.00423415,3.459916,1287,-1410487.96408752,-577731.393053975
130690002,-82.75,31.5131,10.781308,7.319354865,0.16494381,0.67472,20.167324,0.009909278,1.9746863,70.25,1249565.28206942,-581978.630916475
130950007,-84.0998,31.5776,11.960894,11.40731705,0.18493,0.5733,20.520987,0.009803088,2.0168083,61,1122077.26620518,-591703.757134256
481410044,-106.455,31.7657,7.2245245,7.986206869,0.15667164,0.113639995,19.804716,0.003868216,2.9125056,1170,-984097.300230959,-586917.505895832
481410037,-106.501,31.7683,7.2245245,6.092857054,0.15667164,0.113639995,19.804716,0.003868216,2.9125056,1170,-988377.610891536,-586152.318471164
130510091,-81.1618,32.1107,12.630327,7.906741582,0.2021978,0.53516,20.232874,0.010477128,2.6787047,3.5,1387839.72185468,-494102.25977321
280490020,-90.1827,32.3291,10.566575,7.50689652,0.1589518,0.54822,18.292955,0.010123479,2.1151369,90.75,544487.785112727,-561656.25565349
11011002,-86.2634,32.4128,11.911515,8.057142794,0.17524,0.60752,19.131083,0.010183427,1.7521772,64.25,909346.981279541,-522370.50571888
132150011,-84.9316,32.4297,13.839964,9.519354836,0.17033654,0.57084,19.60331,0.009512003,1.8698969,97.75,1032982.22197295,-506887.232851661
11130003,-84.9997,32.437,13.839964,9.916666762,0.16830769,0.57537997,19.14143,0.009491651,2.2246943,135.5,1026561.13492252,-506816.680290574
220170008,-93.7952,32.4718,10.546774,9.653124996,0.17206173,0.51746,18.247849,0.010196913,2.8023481,73.75,206106.241326991,-560025.100940829
132150001,-84.9789,32.4842,13.839964,9.783870912,0.17033654,0.57084,19.60331,0.009512003,1.8698969,97.75,1027884.51464366,-501364.041196631
220730004,-92.0462,32.51,10.577066,6.512903229,0.15986905,0.58574,18.505531,0.010138301,2.0425384,23,369353.339798209,-550471.847664204
132150008,-84.9446,32.5213,12.814518,9.851724148,0.16824299,0.64482,19.254887,0.00927357,2.1390014,152.25,1030588.88742942,-496883.267520642
131530001,-83.5978,32.6056,12.167509,8.283333333,0.16058163,0.67506,18.962772,0.009416753,2.341207,105,1154240.1255993,-472071.138189339
60730001,-117.059,32.6312,7.15595,7.1433333,0.15935849,0.33812,15.609108,0.008116839,1.9010575,40.5,-1948806.18630886,-327827.313775726
484391053,-97.3379,32.6648,11.35889,7.375000094,0.15302128,0.47904,18.229013,0.009269566,3.359538,227.5,-124771.896360973,-540013.256974759
482030002,-94.1675,32.669,10.452385,9.154545437,0.14673077,0.7535,17.643938,0.009888647,1.9588598,90.25,170884.070701967,-538775.464351576
60250005,-115.483,32.6762,19.967594,7.888372138,0.12184671,0.1158,22.195982,0.004648422,3.7110133,0.75,-1804074.49710663,-354040.529461318
484391006,-97.3423,32.7592,11.35889,7.286206936,0.14852747,0.43684,18.453568,0.009319442,2.93893,179.75,-125033.477461644,-529478.021273727
130210007,-83.641,32.7775,13.522492,9.349999968,0.16780189,0.70236,18.888113,0.009471767,1.9291202,114.25,1147755.65677013,-453581.704968431
60731022,-116.944,32.7896,7.15595,6.366304328,0.13563918,0.40304,14.682618,0.007423254,1.3206091,268,-1934474.66775954,-312936.840292031
450190049,-79.9587,32.791,12.361682,7.308888872,0.16152577,0.50388,19.843288,0.010671884,3.006696,3,1486593.85042641,-401048.454219329
60251003,-115.563,32.7922,17.07525,5.468965498,0.15823741,0.4238,21.970116,0.004829132,4.443725,-14.5,-1808732.49095586,-339851.503599796
130210012,-83.5435,32.8053,12.167509,7.816129069,0.16534616,0.6698,19.082687,0.009582679,1.5342584,94,1156353.20617565,-449324.609579489
484391002,-97.3565,32.8058,11.35889,7.190476054,0.16564836,0.3855,18.085228,0.009170614,3.6502185,218,-126281.893019652,-524260.868358976
481130069,-96.8601,32.8201,11.35889,7.65555554,0.15798795,0.39368,18.679647,0.009447529,3.0515716,131.25,-80057.261067182,-523204.425017303
60731016,-117.124,32.8457,7.15595,6.240000002,0.1529697,0.46559998,15.032521,0.008110718,1.7258854,130.25,-1949446.84314638,-303152.195038721
40210001,-111.752,32.8776,11.961169,6.206451639,0.10584783,0.22164,20.310848,0.004552505,2.723691,423,-1458437.62450993,-396003.678558127
40213015,-112.037,32.8848,11.961169,9.987096717,0.12011805,0.28013998,20.518347,0.004833923,2.5365603,390.75,-1484441.42264544,-390798.720537482
133030001,-82.8069,32.9674,11.311862,8.256250039,0.15302885,0.67762,18.336742,0.009532477,1.6818851,143.5,1221802.31515228,-422184.842452488
60250007,-115.539,32.9783,12.638349,6.933333365,0.1448125,0.5454,20.82699,0.005571414,2.8114572,-36.5,-1802305.49995499,-319979.897335427
450190048,-80.065,32.9803,10.73739,7.09340658,0.15784337,0.61542,19.486666,0.010181879,2.2984917,8.75,1473310.31379442,-381879.535684838
50030005,-91.9392,33.1395,10.04923,7.036666679,0.13146155,0.69092,17.520864,0.009838037,1.9188179,49.75,376342.770988554,-479880.295185857
11250004,-87.4842,33.1899,10.732962,7.431034433,0.14341936,0.7176,18.165752,0.009303878,1.9322249,112.5,787899.463134118,-446971.04894235
51390006,-92.6723,33.2206,10.187256,7.819354834,0.15004762,0.70576,17.458027,0.009591832,2.7488542,77.5,308115.142564448,-473473.70929545
10270001,-85.8036,33.2849,11.404093,7.507142859,0.14188044,0.74612,16.497402,0.008917964,2.0673494,359,941708.602329942,-421122.142994306
10731005,-87.0036,33.3311,11.250388,8.129999963,0.15923333,0.63504,18.157389,0.009414354,2.3584692,161.5,830746.109858801,-427180.630696363
40213002,-111.503,33.4212,9.174505,3.931034516,0.10714504,0.29134,19.947937,0.004708129,2.5997815,628.5,-1425734.79800241,-339920.335166497
40137020,-111.855,33.4881,11.89232,5.386666711,0.1316077,0.2153,21.503239,0.004825958,1.6866723,377,-1456568.29730603,-327212.626481742
10732003,-86.9242,33.4997,11.250388,8.860000014,0.17592554,0.64324,18.084309,0.009349257,2.1071298,184,836260.532431925,-407741.668121579
40139997,-112.096,33.5038,11.89232,5.422580665,0.11979365,0.12584,22.398375,0.004906932,1.5681839,333,-1478202.43013655,-321762.691734544
10732059,-86.8441,33.5214,11.039245,8.453333362,0.16854945,0.62102,18.050663,0.009362439,2.075728,177.75,843385.204706526,-404621.381960443
10731010,-86.5492,33.5453,11.36998,7.626666705,0.17031819,0.713,17.268253,0.009317398,2.1283028,233.25,870196.350804232,-399306.06388998
10730023,-86.815,33.5531,11.039245,10.28387091,0.16854945,0.62102,18.050663,0.009362439,2.075728,177.75,845715.715579292,-400838.688667504
130630091,-84.3907,33.6108,11.2299385,8.506451622,0.19420792,0.5183,17.99361,0.008845576,1.165548,296.25,1067154.80542739,-370031.802160077
60592022,-117.676,33.63,9.699705,5.700000007,0.1549785,0.5064,15.080705,0.007303949,1.5493591,235.5,-1979714.97123563,-206391.108338415
130890002,-84.2905,33.6878,11.2299385,8.563440866,0.16406186,0.61218,17.853243,0.008830949,1.1104597,296.75,1075261.83082082,-360365.593735247
60652002,-116.215,33.7085,8.015283,5.774193587,0.16616108,0.2003,22.638731,0.005366528,3.7478282,39.25,-1846520.70720926,-227245.814333569
450370001,-81.8536,33.74,10.675626,7.755555559,0.1488,0.68854,17.94295,0.009438058,1.4831804,173.75,1296661.50648604,-324174.569610408
131210056,-84.3914,33.7784,11.2299385,9.151612912,0.17088763,0.6001,17.743479,0.009017474,0.881199,284.5,1064809.36899481,-351455.995314517
60374004,-118.175,33.7924,11.017509,7.132967059,0.16768104,0.25182,16.231527,0.008067864,2.056824,16.25,-2020274.02097497,-178227.502305813
131210039,-84.4356,33.8022,11.2299385,8.916129051,0.17088763,0.6001,17.743479,0.009017474,0.881199,284.5,1060452.36890575,-349310.842511938
60374002,-118.189,33.8238,11.017509,7.16938772,0.16768104,0.25182,16.231527,0.008067864,2.056824,16.25,-2020714.52109109,-174516.65034034
60590007,-117.938,33.8306,9.699705,7.238461515,0.15635239,0.23568,16.310953,0.007834987,1.588006,50,-1998092.41242365,-179084.452262006
60655001,-116.541,33.8527,8.015283,5.640000002,0.17455244,0.30646,22.500206,0.005311383,3.3409543,161.5,-1872382.20937363,-205125.195877685
60374008,-118.201,33.8597,11.017509,8.43333333,0.16768104,0.25182,16.231527,0.008067864,2.056824,16.25,-2020858.80140578,-170359.084867735
60371302,-118.205,33.9014,11.017509,8.493150682,0.15329729,0.24218,16.56307,0.007880311,1.6851279,26.5,-2020137.3935382,-165741.033868511
130590002,-83.3444,33.9181,11.380486,5.979999924,0.15332693,0.70834,17.714209,0.00894815,1.9413145,204.75,1158229.10326921,-323727.266653723
10550010,-85.9926,33.9915,10.962429,8.131034481,0.15675582,0.6206,17.263342,0.009270653,1.2223414,190.25,916021.971190292,-344484.601685232
60658001,-117.416,33.9996,9.143118,9.022222224,0.18411225,0.24108,16.160643,0.00713875,2.3686197,267.5,-1947146.89800035,-171523.733873914
60371602,-118.068,34.0103,9.650635,7.586666648,0.17212844,0.26564,16.598482,0.0076396,1.4634329,53.75,-2005098.48212921,-156801.308950399
130670003,-84.6074,34.0154,10.539446,8.40322576,0.17737778,0.5291,17.119211,0.008873438,1.6186979,333,1041925.27274563,-327560.679118546
60710027,-117.617,34.0308,9.143118,10.16705877,0.16640952,0.26974,15.908118,0.007299506,2.301054,235,-1964320.73751587,-163989.323355637
450630008,-81.155,34.051,10.806294,7.886813174,0.1721287,0.62644,18.391642,0.009193766,1.7047328,104.25,1354779.50612226,-280080.157935787
60371103,-118.227,34.0666,9.650635,9.061956525,0.16328572,0.33986,15.977301,0.007338336,1.658323,154,-2017823.49700281,-147313.741433882
450790007,-80.9623,34.094,11.289805,6.904166589,0.17385106,0.62158,18.622225,0.009093014,1.7567979,89.25,1371462.23886349,-272569.373185862
60719004,-117.274,34.1067,8.505292,10.72000008,0.17271875,0.2399,16.783728,0.006863558,2.0817347,330.25,-1931796.06932018,-162752.276980487
60372005,-118.127,34.1326,9.650635,8.009677449,0.15457,0.31254,16.488167,0.007552577,1.295917,106.5,-2007208.13612407,-142254.427767597
60370002,-117.924,34.1365,9.143118,8.153333378,0.13771111,0.54708,15.628855,0.007431146,1.2620301,346.75,-1989023.11321447,-146098.320495161
60371201,-118.533,34.1992,9.650635,7.041379361,0.15313913,0.39108,15.855874,0.006966364,1.8909352,277.25,-2041602.58617151,-126365.683141207
450410003,-79.7673,34.2143,10.784444,7.149999965,0.17233,0.60988003,18.381813,0.009215533,2.2771444,41,1477139.96985226,-241393.407544636
60718001,-116.861,34.2646,8.505292,3.384615364,0.10773,0.3492,5.823382,0.003931002,2.2753646,2100.75,-1891060.31835965,-153840.275435549
10491003,-85.9699,34.2886,10.962429,8.188888938,0.14886813,0.70424,15.932744,0.00874128,1.7446909,323.75,914593.597440125,-311241.189541701
50510003,-93.0002,34.4694,11.1500635,7.606451542,0.14848052,0.685,16.096529,0.009164306,1.5810473,131.75,273361.428241842,-335020.549613069
50010011,-91.559,34.5185,10.601776,6.616129014,0.15838271,0.33088,16.83352,0.009122377,3.9081125,62.5,404356.437329348,-324395.031628526
11030011,-86.9675,34.5307,10.713315,7.229032286,0.15941489,0.54376,16.731352,0.008814351,2.1637297,204,821347.811238472,-293418.227024208
51130002,-94.2262,34.5837,10.732458,8.329032229,0.15924358,0.66682,16.290941,0.009228909,2.0392833,317.75,161419.172098449,-325046.809488263
450250001,-80.1988,34.6154,11.559677,7.041935459,0.14920455,0.66716,17.674389,0.008937023,1.8390884,104.5,1430819.24190076,-203781.850896373
51191008,-92.3287,34.6813,11.368029,8.264516154,0.16225609,0.55649996,16.284729,0.008863417,1.9990772,102.5,333609.987610824,-309192.735719082
10890014,-86.5882,34.6855,10.854998,7.190000033,0.14469318,0.57066,16.44398,0.008813894,2.9872067,311.75,854016.158076193,-272843.559598754
450450016,-82.2567,34.7518,10.280991,6.392000008,0.13132292,0.64052,16.936695,0.008763783,2.16923,260.25,1243674.49318161,-217667.380670352
51190007,-92.2813,34.7562,11.368029,7.767777769,0.16225609,0.55649996,16.284729,0.008863417,1.9990772,102.5,337587.284679872,-300653.912650026
10331002,-87.6381,34.7626,10.386892,6.910000022,0.12923333,0.54764,16.514761,0.00884965,1.90393,158,758253.068228943,-273163.254061335
450450015,-82.4146,34.8439,9.706111,7.434523794,0.14046809,0.6362,17.151249,0.008757137,1.7923573,293.5,1228015.88933812,-209524.573721426
401210415,-95.7844,34.8856,11.786032,7.821428699,0.14178161,0.60614,15.764176,0.008381284,3.1539052,240.5,19544.5215632704,-292762.255527646
450830011,-81.9248,34.9556,10.280991,7.461249987,0.14070526,0.65816,16.513237,0.008337093,1.341772,255.75,1270127.48794077,-190722.580593714
132950002,-85.3009,34.9788,11.071474,8.186666695,0.15598936,0.6392,16.968699,0.008480951,1.3065047,208.75,966674.176755536,-227884.439945227
470650031,-85.2429,34.9944,11.071474,8.361290309,0.15105495,0.59914,16.370176,0.00851267,1.3242029,226.5,971695.049720431,-225558.652600522
370510009,-78.9531,35.0414,10.260006,7.044444402,0.1752,0.55748,18.177254,0.008743268,2.53161,55,1533949.01836156,-137404.582029077
470654002,-85.293,35.0509,11.178194,7.754838697,0.14947778,0.62602,16.807226,0.008485051,0.9791417,228.75,966477.966289091,-219788.130857345
471570024,-90.0416,35.1512,10.446108,7.619354871,0.18308511,0.3289,16.896374,0.008966945,2.6144145,69.75,537924.152781224,-246198.167437255
471570075,-89.8503,35.1517,10.446108,6.721428573,0.14555952,0.55644,16.739769,0.009003535,2.5073924,83,555167.354337985,-245042.143346659
471570100,-89.8707,35.1613,10.446108,7.736363693,0.14555952,0.55644,16.739769,0.009003535,2.5073924,83,553259.053999977,-244089.086080623
400790467,-94.7866,35.1863,10.80341,9.464705916,0.14772941,0.68456,15.622965,0.008106861,3.242697,212.75,109564.38769541,-258439.790246856
50350005,-90.1931,35.1973,10.446108,7.583871026,0.17589362,0.37511998,16.313095,0.009158476,3.1392775,64.25,523948.959892463,-241895.648579591
371190045,-80.8741,35.2132,10.74857,6.871428524,0.1675814,0.5823,17.05098,0.008604664,1.6331431,205.5,1359599.00301356,-147700.093337879
371190041,-80.7857,35.2401,10.74857,7.314814779,0.15081707,0.58862,16.746616,0.008659415,1.7686673,236,1366997.1889419,-143459.838375974
60290016,-118.998,35.3246,7.582775,8.383333325,0.16240679,0.25526,17.765095,0.006754386,2.3153963,116.75,-2052749.60751572,5939.99542334922
60290014,-119.063,35.3566,7.582775,7.164130465,0.16821139,0.26639998,17.811356,0.006756029,2.3610485,120,-2057576.51138602,10822.520174012
60290010,-119.015,35.3856,7.582775,8.283870982,0.16240679,0.25526,17.765095,0.006754386,2.3153963,116.75,-2052599.89894969,12935.4370950879
401359021,-94.5244,35.4081,10.80341,7.767742003,0.15988372,0.63706,15.653724,0.008379255,2.9437375,220.5,132852.675660933,-233284.509940754
370990006,-83.2779,35.4668,8.5450115,7.284999967,0.1501827,0.6933,14.426343,0.008117245,1.183228,632.25,1141159.48104831,-151247.72340668
401090035,-97.5271,35.4729,10.459918,6.692857138,0.14572728,0.37514,15.168552,0.008114615,4.035626,382.75,-137372.434507351,-225958.989858672
370210034,-82.5844,35.6062,8.429208,4.975000024,0.15443158,0.68032,13.975766,0.007701459,1.4308764,664,1200767.18624906,-127245.205744698
401091037,-97.4751,35.6141,10.613812,5.987096763,0.13981609,0.39293998,15.061554,0.008104013,3.94762,356.5,-132449.749721598,-210228.540140825
50670001,-91.1889,35.6373,12.07183,7.051612908,0.15393406,0.46428,15.491233,0.008716174,3.5301902,70.75,431691.772932682,-197729.625809516
371470006,-77.3601,35.6413,10.292772,6.741666694,0.17595145,0.5626,17.50127,0.008491239,2.6523223,7.75,1662445.71631533,-44649.9265565836
370350004,-81.3656,35.7289,9.477178,5.118181727,0.15376289,0.60534,15.530177,0.00810182,1.2431997,293.5,1306921.89333555,-97576.7368119888
370570002,-80.2627,35.8145,10.883831,5.709999967,0.14372826,0.69726,15.827899,0.008501848,2.1862714,217.75,1402966.28774804,-72389.7472705025
50310005,-90.6795,35.8376,10.741455,8.230000011,0.1406747,0.44654,15.49308,0.008787039,3.5877197,87,476099.028726906,-172902.770898604
371830014,-78.5742,35.8561,9.859912,7.571428503,0.1681134,0.6096,16.783653,0.008597543,1.1276404,82.25,1551037.46644447,-41559.095733291
40011235,-109.438,35.8804,4.703377,1.828571423,0.1454125,0.15522,10.092212,0.003623077,3.2271001,1944.5,-1198432.16078385,-96568.7163774224
470930028,-84.036,35.9446,9.904723,7.416129043,0.16949485,0.64776,15.699928,0.008231048,1.5471569,328.75,1066813.16566798,-107011.523934656
470931017,-83.9507,35.9781,9.904723,8.299999968,0.1822268,0.57607996,16.152626,0.008278773,1.3807721,292.25,1073904.23316634,-102329.369863222
470931013,-83.9258,35.9807,9.904723,6.819999917,0.1822268,0.57607996,16.152626,0.008278773,1.3807721,292.25,1076074.63343219,-101758.898739416
470931020,-83.8738,36.0192,9.904723,7.370967692,0.16101137,0.67062,16.015032,0.008363839,1.3708378,262.25,1080135.20952442,-96892.5435337601
370670030,-80.342,36.0266,10.086969,4.645454558,0.14665934,0.68840003,15.590827,0.00831687,2.2071342,237.5,1392065.53875561,-50129.0109412851
370630015,-78.904,36.033,10.16481,6.89999994,0.152,0.707,16.239073,0.008441096,1.3590171,121.5,1518458.70674223,-27402.1029704124
60310004,-119.566,36.1022,7.229654,7.400000032,0.13702439,0.3275,16.442598,0.006888961,2.7511888,57.75,-2081049.69041959,102752.474532351
370670022,-80.2245,36.1109,10.086969,6.675862109,0.16091305,0.64418,15.596016,0.008291296,2.3918817,254.75,1400856.08731966,-39090.5970937636
320030540,-115.079,36.1419,8.128991,3.735714299,0.14411539,0.16172001,19.381508,0.004453413,2.0616314,612,-1689908.53251475,18048.7622737812
470370040,-86.7341,36.1424,11.079387,8.572222221,0.17365882,0.44398,16.100859,0.008146634,2.2550373,139.75,824945.609584686,-111852.827380506
320030561,-115.114,36.164,8.128991,3.944827618,0.14411539,0.16172001,19.381508,0.004453413,2.0616314,612,-1692472.29030802,21096.9024910545
470370023,-86.7389,36.1764,11.079387,7.519540247,0.17365882,0.44398,16.100859,0.008146634,2.2550373,139.75,824149.125879526,-108104.701480572
51430005,-94.1168,36.1797,10.211454,8.076666617,0.15179747,0.54818,14.008904,0.007865366,3.383845,404.75,167833.988311209,-146261.111997123
401431127,-95.9765,36.2049,12.917449,7.203225816,0.1449,0.60318,15.235968,0.008107979,3.3432698,219.25,2093.79912403551,-145101.474874172
471650007,-86.6531,36.2976,11.079387,6.906451664,0.14039025,0.69862,15.494643,0.007942031,2.4901767,187,830427.018246943,-93848.2217210274
61072002,-119.291,36.3322,7.229654,8.810714304,0.15747619,0.54266,16.769854,0.007595351,1.8785813,113,-2051006.0150106,121755.103168406
50070003,-94.2292,36.4352,10.211454,7.674193551,0.15383117,0.65346,14.310324,0.008008738,2.983656,357.5,157284.689174354,-117840.996053607
50070002,-94.2057,36.4597,10.211454,8.753260842,0.15383117,0.65346,14.310324,0.008008738,2.983656,357.5,159319.929051995,-115057.931315456
60271003,-117.871,36.4878,5.858346,5.709677419,0.14077236,0.09766,15.155334,0.003707478,4.0772395,1155.25,-1924274.21735302,108995.049915386
515200006,-82.1641,36.608,8.610531,6.545161313,0.16619737,0.67514,14.033877,0.007542306,1.8015941,558,1221847.79346372,-10847.1768120067
210130002,-83.7369,36.6084,10.111988,6.239999994,0.1528,0.65356,13.393874,0.007524512,2.257672,593.25,1083769.83011,-29882.2141804003
60195025,-119.733,36.7264,6.1511602,7.896296298,0.138176,0.39786,16.656565,0.006999786,2.2420166,96.75,-2078210.07982652,174172.055054733
60190011,-119.773,36.7854,6.1511602,6.369230784,0.133384,0.32062,17.16367,0.007002997,2.0001268,102.75,-2080003.06601656,181451.875103189
60195001,-119.716,36.8195,6.1511602,6.641935464,0.1384876,0.41544,17.09216,0.007044889,1.8705423,101.75,-2074176.41706145,183907.936099072
518100008,-76.1812,36.8419,10.574612,5.877419406,0.17615789,0.5242,16.474154,0.008505248,3.4237487,7.5,1738266.71271724,108169.73424012
517100024,-76.3014,36.8555,10.574612,6.440000017,0.18295535,0.35182,15.869983,0.008436758,3.8911185,0.75,1727562.51861591,107468.849683507
210470006,-87.3233,36.9117,11.06454,7.763999968,0.124356166,0.62034,14.151221,0.008000542,2.8458061,191.75,764782.53542542,-30986.5468681983
60392010,-120.034,36.9533,7.8511825,5.685714313,0.12727273,0.47068,16.702229,0.006978259,2.507937,84,-2097645.88686454,205408.592625232
212270009,-86.2149,37.0493,10.875007,7.50689657,0.14092,0.61786,14.475214,0.007881555,2.7116497,196.75,860568.700232122,-6162.5739021118
211451024,-88.5725,37.0582,10.712845,7.546428544,0.15895946,0.52294,14.538416,0.007748377,2.1126935,97.25,653636.994633473,-23952.6254693585
211990003,-84.6115,37.098,10.598528,7.106451634,0.15962666,0.66132003,14.34109,0.007560085,2.1612172,292.5,1000302.45661684,14959.4357325632
516500008,-76.387,37.1037,10.588918,5.459999971,0.15989189,0.59964,15.900868,0.008507116,3.6518307,2.75,1714463.69887059,133136.231431507
211930003,-83.2093,37.2833,9.605848,6.026666673,0.17975949,0.63636,14.000737,0.007599375,1.6385393,401.25,1119974.15219103,51198.9964783287
511611004,-79.8845,37.2834,9.32692,5.969999957,0.20017526,0.58652,14.662682,0.0074143,2.3471875,362.25,1408592.65458034,95446.3867575477
517750011,-80.081,37.2979,9.32692,6.199999965,0.18792473,0.61972,13.248459,0.007152257,2.73595,655.75,1391308.39576741,94153.5883114839
60472510,-120.48,37.3083,8.036413,6.022580654,0.12885484,0.44145998,16.036661,0.007359605,2.3310246,50.25,-2125581.26402025,253809.466779562
516800015,-79.215,37.3327,9.30735,5.991999979,0.16895403,0.6649,14.733568,0.007797229,2.4468422,273,1465542.86180747,111012.607746802
510360002,-77.2592,37.3444,10.837323,6.19677419,0.18093,0.62412,15.853475,0.008354465,2.498725,1.5,1633950.36311028,144196.173323152
60850005,-121.895,37.3485,8.71357,6.337499969,0.1507876,0.38592,14.820197,0.006976784,1.3384035,38.25,-2244262.65228842,290690.314876693
510410004,-77.5936,37.3575,10.9276285,5.967741912,0.15849505,0.7349,15.407673,0.008171734,1.6571819,68.25,1604881.40097558,139937.914212611
201910002,-97.3664,37.4769,13.976256,7.013333352,0.13401204,0.42258,12.723957,0.007389238,3.5901766,388.5,-119690.089215478,-1728.33257349426
211950002,-82.5353,37.4826,9.792352,6.070967717,0.16626087,0.67378,14.451656,0.007316622,1.9090636,325,1175451.32184644,81460.9916920927
510870014,-77.4003,37.5565,11.424741,5.891666651,0.16904041,0.65098,15.449001,0.008079126,1.7262149,47,1617183.8893718,165095.053114931
517600025,-77.4693,37.5909,11.424741,6.896774184,0.18293877,0.53828,15.583651,0.007985334,1.7997237,60.25,1610513.93980345,167705.256177148
60990005,-120.994,37.6422,7.6841655,5.649999917,0.12252992,0.50572,16.29758,0.006962651,2.1286423,32.5,-2159460.22715852,301557.019984711
510870015,-77.5664,37.6713,11.424741,6.065517212,0.16296774,0.65918,15.21147,0.007919159,1.70578,74,1600444.43264642,174905.749125941
210930006,-85.8526,37.7056,11.080369,7.099999982,0.16327398,0.58626,13.442899,0.007524659,3.1774206,250.25,884474.451056444,70308.11748649
210590005,-87.0753,37.7808,11.220777,7.553333282,0.17119117,0.4157,14.238308,0.007737645,2.9607303,123,777445.379703517,68002.7953337886
60130002,-122.026,37.936,9.69646,4.72592594,0.1274,0.4739,14.692812,0.006896428,2.7561445,43.5,-2237524.13714131,357181.275984853
181630016,-87.5323,37.9744,10.979677,7.851612883,0.1793889,0.39012,13.90042,0.007681249,2.025702,117.25,735812.763843113,85972.2914547556
181630021,-87.5772,38.0133,10.790956,7.723333279,0.16502778,0.5401,13.694039,0.007715582,2.22162,120,731535.441440948,89968.4605412658
210670012,-84.4976,38.065,10.734524,7.216129003,0.16641666,0.50497997,13.428074,0.00735921,2.6424444,301.5,997173.158896363,123744.408510107
510030001,-78.504,38.0766,11.096278,5.371428583,0.168625,0.64806,14.551423,0.007401332,2.0026596,128,1511670.96328066,204170.849974196
181470009,-86.9832,38.1675,11.09023,7.319999997,0.15344776,0.49816,13.492206,0.007681406,2.3622203,126.5,781338.243324478,111907.274735502
211110075,-85.7119,38.1936,11.418117,8.764516061,0.1924,0.3983,14.045271,0.007507326,1.7463712,143,890780.933001237,126002.180203235
211110067,-85.6545,38.2288,11.418117,7.428947348,0.18597297,0.5028,13.995663,0.007514482,2.1287024,157.75,895302.582481731,130463.758292646
210430500,-82.9881,38.2389,9.882574,5.72903224,0.16108955,0.63448,13.344483,0.007247123,1.9141179,251.25,1124604.30353775,159926.087775347
81010015,-104.598,38.2761,5.7243643,3.735483862,0.14714815,0.21022,10.250275,0.004617389,2.807877,1463.5,-744049.420356703,120666.447328399
180190006,-85.7401,38.2777,11.418117,8.134615385,0.17681539,0.44282,13.824983,0.007515955,1.7485858,142.75,887333.071637775,135109.733290834
180190010,-85.7413,38.2882,11.418117,8.675000072,0.17681539,0.44282,13.824983,0.007515955,1.7485858,142.75,887102.893972808,136268.582343586
540390020,-81.6212,38.3463,9.3976555,6.561290341,0.17595522,0.62426,13.9387045,0.00732352,1.7139821,314.25,1240069.97387506,188845.969505249
540391005,-81.6937,38.3662,9.3976555,6.590322591,0.1561,0.65558,13.67594,0.007527454,1.2728566,270,1233530.27046911,190107.592034244
180372001,-86.9297,38.3918,11.09023,7.483871014,0.18130435,0.50604,12.954608,0.007524731,2.351799,151.5,783564.275839208,137374.892955254
180190008,-85.6641,38.3938,11.418117,6.445833325,0.18060294,0.5973,13.576889,0.007472981,1.815677,159.75,892467.589894678,148758.304869203
540110007,-82.4324,38.4102,9.882574,6.886206898,0.1764,0.56630003,13.790717,0.00762728,1.4835914,214.75,1169580.96682957,185646.67319261
210190017,-82.6404,38.4593,9.882574,6.716129103,0.15206349,0.66788,13.712085,0.00738243,1.7278033,210,1150998.62087308,188555.459742414
511650003,-78.8195,38.4775,9.41013,6.022580585,0.1653494,0.63212,12.639588,0.007013459,2.2110915,429.5,1476632.46969745,243399.886079266
390870012,-82.6592,38.5081,9.882574,6.578571362,0.16840298,0.51874,13.765112,0.007405233,1.6333039,193,1148624.22671166,193743.949736288
60670010,-121.493,38.5684,8.071663,5.148387086,0.14327869,0.3805,15.356874,0.007195897,2.294898,8.75,-2174029.80850085,413104.908856938
60670015,-121.504,38.5933,8.071663,5.630769262,0.14327869,0.3805,15.356874,0.007195897,2.294898,8.75,-2174205.2091885,416047.65794141
171630010,-90.1605,38.612,9.922442,7.920000013,0.19338028,0.39076,13.651408,0.007244562,1.6933209,125.75,503395.398814091,140105.848135741
60670006,-121.368,38.6138,8.071663,5.251898738,0.13742734,0.4295,15.458121,0.007165183,2.1473246,13.25,-2162282.62429013,415160.690492032
61131003,-121.733,38.6612,9.660588,4.373333359,0.13889565,0.49741998,15.54447,0.007022251,2.797458,21,-2191214.37094125,428643.1146313
171190024,-90.1448,38.7006,9.922442,10.74482753,0.20617647,0.33512,13.690586,0.007144969,1.810369,124.5,504135.636245133,150101.128301519
171191007,-90.1397,38.7045,9.922442,10.16428557,0.20617647,0.33512,13.690586,0.007144969,1.810369,124.5,504547.253048169,150564.499378052
60610006,-121.265,38.7464,8.071663,4.99285715,0.12090909,0.47684002,15.430278,0.007005936,1.7939073,86.25,-2149806.59509563,427162.260938237
391450013,-82.917,38.7546,9.920834,6.400000007,0.17270176,0.53970003,13.077552,0.007261274,1.3956351,211.75,1122778.14725113,218025.831218018
510590030,-77.1047,38.7733,12.414886,6.274444421,0.1729647,0.5419,14.446194,0.007239671,2.0094259,48.5,1615610.0985852,303860.227744394
510130020,-77.0592,38.8577,12.414886,6.351612883,0.18615663,0.46768,14.2445,0.007353942,1.80161,15.5,1617575.92833457,313907.370397712
171193007,-90.1059,38.8607,9.922442,8.23571424,0.22442622,0.23818,13.118525,0.007179584,2.353682,128.25,506368.410795313,168218.527187279
171192009,-90.1432,38.9031,9.922442,8.648275885,0.19434783,0.53084,12.480476,0.007288168,2.4891746,161,502875.300772078,172763.754366692
200910007,-94.687,38.9745,10.325392,6.342857182,0.15662122,0.49622,12.175684,0.006901599,2.312569,315.5,112693.766514347,166044.2622184
180550001,-86.9904,38.9855,10.874637,6.712499984,0.19812727,0.4044,12.298981,0.007401621,2.6501436,153.5,772036.943894497,203122.482689042
60333002,-122.913,39.0189,7.286754,2.866666667,0.122957624,0.49133998,12.116129,0.006155584,2.819076,460.25,-2277851.45652883,494954.211154488
210373002,-84.4744,39.0219,10.784875,6.870000005,0.17827119,0.54976,12.850079,0.007307815,1.6608989,179.5,986198.630124505,230454.808846799
511071005,-77.4893,39.0247,11.547682,5.832258071,0.1774875,0.47664,13.170806,0.007095388,2.105617,102.75,1577692.99517388,325032.553513509
181530007,-87.259,39.045,10.655034,7.177419386,0.15480769,0.54046,11.993302,0.007122848,3.0966983,173,748473.89791609,207613.535197831
240330030,-76.8783,39.0553,12.202661,5.396666642,0.16663855,0.6012,13.692514,0.007212668,1.889743,50,1628390.71684472,338701.783695004
390610042,-84.5512,39.1049,10.784875,6.306666692,0.18685246,0.51636,12.2918,0.007112303,1.600171,257,978541.090968848,238895.771350156
390610040,-84.504,39.1289,10.784875,6.880645098,0.18360318,0.39614,12.591486,0.007215079,1.4046478,206.5,982231.06664675,242053.041217944
61010003,-121.619,39.1388,7.1894464,5.414285736,0.12894444,0.45886,15.580133,0.007059983,2.2460225,16,-2167487.16310251,477617.984033321
100010003,-75.5181,39.155,12.299558,5.051724146,0.18483545,0.47802,13.137156,0.007157481,3.6507993,10.75,1740096.52648954,373741.569397913
181050003,-86.5048,39.1594,11.036772,6.506666668,0.16838297,0.525,11.866106,0.007258295,1.6024365,223,811569.057316523,226567.065925626
60111002,-121.999,39.1892,10.00541,3.879999987,0.14283621,0.32584,16.079748,0.006523718,2.214555,14.75,-2197310.74455668,491786.293899606
390610014,-84.479,39.1943,10.784875,6.573333311,0.1775965,0.54188,12.554552,0.007232645,1.3186594,192.5,983470.185180986,249587.877989046
60570005,-121.056,39.2335,5.235618,3.366666698,0.10511956,0.62092,11.249116,0.006182199,2.1703384,795.5,-2118210.38131286,475162.039716396
540330003,-80.3422,39.2781,9.739036,6.429032237,0.172,0.59944,12.758501,0.006794827,2.1072576,344.75,1332286.20743371,309296.737546771
510690010,-78.0816,39.281,11.171367,6.387096713,0.14457534,0.6066,12.645283,0.006802898,1.8928226,199.75,1522435.97249516,343571.641413428
245100040,-76.6046,39.2977,12.1847315,6.777419352,0.1754557,0.37818,13.351567,0.00701278,2.0215137,53.75,1645870.3404867,370028.711929137
240053001,-76.4744,39.3108,12.1847315,5.39230763,0.17665476,0.47504,13.350621,0.007298284,2.130864,9.25,1656464.04067048,373728.400502696
541071002,-81.5524,39.3235,9.888363,6.793548353,0.19229032,0.56208,12.795164,0.007112067,1.2492776,195.75,1229370.70496829,298010.438450791
60571001,-120.185,39.3278,4.8724766,3.900000095,0.1507027,0.32924,4.6323037,0.004362616,2.5412047,1928.25,-2043542.35573941,466306.384526164
390170016,-84.5666,39.3384,10.784875,5.653333314,0.17723078,0.55888,12.286341,0.007158898,1.5855728,207.5,974090.278140154,264718.211900911
340011006,-74.431,39.3633,11.909239,5.771428585,0.16260675,0.23622,11.29107,0.006486639,4.889694,0,1825650.62921231,416913.225046727
390090003,-81.9088,39.4422,9.770478,5.266666722,0.16394545,0.64942,11.917009,0.006772409,1.3023674,276.5,1197304.14015288,306613.48409094
540030003,-77.9638,39.4481,11.547682,6.877419322,0.16596052,0.58874,12.558408,0.006792299,1.5803204,147,1528791.82451882,363856.132454295
240051007,-76.6335,39.4605,12.1847315,6.014285735,0.1680411,0.58186,12.515867,0.006986495,1.9089481,155.25,1639759.48682137,387396.493525428
340010006,-74.4487,39.4649,11.909239,5.167741991,0.14735417,0.42884,11.604658,0.006547807,4.458253,3.25,1821618.12577468,427668.298237723
390170020,-84.395,39.4724,10.784875,8.773333295,0.17462264,0.54344,11.978298,0.007155047,1.5925463,201.25,986808.53398443,281396.080244471
390170022,-84.3971,39.4787,10.784875,8.606666756,0.17462264,0.54344,11.978298,0.007155047,1.5925463,201.25,986544.864237001,282075.060192146
390170019,-84.4096,39.4798,10.784875,6.366666635,0.17462264,0.54344,11.978298,0.007155047,1.5925463,201.25,985472.322821399,282067.727505846
540490006,-80.1347,39.4815,9.739036,6.336666648,0.15982759,0.63208,12.508808,0.006835697,1.7661911,333.5,1345990.7036697,334703.518577672
181670018,-87.4013,39.486,10.655034,7.996774197,0.16720755,0.44012,11.95644,0.007212567,2.5688949,156,731856.614301136,255725.24243796
390170015,-84.3637,39.4907,10.784875,7.000000048,0.17462264,0.54344,11.978298,0.007155047,1.5925463,201.25,989206.280600521,283757.049237419
320310016,-119.808,39.5251,5.248154,3.396774157,0.14971875,0.27381998,10.051091,0.004237797,2.4676154,1370.75,-2006880.22671903,479682.846939839
80350004,-105.07,39.5345,6.4231596,5.146428594,0.1574127,0.33616,8.069942,0.004361771,1.4050611,1697.75,-771333.469273087,264864.524856855
100031007,-75.732,39.5513,12.681901,5.255172425,0.16490124,0.58192,12.766886,0.006773186,2.8366065,26,1712801.10073915,413253.580561813
80050005,-105.02,39.6044,6.4231596,5.886666663,0.1574127,0.33616,8.069942,0.004361771,1.4050611,1697.75,-766351.778360354,272257.999247901
540610003,-79.9209,39.6494,10.314446,6.329999979,0.163,0.61444,12.161697,0.006737088,1.741225,379.25,1360788.57094062,356299.146287699
100031012,-75.7613,39.692,12.681901,5.641379262,0.17235,0.54396,12.625734,0.006764212,2.602595,47.5,1707030.01855703,428137.118907197
80310027,-105.015,39.7322,6.4231596,7.626666689,0.18044594,0.3127,8.5051365,0.004451514,1.2378136,1612.75,-764571.715903111,286474.877492048
100032004,-75.5581,39.7394,12.681901,6.415662651,0.16535135,0.5412,12.58355,0.006697799,2.4334793,44,1722771.32153348,436994.386931383
180970043,-86.1665,39.745,10.704262,9.367741977,0.18128847,0.42532,11.1719055,0.006775907,1.7539176,215.25,833603.852181819,294784.613504579
80310002,-104.988,39.7512,6.4231596,5.770786529,0.17871794,0.25184,8.460013,0.004416333,1.3288847,1615,-762087.591953885,288377.589341979
391130038,-84.1987,39.756,10.460099,6.753333342,0.17689796,0.47106,11.69178,0.006802813,1.7632823,253.75,999478.834060366,314988.343574302
180970084,-86.1154,39.7589,10.73877,8.258064516,0.16065958,0.4179,11.048166,0.006796068,2.1438348,245.5,837758.381922659,296783.208063525
100031003,-75.4919,39.7611,12.681901,5.217241369,0.16475,0.53086,12.820447,0.006730023,2.5577648,14.5,1727743.00143885,440571.65675465
60070008,-121.84,39.7617,7.8564324,4.576404488,0.11538182,0.58334,15.924838,0.006610029,2.4128442,65.25,-2166975.52618358,549923.466163995
180970083,-86.122,39.775,10.73877,8.337931041,0.16065958,0.4179,11.048166,0.006796068,2.1438348,245.5,837013.833691569,298519.44445389
80310026,-105.005,39.7795,6.4231596,5.541379324,0.17871794,0.25184,8.460013,0.004416333,1.3288847,1615,-763224.65369545,291671.06497937
180970087,-86.1309,39.7879,10.73877,9.096774155,0.16065958,0.4179,11.048166,0.006796068,2.1438348,245.5,836112.556747299,299878.845762237
180970081,-86.2146,39.7889,10.704262,9.277419398,0.18128847,0.42532,11.1719055,0.006775907,1.7539176,215.25,829035.14089629,299257.019172449
340150002,-75.2121,39.8003,14.159666,6.013333321,0.1640548,0.43026,12.616608,0.006734105,2.480291,3,1749987.47382172,449980.671643256
180970078,-86.1144,39.8108,10.73877,8.054838742,0.16453333,0.4448,10.942594,0.006757903,1.8608751,247,837238.948366544,302576.361871755
60631010,-120.471,39.8134,6.167476,9.110526235,0.13061291,0.48218,4.2403903,0.004336547,2.7309556,1900.75,-2053316.44617345,525116.971516451
420290100,-75.7682,39.8345,12.681901,5.02727268,0.1790909,0.61798,11.616108,0.006732282,2.9135041,123.25,1703082.95795857,443621.002808058
391351001,-84.7205,39.8356,10.576926,6.019999997,0.18456818,0.40944,9.963183,0.006681426,3.022347,355.5,954442.761752626,318478.187513839
540511002,-80.7339,39.916,10.266238,7.664516107,0.15849122,0.62868,11.999319,0.006855234,1.4395483,319,1287814.09034959,374439.217070587
390490039,-82.9801,39.9285,10.183675,7.228571483,0.19158824,0.42784,11.529551,0.006816076,2.2723708,233,1099428.86627511,347610.773539674
180570008,-86.0788,39.9288,10.73877,8.322580691,0.16979592,0.44976,10.698682,0.006775877,2.0169508,245.25,838865.206164458,316040.856021284
390230005,-83.8095,39.9288,10.460099,5.321428623,0.20236735,0.43022,10.680012,0.006633148,2.2264142,312.75,1029785.97031604,338352.6987192
340070002,-75.1252,39.9346,14.159666,7.789285736,0.16848685,0.30972,12.69549,0.006674214,2.109983,10,1753906.12586845,466271.357631171
60631006,-120.944,39.9396,6.167476,4.646590913,0.120400004,0.56176,6.4188504,0.005214136,2.0520866,1235.25,-2088429.08026202,549090.040237612
390130006,-80.7464,39.9679,10.266238,6.780952363,0.15849122,0.62868,11.999319,0.006855234,1.4395483,319,1285839.28071588,380010.522212078
340071007,-75.05,39.989,13.764467,4.903333314,0.18008536,0.3384,12.520281,0.006723065,2.1200328,11.25,1758789.0735852,473609.616967891
421010048,-75.0808,39.9914,13.764467,5.913333301,0.18008536,0.3384,12.520281,0.006723065,2.1200328,11.25,1756186.57292646,473302.434649444
340292002,-74.1704,39.9949,12.524199,5.641304348,0.14961052,0.40848,11.124803,0.006407035,3.4037986,7.5,1831206.0218795,490868.127019542
390490034,-82.9944,40.0027,10.559527,7.017857168,0.17161702,0.46166,11.434423,0.006791859,2.555977,249,1097094.64685799,355681.685472372
180650003,-85.5235,40.0095,10.564597,6.287096747,0.1913721,0.42276,10.163076,0.006808959,2.82143,295.25,884637.281364509,330066.580485475
80130012,-105.263,40.0211,5.622305,5.693548349,0.1718,0.4036,7.7214513,0.004538361,1.1120539,1608,-782388.754059268,320715.877122977
420710012,-76.1124,40.0438,12.05053,8.716304341,0.19384722,0.53408,11.561393,0.006785349,2.491858,126.5,1669664.60670119,460444.658424197
420710007,-76.2833,40.0467,12.05053,8.301123582,0.19262858,0.52526003,11.959438,0.006896362,1.8962783,104.75,1655457.12912187,457772.742535277
170191001,-88.3725,40.0528,10.785034,6.27096773,0.15632728,0.28486,10.644986,0.00677259,3.708236,210,644292.029726083,311977.074104516
390490081,-82.9598,40.0877,10.559527,6.824999963,0.15918182,0.50294,11.251844,0.006743302,2.4010348,258.75,1098692.30647961,365515.875487043
390490038,-83.0654,40.1111,10.593838,7.203571464,0.15844445,0.49562,11.125296,0.006722905,2.6532063,261.5,1089494.55515341,366897.444873986
540690010,-80.701,40.1149,10.757385,7.122580644,0.1595862,0.6287,11.768147,0.006796245,1.5811027,294.75,1286993.23442403,396883.249507539
170190006,-88.2406,40.1239,10.785034,5.489285665,0.19801696,0.39748,10.539818,0.006634171,2.9227276,231.5,654759.304494601,320818.647600804
490495010,-111.658,40.1364,5.5740566,3.602531625,0.14037037,0.38942,9.418096,0.005043201,1.983014,1429.25,-1316527.58907993,404177.793708127
421250005,-79.9022,40.1467,10.6393385,7.93548384,0.14272131,0.59058,11.186873,0.006621736,1.7664356,348.25,1352962.05810257,411492.742882713
80130003,-105.101,40.1646,5.622305,5.63870968,0.16644706,0.31266,7.2653074,0.004539372,1.6873075,1556.75,-767210.462820223,335398.056287057
180350006,-85.3879,40.1995,10.677426,6.877419356,0.18559091,0.44778,10.242435,0.006616601,2.5072021,288.75,893667.83455563,352492.119246978
81230008,-104.824,40.2094,5.5576797,5.854838737,0.16263291,0.45732,7.1688924,0.004816237,2.5044937,1500.25,-743462.310263207,338193.328284386
340210008,-74.7632,40.2224,12.82885,6.257534254,0.15552273,0.48316002,11.994618,0.006440581,2.240968,24.5,1776671.87209949,504453.228991294
420410101,-77.1868,40.2465,11.860884,7.076086927,0.17468181,0.59842,10.853869,0.006373018,2.324479,271.25,1576212.60280597,464337.652101787
420430401,-76.847,40.247,11.860884,8.290217413,0.18604225,0.46688,11.692187,0.006346525,1.567372,147.25,1604287.59165903,470078.646834072
420033007,-79.8853,40.2943,10.6393385,6.100000048,0.15088333,0.5811,11.464663,0.006641654,1.2471478,280.75,1351578.20178207,428032.479210393
420030064,-79.8681,40.3238,10.6393385,10.83695655,0.15088333,0.5811,11.464663,0.006641654,1.2471478,280.75,1352448.6262123,431534.559041256
390670005,-80.9334,40.3329,10.757385,6.926666641,0.15403922,0.603,10.804602,0.006540399,1.5107008,355,1263752.59272797,417876.660029256
420750100,-76.3834,40.3373,12.05053,7.987209276,0.19984932,0.52248,10.987519,0.006373335,1.8799309,180.75,1640499.69584303,487899.717517426
540090005,-80.5966,40.341,10.757385,8.396666582,0.15388235,0.54076,11.007579,0.006543445,1.6441711,327.5,1291611.10519724,423300.579625739
490494001,-111.714,40.3414,5.5740566,3.888750005,0.15180488,0.34800002,7.0992365,0.004576734,3.030283,1841.75,-1317412.84562664,427608.372235517
390810017,-80.6158,40.3663,10.757385,7.408000021,0.15388235,0.54076,11.007579,0.006543445,1.6441711,327.5,1289558.42572127,425836.971422308
420030067,-80.1699,40.3756,10.6393385,6.896666694,0.16626562,0.59556,10.824123,0.006574415,2.126002,341.5,1326421.21042158,433001.937119711
420110011,-75.9686,40.3834,12.618794,7.530882359,0.18419673,0.53524,11.540579,0.006479506,1.8075294,86.5,1673598.311055,500184.797348947
540090011,-80.6118,40.3946,10.757385,8.18064512,0.15388235,0.54076,11.007579,0.006543445,1.6441711,327.5,1289379.68234241,429020.046811005
191110008,-91.391,40.401,10.059573,7.241935472,0.20378481,0.40664,10.747753,0.006324531,2.994289,176.75,387694.824016653,334520.459510415
420031301,-79.861,40.4023,10.6393385,8.689999898,0.16957143,0.5022,11.357458,0.00656135,1.2809885,299.5,1351551.87725028,440303.042411989
540290009,-80.5923,40.4274,10.757385,6.980645203,0.15225533,0.6196,10.888451,0.006484918,1.5168444,320.75,1290406.15199,432910.894035475
340230011,-74.4294,40.4622,12.82885,5.767857113,0.15583098,0.49772,11.27018,0.006223006,2.2547238,23.25,1798074.86837002,536916.676828738
420030008,-79.9608,40.4654,10.6393385,8.205434763,0.16513333,0.53304,11.035558,0.006472704,1.4052943,315.5,1342086.61944278,445856.051008139
420030002,-80.0713,40.4998,10.6393385,8.160714345,0.16978125,0.4704,10.938179,0.006506723,1.9810178,326.5,1332284.69167875,448100.218387141
60890004,-122.381,40.5501,4.3159976,4.60833329,0.12875214,0.43836,15.786114,0.006285821,1.725608,192.75,-2186979.06925116,647333.582182039
490450004,-112.356,40.6006,6.7967505,2.977499992,0.1340814,0.45264,8.767096,0.004690736,2.9488099,1477,-1365741.73352914,465294.096493268
340392003,-74.2762,40.6039,12.613189,7.760000014,0.17235714,0.29054,11.367417,0.005918786,2.473057,20.75,1807026.12494091,555284.688907002
420030093,-80.0217,40.6066,10.779104,5.553333314,0.17147458,0.60166,10.234128,0.006311354,1.6600498,376,1334392.27245949,460590.725548895
420031008,-79.7277,40.6175,10.404535,7.400000004,0.17960656,0.58966,10.517827,0.006359486,1.2376369,340.75,1358498.78118644,465959.507397622
420950025,-75.3411,40.6281,13.336773,6.621348274,0.16576563,0.52432,11.065164,0.006261472,2.2024627,106.5,1719297.82684383,538170.750852872
360850055,-74.1372,40.6331,12.613189,7.203571405,0.1732716,0.29976,10.856273,0.005830376,3.6876166,4,1817638.57818552,561120.447148393
340390004,-74.2084,40.6414,12.613189,8.637634413,0.17235714,0.29054,11.367417,0.005918786,2.473057,20.75,1811612.10509517,560666.133686248
191770006,-92.0063,40.6951,10.036515,6.087096757,0.18642029,0.48882002,10.068909,0.006053656,3.0876176,220.25,334586.535429143,365091.165501558
490351007,-112.111,40.7121,6.7967505,3.377499969,0.18542697,0.12488,10.190185,0.005018613,2.9510508,1328.75,-1343374.85114365,474108.578273972
360610134,-73.9952,40.7144,12.613189,8.003225788,0.1742963,0.19783999,11.018048,0.005792161,3.2965002,6,1827143.55881837,572707.780750454
360470122,-73.9477,40.7196,12.613189,6.576666657,0.1742963,0.19783999,11.018048,0.005792161,3.2965002,6,1830882.76492733,574188.782773156
340130003,-74.1929,40.721,12.613189,7.53999997,0.15631507,0.28847998,11.078532,0.005823394,2.3948085,26.25,1810850.11651968,569643.311077648
340171003,-74.0523,40.7254,12.613189,7.469892438,0.1752195,0.24616,11.076758,0.005725153,3.008537,12.75,1822205.03333637,572810.623187245
360610128,-73.984,40.73,12.613189,7.745161287,0.1742963,0.19783999,11.018048,0.005792161,3.2965002,6,1827655.69651625,574623.661185234
360810124,-73.8215,40.7361,12.613189,6.426966273,0.15532927,0.30396,10.731172,0.005816854,3.0708456,19.75,1840742.74231525,578424.808249441
490353006,-111.872,40.7364,6.7967505,3.771621628,0.17541666,0.29534,10.122594,0.005194248,1.7600136,1309.25,-1323181.07014944,473438.607250946
360810125,-73.8177,40.7393,12.613189,6.85483874,0.15532927,0.30396,10.731172,0.005816854,3.0708456,19.75,1840969.48535684,578847.088692364
361030002,-73.4192,40.7453,12.505245,5.126666641,0.14781818,0.44998,10.010019,0.005938708,3.2553804,39.75,1873264.80854356,587287.924989732
420070014,-80.3164,40.7478,10.779104,8.048780427,0.17531481,0.60296,10.082569,0.006313882,1.6667492,341.25,1307408.9308031,472090.281827375
340170008,-74.0362,40.7709,12.613189,7.322580595,0.1752195,0.24616,11.076758,0.005725153,3.008537,12.75,1822350.58633115,578079.756517252
390030009,-84.0539,40.7709,11.242553,6.019999949,0.21068628,0.3961,9.516812,0.006219613,3.5265625,279.5,997423.180303082,429322.092739077
60231004,-124.179,40.7768,5.2315774,5.448275852,0.15764773,0.60826004,10.989171,0.006906554,2.7531407,74.5,-2324365.24537553,714364.585250592
490353010,-111.931,40.7842,6.7967505,4.201265837,0.1718625,0.36383998,10.454081,0.005041098,2.438047,1287.75,-1327160.35779458,479539.902619455
391510017,-81.3941,40.7868,11.19793,8.254838644,0.17680952,0.56556,9.908294,0.006176521,2.3259747,335.25,1217636.49028648,462085.304313716
340273001,-74.6763,40.7876,13.001768,4.813793108,0.13516666,0.56636,9.343442,0.005936277,2.394154,265.25,1769732.99163422,567804.397881331
360610079,-73.9343,40.7997,12.613189,6.358064452,0.15768354,0.26885998,10.811777,0.005744217,3.047114,41.75,1829910.98029457,583177.071044853
391510020,-81.373,40.8007,11.19793,6.948387077,0.19019149,0.50536,9.952472,0.006207062,2.146515,330.75,1219142.96006046,463894.132874746
311090022,-96.6833,40.8126,10.38379,6.260000086,0.17777108,0.37442,9.651373,0.005972236,2.338373,369,-57167.6499096491,371424.718591801
360050110,-73.902,40.816,12.613189,6.419354831,0.15010257,0.21922,10.748005,0.005815403,3.0051165,11.75,1832120.55076445,585575.791056207
340030003,-73.9733,40.8523,12.613189,6.603225823,0.15768354,0.26885998,10.811777,0.005744217,3.047114,41.75,1825381.75047501,588159.872321117
360050133,-73.8781,40.8679,12.613189,5.92258065,0.15010257,0.21922,10.748005,0.005815403,3.0051165,11.75,1832725.39654455,591692.206142976
490110004,-111.884,40.903,6.7967505,3.587179477,0.17819047,0.33614,9.921764,0.00516041,2.5858798,1282,-1321068.18665346,492003.233814169
340310005,-74.1681,40.9184,12.613189,7.558064545,0.1681282,0.31452,10.865226,0.005897832,1.9929744,24.75,1807839.14327901,591642.118520622
340410007,-75.0678,40.9246,13.336773,5.370000005,0.14396666,0.56864,10.389602,0.005988253,1.5926324,147.25,1734421.12155272,575551.108717648
310790004,-98.365,40.9421,9.36213,5.167741899,0.15375,0.34784,8.506749,0.005610359,4.6660914,560.5,-197485.9149535,388178.674841829
191370002,-95.045,40.9691,9.833532,5.364516093,0.2096389,0.35226,9.189542,0.006279766,4.590549,351,79722.4055582734,389145.203164166
391030004,-81.9239,41.0604,13.168285,6.366666661,0.214,0.54156,9.156193,0.006086159,2.6279619,334.75,1169277.3246598,485721.722306405
391530017,-81.469,41.0635,12.426553,6.790322588,0.18031915,0.53572,9.405906,0.00596342,2.1799536,353.25,1206721.93143657,491751.566197044
391530023,-81.5415,41.0879,12.426553,6.696774187,0.19970371,0.48876,9.784899,0.00603947,1.8036492,305.5,1200333.79002876,493533.679266575
390990014,-80.6585,41.096,11.995065,5.025000016,0.17729788,0.49830002,9.768708,0.006055066,2.2166202,322.75,1272874.67355927,505919.461374965
390990005,-80.6453,41.1111,11.995065,5.37499998,0.17729788,0.49830002,9.768708,0.006055066,2.2166202,322.75,1273688.35058131,507764.976353515
560210001,-104.818,41.1368,5.467109,3.726666707,0.20616363,0.26228,4.1840024,0.004175845,4.2345843,1853.25,-733334.178972002,441568.77995273
391330002,-81.2352,41.1644,12.426553,5.696666638,0.17853658,0.5499,9.0864725,0.005951788,1.9708661,355.25,1224234.43797121,505905.037076345
181830003,-85.6293,41.1696,10.719603,6.300000003,0.19690908,0.42227998,8.598116,0.005994643,4.0037274,287.75,861587.516566081,458252.073705841
90010010,-73.1947,41.1708,11.3665905,4.373333367,0.15236264,0.36718002,9.305257,0.005674083,2.6230865,24.75,1880207.51212973,638015.827622917
560210100,-104.778,41.1822,5.467109,3.292857184,0.19259575,0.28056002,3.9175248,0.004151023,5.079237,1872.25,-729548.30258724,446322.071703979
310550052,-96.0567,41.1978,10.127994,6.323333343,0.17163953,0.4165,9.594369,0.005889843,2.290079,344.75,-4718.05857481276,414352.655934772
490570002,-111.976,41.2063,6.3610125,3.825000003,0.13855556,0.42146,9.6386795,0.004795321,1.7820969,1380.25,-1322965.63047855,526767.150400817
391550014,-80.8012,41.2317,11.995065,5.053846102,0.1799375,0.53124,9.778667,0.005998125,1.9196705,280.25,1258717.09067217,519015.800341177
191550009,-95.8961,41.2642,10.127994,7.03571429,0.17532143,0.43678,9.736906,0.005972832,2.7924185,297,8637.48514384111,421789.557334082
90090027,-72.9029,41.3014,11.402163,4.33548387,0.13892941,0.41852,8.810234,0.005499795,3.0498595,5,1900274.19635691,658016.339309534
560010006,-105.592,41.3116,4.930184,3.839999996,0.20062162,0.2189,2.5074034,0.003790328,3.8769972,2190.5,-795520.886943356,467272.399198047
90110124,-72.0788,41.3536,11.40604,3.413333281,0.11871765,0.45342,8.6446,0.00542533,3.3912272,36.5,1965207.66496196,680442.131612859
390351002,-81.8187,41.3963,13.168285,6.367741923,0.17648,0.50042,9.424944,0.005994515,3.2842493,256.5,1172360.6604743,524207.556322104
90011123,-73.4431,41.3992,11.3665905,4.14000001,0.14911428,0.53278,8.661974,0.005537544,2.637278,182.75,1854104.08124254,657979.153298542
191390015,-91.068,41.401,10.063629,6.719780237,0.19208197,0.37192,9.622729,0.005907426,3.7242322,176,409032.037620468,447714.669770514
191390020,-91.0616,41.4069,10.063629,6.399999988,0.19208197,0.37192,9.622729,0.005907426,3.7242322,176,409528.037016118,448401.750696615
191390016,-91.071,41.4194,10.063629,6.190322603,0.1973793,0.3953,9.146632,0.005891504,3.7377853,205.25,408676.68414328,449758.557929696
390350073,-81.4948,41.4401,12.426553,6.538709625,0.18125,0.4652,8.904086,0.005924209,2.5647361,312.5,1198185.99351694,533094.204799474
390350065,-81.6624,41.4466,12.426553,9.370967727,0.17406122,0.3574,9.204454,0.005995258,3.2698526,212.75,1184338.05471281,531712.481511067
390933002,-82.1143,41.4631,13.168285,6.053846125,0.18901588,0.43894,8.68688,0.005998387,4.037793,192.5,1147010.97938539,527995.973674599
390350045,-81.6568,41.4718,12.426553,8.993548316,0.1674898,0.40166,9.14754,0.00598815,2.7044168,262.25,1184373.02769481,534570.795595563
390350038,-81.6824,41.477,12.426553,7.948387046,0.17406122,0.3574,9.204454,0.005995258,3.2698526,212.75,1182187.81562232,534827.454352989
390350060,-81.6785,41.4921,12.426553,7.954838776,0.17406122,0.3574,9.204454,0.005995258,3.2698526,212.75,1182253.66328867,536546.88586558
490030003,-112.019,41.4927,6.3610125,2.621052635,0.15487097,0.21752,5.4268103,0.004308961,2.849625,1797.75,-1321114.25088786,558971.586025469
360710002,-74.0089,41.4992,11.854111,4.749999984,0.14571212,0.53414,9.246985,0.005482386,3.0730355,174.75,1805874.21883827,657970.783212145
191630020,-90.624,41.5121,9.859876,7.206521756,0.1875862,0.34691998,9.327444,0.005815394,3.487338,214,445114.130265991,462126.919367694
191630015,-90.5876,41.53,9.859876,6.431182801,0.1875862,0.34691998,9.327444,0.005815394,3.487338,214,448010.639231144,464298.118609026
90092123,-73.0436,41.5506,10.6364355,4.7866666,0.13942105,0.54848,8.507524,0.00548999,1.7212375,132.25,1882252.49139994,682294.689832914
311770002,-96.1462,41.5512,10.475506,5.65517243,0.21689412,0.35922,8.685549,0.005908873,3.6491847,337.75,-12104.5739352417,453918.939261448
390350034,-81.5753,41.5552,13.921966,6.574193547,0.14960784,0.37682,8.878565,0.005868135,3.6417084,197.5,1189639.80608539,544816.312570083
180890026,-87.4066,41.5733,12.268205,7.583870988,0.15091781,0.39738,8.4036255,0.005639111,2.8619406,192.75,710295.038834466,488519.174501077
560370007,-109.221,41.5925,4.8552094,3.914285681,0.18502,0.18144,3.4216254,0.003871579,3.2081273,1970,-1090459.64683769,534506.559511569
180890036,-87.495,41.5944,12.268205,7.296774218,0.16502817,0.25236,8.294066,0.005523053,2.9887376,181,702796.829240454,490213.7738075
180890031,-87.3429,41.5985,11.697911,8.259999998,0.1850411,0.13574,7.083968,0.005446273,4.4418454,175,715289.145907876,491805.563467146
191530030,-93.6431,41.6032,9.998783,6.078260886,0.1712353,0.40440002,9.141734,0.005875834,3.0039017,253.25,194974.406367526,462147.061889264
191532510,-93.7479,41.6035,9.998783,5.829032233,0.18648,0.43742,8.878128,0.005764517,3.4129357,285,186305.698084412,461970.392812253
180890022,-87.3049,41.6067,11.697911,6.565517257,0.172875,0.28192,7.0791526,0.005468017,4.855191,175,718336.286636265,493006.040839386
390950026,-83.6423,41.6206,11.948155,6.712903223,0.20165625,0.48062,8.70951,0.005909302,3.108947,196.25,1019263.38649144,528040.224952367
180890006,-87.442,41.636,12.268205,7.651612897,0.16502817,0.25236,8.294066,0.005523053,2.9887376,181,706745.919440181,495243.534262641
390950024,-83.5462,41.6441,12.659558,6.925806422,0.19950819,0.42144,8.76634,0.005938578,2.8578827,187.75,1026800.82123539,531682.204470669
191032001,-91.5035,41.6572,9.693077,6.348314604,0.18552831,0.34996,8.796222,0.005854409,3.4547598,223,371586.209527101,474564.672715297
170310001,-87.7325,41.671,12.268205,5.653846117,0.15718056,0.39896,8.59784,0.005600058,2.3459783,195.25,682476.850960057,497021.588371139
390951003,-83.4785,41.6799,12.659558,7.532258103,0.20328334,0.34428,8.750257,0.005924662,2.8776538,185.75,1031824.02903604,536387.114888423
170310022,-87.5393,41.6872,12.268205,7.100000024,0.17114103,0.25908,7.9417987,0.005392688,2.9901426,180,698222.531407868,500230.856971357
181410015,-86.2147,41.6967,11.006532,6.667741922,0.18370149,0.43932,8.390434,0.005593016,3.8340623,242.75,807066.074396596,511779.789662958
180910011,-86.8912,41.7072,11.697911,5.754838647,0.12819697,0.48172,7.3573923,0.005358324,4.8215613,179.25,751335.0183443,507402.131523479
390850007,-81.2422,41.7268,13.921966,5.725806448,0.17116667,0.54564,8.155355,0.005659957,3.6333637,185,1213922.58787527,568006.029602984
170310076,-87.7135,41.7514,12.268205,7.060000022,0.15643835,0.37242,8.54985,0.005559107,2.3696094,190.25,683257.839098238,506120.668630003
90030025,-72.6799,41.7714,11.191485,4.667741937,0.15049411,0.51994,9.176282,0.005421326,1.5920833,39.25,1905474.46861412,713522.496612664
170313301,-87.8054,41.7828,12.268205,7.255172466,0.1628,0.34538,8.529781,0.005479851,2.3675792,185.25,675396.59991484,508963.945996532
90031003,-72.6317,41.7847,11.191485,3.393333316,0.15817285,0.4734,9.173012,0.005450094,1.7873437,13.25,1908970.99971248,715933.296273559
170890007,-88.3294,41.7847,11.972966,7.257692319,0.17893939,0.43146,8.374651,0.005638856,3.888973,219.25,632288.572852448,505570.590210246
170311016,-87.8324,41.8012,12.268205,8.52068966,0.1628,0.34538,8.529781,0.005479851,2.3675792,185.25,673000.037100031,510823.530764632
90050005,-73.2973,41.8213,10.6364355,2.932258048,0.14030646,0.57196,6.5680637,0.005339849,1.6642345,395,1854682.6644542,706728.56902404
190450019,-90.212,41.8233,10.074378,7.067741894,0.1976923,0.36317998,8.825,0.0058979,3.0803046,181,477065.941708144,498890.362602368
440071010,-71.361,41.841,10.4717655,3.465384596,0.13552,0.43418,8.51836,0.005234095,2.9645877,19.25,2008886.00155602,748226.214290174
490050007,-111.852,41.8426,6.012236,2.981578947,0.15247369,0.48226,7.3575926,0.005157317,1.7458073,1348.75,-1300969.11814898,595273.643917916
170316005,-87.7489,41.8644,12.268205,7.859999975,0.16082433,0.22746,8.164105,0.005341594,2.4177172,185.25,679249.961361516,518462.295608467
440070026,-71.38,41.8747,10.4717655,4.616128998,0.11763514,0.495,8.376971,0.005250917,2.6566122,30.5,2006405.81282398,751469.289302592
190450021,-90.1776,41.875,10.074378,6.609999979,0.19197102,0.37558,8.699222,0.005849577,3.6126335,177.25,479543.59999824,504837.000230942
311570004,-103.657,41.8769,5.901665,4.992592544,0.16346666,0.26136,5.8424296,0.004677664,3.945642,1236.75,-630339.695061119,515762.433042522
170310057,-87.7227,41.9127,12.268205,7.636363691,0.16082433,0.22746,8.164105,0.005341594,2.4177172,185.25,680931.300753775,524033.025079937
170313103,-87.8763,41.9652,12.268205,9.219354953,0.16486111,0.31818,8.268331,0.005335237,2.624692,197.25,667825.050687435,528794.388642987
170310052,-87.7499,41.9655,12.268205,8.296428663,0.16747561,0.19446,7.8587465,0.005247288,2.4870663,185.25,678187.190314683,529722.963953103
191130040,-91.6877,41.9768,9.693077,6.902173934,0.17746551,0.44578,8.288243,0.005671669,2.8192492,254,354752.724799173,509581.028105365
170890003,-88.28,42.0504,11.292202,6.641935479,0.17661905,0.40942,7.7641854,0.00538756,3.8519077,260.25,633939.667271164,535526.966093989
250230005,-71.0121,42.0651,10.157009,3.200000022,0.12524657,0.47348002,8.067635,0.005201764,2.63543,44,2030162.80933508,779860.657600584
160410002,-111.864,42.0822,5.981822,2.589999994,0.14250769,0.46794,6.9516006,0.005050776,1.951045,1428,-1297491.2222755,621868.798124912
361010003,-77.2098,42.0914,10.208321,4.026086926,0.17769091,0.57532,7.371267,0.005187657,2.8513472,454.5,1533738.62093675,666473.020810354
250130018,-72.5845,42.1202,10.064763,3.407142852,0.13838357,0.46482,8.520287,0.005129664,2.0394542,54.75,1903594.23288337,753280.719812236
170314201,-87.7992,42.14,11.675998,5.970000009,0.16484058,0.4463,7.337238,0.005134784,2.932689,203.75,672462.38756018,548818.337372188
410370001,-120.354,42.1892,4.386074,5.122727286,0.14108065,0.26536,5.85532,0.004405153,3.1373935,1597.5,-1976290.47425114,779913.483207415
250130008,-72.5551,42.1944,10.064763,3.499999981,0.15452564,0.41212,8.271844,0.005030063,2.1454415,73.5,1903909.10419365,761917.357001221
171110001,-88.2422,42.2214,11.292202,6.207142949,0.16144262,0.50132,7.5184293,0.005334614,4.2189016,259.25,635477.273253165,554841.406474497
261630001,-83.2082,42.2286,11.399568,7.378260852,0.18783636,0.29718,8.485675,0.005118469,3.7223742,182.75,1045727.33695703,600180.102655354
261610008,-83.5996,42.2406,11.399568,6.873333319,0.16709805,0.40768,7.9086943,0.005263428,3.652133,226.5,1013740.54329053,597269.273952835
250270023,-71.7943,42.264,10.418255,4.273333327,0.13130158,0.43248,7.488008,0.005064393,2.7687454,176,1962410.68645615,784933.780958795
260770008,-85.5419,42.2781,10.408968,6.848148143,0.19266666,0.41164,7.9535575,0.005358294,3.0613325,252,855197.203195215,582333.263121434
261630015,-83.1065,42.3028,11.399568,10.37777776,0.19272727,0.36638,8.419756,0.005186675,3.8873324,177.75,1052868.11982817,609524.861882398
261630033,-83.1488,42.3067,11.399568,9.073333345,0.19272727,0.36638,8.419756,0.005186675,3.8873324,177.75,1049376.27359297,609489.105223177
250250044,-71.0561,42.3252,10.157009,4.326666641,0.17169149,0.18609999,8.277214,0.005058997,3.3266077,4.25,2019122.87477742,807013.779006833
250250042,-71.0826,42.3295,10.157009,3.848387076,0.125,0.3437,8.437537,0.005014199,2.4178612,9.5,2016902.57247767,806915.420594567
410292129,-122.88,42.3316,5.9012895,5.344827582,0.139256,0.50072,12.342752,0.005639967,1.3397894,421,-2171598.53388527,850393.016599426
250250002,-71.0972,42.3489,10.157009,4.680645151,0.125,0.3437,8.437537,0.005014199,2.4178612,9.5,2015186.03223622,808700.822880244
261630095,-83.425,42.4215,11.399568,7.409999986,0.13657777,0.47648,7.693915,0.005103412,3.8337035,254.5,1025262.62100682,619195.628847748
261630019,-83.0001,42.4308,12.066736,6.70666668,0.16559616,0.37238002,7.974523,0.005201133,3.6225939,185.25,1059550.91291695,624886.679498711
410330114,-123.348,42.4341,5.521288,6.600000024,0.12121774,0.59894,11.505056,0.005436732,1.081662,331.25,-2205114.75566428,872166.988716441
250035001,-73.2541,42.448,9.588862,4.699999972,0.15841667,0.50136,6.7667084,0.004927695,1.6083412,328.75,1841527.57737532,775666.81736514
250030008,-73.2396,42.4523,9.588862,3.820000001,0.15841667,0.50136,6.7667084,0.004927695,1.6083412,328.75,1842564.94664279,776414.897321676
261250001,-83.1832,42.4631,11.399568,6.640000033,0.16878846,0.35066,8.099885,0.005182629,3.7143953,201,1044233.12883817,626437.875635043
191930021,-96.3948,42.4998,9.756556,7.163333313,0.18351613,0.44230002,7.4434214,0.005399171,4.152843,393.25,-32246.4284893403,560084.728740321
190130009,-92.316,42.5015,9.479645,6.65806455,0.18164,0.30818,7.418589,0.005461372,3.6973867,285.25,300819.465647281,566039.216880626
250112005,-72.5967,42.6058,9.079655,4.2387097,0.14407547,0.58452,7.4258637,0.004995866,1.1275067,156.75,1889386.17528746,805694.074532716
360010005,-73.7546,42.6423,9.317505,4.522580654,0.21689552,0.48262,8.686047,0.005026646,1.7974558,36.5,1796720.18633694,787200.410112517
360010012,-73.7573,42.6808,9.317505,3.986666648,0.21301666,0.41235998,8.191895,0.004977385,2.242167,96.25,1795508.14982417,791335.060579058
260990009,-82.7935,42.7314,11.043993,6.403333346,0.1722381,0.41036,7.20277,0.005066006,3.728561,191.5,1071627.67490789,660485.191779494
260650018,-84.5628,42.7614,10.291348,6.806451563,0.16530612,0.4463,7.163121,0.005043005,3.5677683,258.25,928405.065545427,645191.240751448
260050003,-86.1486,42.7678,10.404764,6.010000022,0.12858209,0.35004,6.550831,0.004953603,4.13584,186.75,800103.862196255,631480.008852844
250095005,-71.1023,42.7708,9.340427,3.25714285,0.12647693,0.53992,7.8452682,0.004864735,2.575265,28.5,2002568.00622089,854144.340496155
560131003,-108.736,42.8422,4.76073,3.821428563,0.21088462,0.305,4.5850835,0.003887662,2.6756384,1782.5,-1032028.18378199,667544.079436657
560250001,-106.325,42.8511,5.430788,4.460000054,0.16060318,0.23726,5.022554,0.004306447,4.312973,1603,-837411.081598575,644816.119210951
330115001,-71.8786,42.8618,9.745185,2.320000007,0.16857408,0.58512,6.4387984,0.004805444,1.7935586,269.5,1938944.4367004,847877.951317818
330150018,-71.3801,42.8625,9.413524,3.386666675,0.15241666,0.50556,7.162659,0.004729174,2.5022295,126.5,1978104.10594242,858227.139323571
360290005,-78.8095,42.8769,12.897746,6.925806469,0.18656819,0.32084,6.3458047,0.00484485,2.5729778,193.25,1388860.85823071,728122.025766517
261390005,-85.8527,42.8945,10.03289,7.183333313,0.16010714,0.47364,7.197418,0.005016513,3.6496341,203,822537.191846301,648085.253677814
360290023,-78.7658,42.9211,12.897746,7.034615361,0.18318182,0.38391998,6.7900825,0.005065746,2.6477299,192.75,1391462.07469269,733618.870874207
330050007,-72.2723,42.9305,9.745185,4.31249997,0.17819403,0.60376,7.0602117,0.004914153,1.0723064,173.5,1906067.13466237,847347.255438347
261470005,-82.4562,42.9533,11.043993,6.60344828,0.16412963,0.31182,6.1353483,0.004842255,3.9548438,180,1095292.63359743,688880.082867287
260810020,-85.6713,42.9842,10.03289,6.78666664,0.15213725,0.45898,7.187819,0.00504133,3.3611038,197.5,836096.959179007,659631.545197913
360290002,-78.7715,42.9933,12.897746,5.525806458,0.16433333,0.4545,6.860663,0.004988308,3.1318364,204,1389552.62944862,741469.280507179
260490021,-83.6702,43.0472,9.720768,5.932258018,0.14291836,0.46984,6.9370527,0.004866681,3.3156793,228,996337.701112456,685912.948845261
360671015,-76.0592,43.0523,9.2273035,4.380645191,0.21742553,0.44534,7.5886545,0.005097447,2.048511,130,1603941.39253033,790655.896411811
330150014,-70.748,43.0754,8.329177,3.142857126,0.12538356,0.38794,6.76807,0.004552778,3.556209,10.5,2021459.41873699,894498.821601989
550250041,-89.3577,43.101,9.426795,6.280000019,0.1546,0.33264,6.9155316,0.00516132,3.5231578,258.5,537397.231267896,645986.244675361
191471002,-94.6935,43.1237,9.765051,5.825806475,0.234,0.30122,6.0732684,0.005211829,4.517401,381,105750.691738846,630460.352622288
360550015,-77.5573,43.145,12.187913,6.292857162,0.1859111,0.43044,7.140927,0.005079713,2.4922497,132.75,1483024.03900147,776467.86419664
360551007,-77.5482,43.1462,12.187913,5.877419364,0.1859111,0.43044,7.140927,0.005079713,2.4922497,132.75,1483720.71792513,776741.411047368
560391006,-110.798,43.4578,4.5761766,3.166666643,0.23596296,0.21790001,2.4455318,0.003881931,2.707766,2015.5,-1187196.92995793,759657.328543369
550270001,-88.6211,43.4661,9.453143,5.160000029,0.18854545,0.36464,6.0438957,0.004858932,3.2306714,272.5,593716.062423218,691026.292150578
460990008,-96.7008,43.5479,9.064644,5.107142857,0.19617857,0.35994,6.4164963,0.005034373,3.971258,448.5,-56376.1534095949,677303.206332729
330012004,-71.4963,43.5661,7.1741967,3.25999999,0.22033334,0.46016,6.1570354,0.004491062,1.7890092,189,1948940.64194243,931788.885392942
260170014,-83.8907,43.5714,9.155998,6.066666647,0.17862712,0.38572,6.4366064,0.004659572,3.9336185,180.5,971179.359609533,741676.670093053
160270002,-116.563,43.5803,4.5459833,3.510344842,0.14702564,0.39122,10.880392,0.005242819,2.2051144,758.5,-1640559.98606653,858896.872850339
160010010,-116.348,43.6007,4.5459833,2.649999982,0.13984033,0.37108,10.998428,0.005291914,1.9647248,798.5,-1623187.42946072,857429.104551662
500210002,-72.9828,43.6081,7.5725217,4.218750045,0.176625,0.51664,6.312655,0.004544322,1.9919169,190.75,1831983.42167907,906759.538855916
230050029,-70.269,43.6602,7.3078613,3.723076949,0.15802778,0.45954,5.887205,0.004392252,2.6604586,24.75,2041409.1218215,967692.612999773
230050015,-70.2562,43.678,7.3078613,5.706666621,0.15802778,0.45954,5.887205,0.004392252,2.6604586,24.75,2041868.17673422,969881.427173534
410392013,-122.48,43.7444,5.313028,7.615384592,0.114197806,0.7704,8.357658,0.005462407,2.1077886,813.75,-2096724.89995717,993042.723511489
410399004,-123.053,43.7995,7.473982,7.136666727,0.12546153,0.70414,10.542345,0.005858189,1.2478068,255.75,-2139150.78860863,1011717.82794627
271095008,-92.4504,43.9969,9.044733,5.95172417,0.23704545,0.353,5.8181257,0.004672431,3.0588734,345.5,283614.704217614,732484.938029578
410390060,-123.084,44.0263,7.268077,5.058064549,0.14849474,0.50876,10.878037,0.006123787,1.4000984,136.75,-2134423.26611769,1036691.79788777
410390059,-123.141,44.0672,7.268077,5.912903278,0.14849474,0.50876,10.878037,0.006123787,1.4000984,136.75,-2137507.77677152,1042349.19496911
461031001,-103.228,44.0784,6.0435395,3.780000019,0.16828261,0.3862,5.3050256,0.004550251,3.5116282,1034.25,-576407.582669865,758206.255293903
230010011,-70.2142,44.0894,6.377145,3.273333327,0.1999697,0.45672,4.930354,0.004285551,2.9963982,81.75,2032818.53603097,1014993.67905537
410130100,-120.845,44.2998,4.297982,6.128571451,0.118263155,0.42762,7.6609077,0.00460964,1.7860688,917.5,-1954319.36036737,1017884.85647864
261010922,-86.2426,44.307,9.368803,4.692857119,0.15421052,0.47434,4.297118,0.004323252,3.8021488,188,774889.483164086,801573.867624857
230110016,-69.7867,44.3123,6.405442,3.066666663,0.1785,0.46884,5.154649,0.004267812,2.8078907,46.75,2058901.4904555,1048119.96022313
230090103,-68.2609,44.377,7.295029,2.228571423,0.1407794,0.38532,4.764113,0.004139895,4.036279,6.25,2173344.08892083,1089017.79171081
360310003,-73.8589,44.3931,7.844626,2.261538469,0.219,0.53082,2.434704,0.004042123,3.8456237,779.25,1743333.73313021,975360.391472584
560290001,-109.069,44.5246,5.647536,2.392857156,0.1400926,0.25444,4.8247256,0.003877346,4.1610584,1590.5,-1033110.06602928,857153.141275656
500070007,-72.8688,44.5284,7.273022,2.606666661,0.26146153,0.45452,4.1503835,0.004343517,1.8565681,390,1816147.07894485,1008551.39941292
230172011,-70.5463,44.5514,5.8827906,3.386666679,0.27988,0.42524,4.2867537,0.003830072,2.2967935,257.5,1993644.71189678,1057586.12313754
270370470,-93.2373,44.7385,9.250683,6.312903239,0.18675926,0.40922,6.1383204,0.004563268,2.3929822,284.25,218359.217438695,813000.599437171
560331003,-106.964,44.7827,5.330696,2.833333367,0.17922223,0.38986,4.720388,0.004404679,2.3927512,1184.75,-864210.524904906,864655.067168707
230190002,-68.7697,44.7989,5.7966485,3.070000052,0.15777777,0.42536,5.0797787,0.004133746,3.3634431,38.25,2121306.22269391,1122561.55780811
560330002,-106.956,44.8151,5.330696,3.269230751,0.17922223,0.38986,4.720388,0.004404679,2.3927512,1184.75,-863167.816022831,868165.481097237
230190017,-68.7728,44.8174,5.7966485,3.133333325,0.15777777,0.42536,5.0797787,0.004133746,3.3634431,38.25,2120489.34217887,1124467.96922767
270532006,-93.3431,44.9481,9.250683,6.380645179,0.17775,0.3854,6.1618633,0.004465761,1.9834487,271.25,209346.952555413,836085.366409848
271230868,-93.0983,44.9507,9.250683,7.603225773,0.16658182,0.29628,6.1713552,0.004449573,1.7331623,261,228621.07224936,836938.690520587
270530963,-93.2582,44.9537,9.250683,6.609677426,0.18755932,0.34258,6.2065496,0.004504216,1.8476993,259.75,216016.731058315,836898.347821599
271230871,-93.0359,44.9594,9.250683,6.909677402,0.21836206,0.36872,5.8246317,0.004380185,2.2812319,300.25,233505.713361771,838058.169655306
271630448,-92.7753,45.0212,7.7327366,6.699999809,0.25489092,0.46302,5.209931,0.004334242,2.0210066,271.5,253794.37231439,845599.808939609
270031002,-93.2076,45.1377,8.219642,5.916129016,0.1969091,0.38036,5.7446136,0.004352391,1.8279008,275.75,219400.710700225,857478.534780498
160590004,-113.89,45.1819,3.569942,4.658064509,0.18,0.37987998,6.320035,0.004245216,2.1321433,1243.25,-1396622.67279401,991018.255865501
410670005,-122.745,45.3992,6.9505377,4.862499982,0.115698114,0.5342,11.581122,0.005865396,0.99827784,69.75,-2065965.2352536,1175979.56907773
460130003,-98.4861,45.4625,6.8712454,5.580000019,0.25581577,0.2731,4.1706495,0.004393227,3.7600667,401.5,-194395.624014681,892914.697688487
410510080,-122.603,45.4966,6.9505377,4.82903226,0.117742576,0.51064,11.486744,0.005775757,1.4922419,73.75,-2052293.70984285,1183305.73648544
410670004,-122.972,45.5285,6.9505377,4.777419398,0.12735923,0.54706,11.180832,0.005881016,1.0313168,51.5,-2079004.49835824,1194731.75373582
530770009,-120.499,46.5981,4.7505875,6.026666697,0.13901868,0.3983,10.764193,0.004398525,1.7560371,335.5,-1862587.38908752,1257822.53946213
230031011,-68.0162,46.6823,4.6178284,3,0.17796667,0.32349998,2.7244732,0.003438004,2.6962023,142.75,2117613.86314597,1339782.55596734
271377554,-92.166,46.7437,6.8965216,3.873333363,0.17585714,0.17452,2.9776275,0.00347302,4.0663724,355,294011.165234471,1038462.36831491
271377550,-92.0894,46.8183,6.8965216,3.11724142,0.15242553,0.29214,2.2967353,0.003385256,3.5576913,433.25,299542.128876647,1046955.69036997
380150003,-100.768,46.8254,5.9079823,5.977419315,0.1795102,0.29536,3.5420964,0.004027009,4.2096047,544.5,-365127.233394863,1050739.38973972
300490004,-111.987,46.8505,5.3434005,2.760000016,0.18248571,0.26618,3.7878315,0.003963475,3.0153656,1204.25,-1218543.47301394,1147094.28756897
530530029,-122.452,47.1864,8.309676,6.589333336,0.11294737,0.57718,10.37595,0.005842935,1.8489889,97,-1989467.32891108,1360205.64961298
160090010,-116.571,47.3166,6.2708235,8.001149435,0.13952,0.51107997,6.9169345,0.004821316,1.3558333,814.75,-1552011.70533631,1264555.11392393
160790017,-116.237,47.5364,5.875715,6.066666668,0.166,0.57398003,6.8580317,0.004668183,1.6203125,879.5,-1522064.71705634,1282883.71835265
530330080,-122.309,47.5682,6.3390555,5.082608658,0.14355738,0.39322,11.358163,0.005999169,1.5072135,40.25,-1967456.12358105,1397809.79788563
60658005,-117.492,33.9964,9.143118,10.08444447,0.18411225,0.24108,16.160643,0.00713875,2.3686197,267.5,-1954019.03060263,-170312.363534398
60712002,-117.492,34.1,9.143118,9.375862055,0.15867677,0.21966,16.181393,0.006972232,2.4519305,351.75,-1951422.7075287,-159028.34962544
