Y,MLR_YHat,ANN_YHat,GWR_YHat,GWANN_YHat,AGWNN_YHat
6.465517204,9.70348711677269,7.27536707514286,6.09784578660336,6.07674974903788,6.44121837857529
6.446666654,10.2601693295066,7.80454376488536,6.19907203949522,6.18097976818622,6.29871064094432
6.003225796,9.81423619412438,7.56845488039342,5.89875057473158,5.89805734980471,5.95001197675596
13.50714288,9.2434740955257,7.35231385803703,13.4784143427898,13.0434395893285,12.7135868486233
6.462962981,9.66220357569793,6.97787772356041,6.45035525984754,6.41927160348259,6.3599634398376
5.64545458,9.72628823908912,7.40362643757892,6.21874788709413,6.18255753898203,5.89448887744282
5.837037051,9.32164134445997,6.55269977166705,5.81583447759617,5.83975111528227,5.78364925292497
7.103448292,8.69997983199911,7.29572943347918,6.59702488015878,6.50439914386669,6.96250284181905
6.555555609,8.82406500696472,7.09992257738341,6.25567570800054,6.11052290185226,6.48633656073231
5.396551724,9.02226787882656,7.45684563518509,5.78741944355992,5.69696324686763,5.16033698856995
5.671428476,8.88349799114543,7.88524957406267,7.12236832301674,6.9183374207699,5.29870311175561
8.433333238,8.67957724009316,7.85010989270991,8.37171175816628,8.48017398682229,8.78542173742327
9.900000095,8.17677362893356,7.81598267155078,10.0531160534283,10.2169337977172,10.5442716855316
6.890322554,7.91899184664236,6.98767568294217,7.04490534557778,6.85663977780762,6.87242219035505
7.071428571,8.30466436622652,7.64177112196436,7.22452491670501,7.18070691062864,6.82761433245761
10.9321839,8.62053416927757,7.77528844085107,9.635444170314,9.62540473596056,10.4984599726046
11.02903231,8.88461131041169,8.12292592202058,10.0377710421845,10.1074353916876,11.5569324487286
7.236666679,8.52690638058949,7.92583746687488,7.68261031234991,7.5041007039887,7.4202799026656
7.553333298,8.62860948925994,7.96191905610058,7.35895180835267,7.1898909507963,7.71881336254225
7.603225839,8.7707311087128,8.0783487939723,7.58636744643924,7.38416134956711,7.80448760057193
6.966666651,8.59346650867687,7.89901888898135,7.8782041708988,7.72240603466157,6.91322469528363
6.696774237,8.22795248956629,7.29182846698522,7.24841773461199,7.15991533337573,6.64787222996284
7.800000006,8.24912801842361,7.72798287609042,7.80511243879514,7.5959090821897,7.65592558668584
7.622580644,7.99451439606104,7.1631534619771,7.46378345106846,7.26931696518914,7.55573488009627
6.989655117,7.65909000034435,6.82266440956711,7.06676829105446,6.88676191318305,7.13377989297571
6.923333327,8.22302590877279,7.48044048953167,7.25308930544191,7.22803657732078,6.75476960054911
9.161290292,8.27183829409322,7.80366554459142,7.90385630532626,7.87580004766041,9.21682654508752
8.233695613,8.73057479237631,8.59832464557051,8.51392612548819,8.33074660306781,8.37293348787022
6.853846156,7.76780336971444,7.2731281694409,6.79366712166308,6.75860783640444,6.88835286603958
8.632258072,8.73057479237631,8.59832464557051,8.51722840198576,8.33417218279835,8.7726328734471
6.962068919,8.02873259285211,7.48968878452711,7.28751476269925,7.09071558999258,7.09615070311711
6.512903221,8.02258557722747,7.23092562161618,6.73694106554505,6.7033773568266,6.93469763425256
7.699999982,8.0213372799748,7.47704861152333,7.05666382325894,6.96265935968622,8.06164309369427
7.832000036,8.21398468427837,7.93038759870333,8.18962082347518,8.16687286849959,7.39934766234458
7.970370346,8.13829003792991,7.58641564738488,7.77251661386524,7.60706849907329,8.34515871065543
7.776666641,7.85933270918345,7.8216428058986,8.1437654604336,7.96912472441059,7.66223996748307
8.446666678,7.70378526348839,7.41118111397179,8.85992837678087,8.83051600661371,8.84246992921423
5.086666667,5.74918617695628,5.22479358624156,5.42423626504366,5.13196494146917,6.04624805404709
7.319354865,7.83645620780783,7.49429292142453,8.59632429163569,8.60969560589776,7.69893445610258
11.40731705,8.13959874584192,8.00181986360285,9.51408598933132,9.4481428135103,9.64440801645884
7.986206869,6.46559349022347,5.81782421682002,7.02030090045662,6.90824189891143,7.92472001596666
6.092857054,6.46559349022347,5.81782421682002,7.01922296871446,6.89092438172956,6.02380815131085
7.906741582,8.36143693490658,8.3925950941678,7.84612353910675,7.9474151342919,7.10716630484519
7.50689652,7.76556852490046,7.8682554814894,7.70025057167243,7.55385741240117,7.69155301179082
8.057142794,8.04829251290151,8.07921490461261,8.418466894348,8.39442602265553,8.25179647219422
9.519354836,7.86818067575322,7.79656907504319,9.12408250508745,9.07401824364553,9.63257648085161
9.916666762,7.71698479973018,7.7154643520061,8.72656288341082,8.70005629573369,9.97943015403327
9.653124996,7.79246376381466,8.05337859467442,8.23263657551033,8.13840013867538,8.4773415661568
9.783870912,7.86818067575322,7.79656907504319,9.12468841311752,9.07345398401985,9.82855072629936
6.512903229,7.77657864517944,7.80808482078484,7.94274583346463,7.77416511131058,6.8313905370149
9.851724148,7.61954151685057,7.50672485910396,8.91983935503097,8.92138457240426,10.0314600010714
8.283333333,7.47570184075696,7.31589111365166,8.15092848481121,8.18646740592332,8.53737748628506
7.1433333,7.27354862357275,8.01138229715031,8.13174249814081,8.31666197013015,7.41608442127789
7.375000094,7.25544104215419,7.41533551586379,7.48543841885643,7.38293039689898,7.31528917796504
9.154545437,7.35386351121003,7.22872363875908,8.08997366722545,7.96939321343465,9.18197059522712
7.888372138,6.31723437223452,5.68222652730965,6.74087449287566,6.56491316063244,7.34923038374168
7.286206936,7.37786011115263,7.48801201389147,7.56552609759569,7.43276737423539,7.22170567606793
9.349999968,7.62788840410879,7.52211140034376,8.19856457239697,8.23796241604446,9.53989234977969
6.366304328,6.83191752278746,7.17727602374905,6.91316131351797,7.07712394449593,6.14663716987615
7.308888872,7.90584794140779,7.64316071536477,7.01945333241746,7.05824528402358,7.68505030122639
5.468965498,6.25909730963972,5.36353148834886,6.16949325856589,5.86367594335122,5.45354731370754
7.816129069,7.77002175859518,7.64996213584217,8.40954670996829,8.41573115206767,8.07406435877278
7.190476054,7.37640622827867,7.80167949697506,7.5607922011551,7.45817074046311,7.39244892512409
7.65555554,7.54718683832606,7.74189947542911,7.74570311559584,7.62978690045059,7.51923711654309
6.240000002,7.07079904813669,7.60154817001407,7.51026911751433,7.66911394755803,6.7313692680031
6.206451639,6.08760749902298,5.24082060384299,6.0811597804145,5.53848249733357,6.21111829771986
9.987096717,6.3151639674215,5.4465431358707,6.09654193773888,5.67170675310071,7.05305527322149
8.256250039,7.52276488566438,7.40619762631366,7.63189096497192,7.62594454811588,8.94786709143298
6.933333365,6.47174308719352,5.43082471529131,5.70915703855135,5.54786997729359,6.10047284443756
7.09340658,7.76057256391788,7.52874356786683,7.32294949493286,7.36083879479322,7.25744088558381
7.036666679,7.23970002225633,7.04953723199695,7.24387324744822,7.06035001749607,6.91654633827453
7.431034433,7.2498800523819,6.9934991854981,7.9689234026978,7.94483922845696,8.05576435740105
7.819354834,7.16112437746985,7.14955259837201,7.99727563710571,7.84193681958694,8.12471513155929
7.507142859,6.93363593626426,6.84275183834717,7.06637224270175,7.11839009519408,8.40530308773734
8.129999963,7.42908713655675,7.45746271795027,8.14264829979181,8.1263705925548,8.60738262152327
3.931034516,6.07174035922979,5.16276804747806,5.96003159199237,5.42693609451402,5.12182726002724
5.386666711,6.77554096345819,5.88535795780272,5.69701313601838,5.50218874725768,6.0744779904256
8.860000014,7.63186924707199,7.81531365467024,8.4754399284627,8.45099916038274,8.64214965285943
5.422580665,6.86202192523964,5.99201146156094,6.16800777237919,5.9222338973797,5.64178814522909
8.453333362,7.58365529408852,7.73373795574989,8.30906031898278,8.28900897378647,8.44258228710168
7.626666705,7.42247958436756,7.5971924123909,7.84371430343735,7.86566134132856,7.45808142000769
10.28387091,7.58365529408852,7.73373795574989,8.30495835727729,8.2978372232705,9.72295741352278
8.506451622,8.02399580135241,8.45604109047329,9.16922944301604,9.09593477160892,8.20225978416269
5.700000007,6.88383969463533,7.0643307236587,6.98085700523727,7.11261387499863,6.28327478514331
8.563440866,7.60982894384521,7.68772284363145,8.4883448918646,8.46278302535452,8.77621464322669
5.774193587,6.92008098656775,6.46008138220864,7.32112737987559,7.215126076901,6.30276798905646
7.755555559,7.4551305786147,7.34509596631515,7.39709585580647,7.37576401515589,7.82508411590723
9.151612912,7.78643925326281,7.98744107813192,8.46088342735791,8.42375156625291,8.89445793107329
7.132967059,7.44991794980799,8.28570291310189,8.70780593979541,8.90251437226251,7.6930181679639
8.916129051,7.78643925326281,7.98744107813192,8.4592209671081,8.41540620543265,8.88643461613872
7.16938772,7.44991794980799,8.28570291310189,8.71026084622452,8.91605658251196,7.56256558688948
7.238461515,7.39886657198245,8.10616732298767,8.24456967248904,8.45029681638542,7.93193556121482
5.640000002,6.97138297006443,6.31688494153076,6.93171920880801,6.85359334186157,6.82412939027214
8.43333333,7.44991794980799,8.28570291310189,8.71326504564068,8.91468811124663,8.65464886405963
8.493150682,7.37086714761348,8.01599104910909,8.15525836521038,8.36708056521056,8.61495984016832
5.979999924,7.23028899665134,7.11688193723501,7.48845582213588,7.49277213515205,6.51793162269994
8.131034481,7.56521115019463,7.72940347208649,7.77012442856702,7.73852616659721,8.16498183674097
9.022222224,7.31208461043512,8.08713110974021,8.59212188775497,8.76860214725336,8.92641942553297
7.586666648,7.53722436664228,8.20825043517062,8.47909673963089,8.67837024701359,7.87061690351389
8.40322576,7.66586743441222,8.11870210085101,8.32008761674741,8.2984494492198,8.52160479692697
10.16705877,7.13344382809119,7.82779577035598,8.16180334099835,8.33851541663583,8.77139259288326
7.886813174,7.68526441928939,7.78007437064291,7.89192600852224,7.87177280480162,7.82048135962012
9.061956525,7.19470427334926,7.690764690128,7.8301446431972,8.00382761154657,8.70208891061941
6.904166589,7.68903095049715,7.7544140769353,7.96807155511472,7.95836211685728,6.5254063487289
10.72000008,7.23810747722401,7.76686010491595,8.03498949303668,8.2091169740099,8.77608867804539
8.009677449,7.31166105168829,7.7688045070303,7.73047948613553,7.92396396945805,7.98842527014873
8.153333378,6.80633494118746,6.74956890605847,6.47055873679634,6.59862048336872,7.09274718716438
7.041379361,6.8755031049117,7.10550316948914,7.15761958549124,7.27096854588728,6.84902290977267
7.149999965,7.57735713829616,7.70606916106871,7.26426216486868,7.29767366365633,6.98527930328815
3.384615364,4.71182576202567,4.17385039040873,3.73366558458056,4.17571354319447,3.81875417748736
8.188888938,7.02912253053605,7.11328506366423,7.09508998035187,7.09828986489155,8.42942805517867
7.606451542,7.20660158700685,7.37715666507035,7.82511514308545,7.74986164939387,7.77199725850772
6.616129014,7.17711843771555,7.87205679384045,7.19962459512093,6.98182642380743,6.86889312479381
7.229032286,7.2885925223662,7.63570517177545,7.89687813073829,7.87741439817287,7.72326515266285
8.329032229,7.2664605806844,7.5551456481248,8.26779546049169,8.20600824268809,8.61110688439456
7.041935459,7.24448477364287,7.15725157210598,7.01283472489509,6.97970844232336,6.88769615243335
8.264516154,7.31948148430967,7.74998953435684,7.90644092562793,7.81681041710891,8.30520194139369
7.190000033,6.89349218441297,7.13348879501097,7.43961677326866,7.46306717059015,7.38753850170656
6.392000008,6.89879385171686,6.78338923178024,6.95990138855873,6.95234048702778,6.06743684849913
7.767777769,7.31948148430967,7.74998953435684,7.90560079448396,7.81115828411227,7.69935683320043
6.910000022,7.01649058880312,7.10645731665779,7.3369143626002,7.31553259898964,7.28539368075403
7.434523794,7.10231708410809,7.03723849991552,7.33108627066833,7.31286838663438,7.24459466813387
7.821428699,6.6188377637812,6.81446500996654,7.67076917083229,7.5784329647797,8.21868937489586
7.461249987,7.0226345281141,6.92465631037397,7.24354829336483,7.17726769446128,7.48092942660131
8.186666695,7.28689318998467,7.32203180152366,7.87724519281264,7.86718912445742,8.07860452453709
8.361290309,7.22855557164393,7.38710157365421,7.74978176528773,7.74106884074249,8.20548512172098
7.044444402,7.45953243390241,7.67756245612302,6.88943620815082,6.97290364796861,7.27938366212916
7.754838697,7.29372091243583,7.31149578379034,7.87024689135925,7.85996854483497,7.57430033235157
7.619354871,7.70121176256033,8.53436733797539,8.05706330239523,7.91210015960768,7.6931489853128
6.721428573,7.10133466156029,7.33052883549155,7.52184792317714,7.44424889469376,6.76935502267355
7.736363693,7.10133466156029,7.33052883549155,7.52244582183909,7.45725336394314,7.83899150402627
9.464705916,6.50000018189956,6.56508461213421,8.32149614670144,8.28215206562706,9.1289553087171
7.583871026,7.46102921042467,8.32642992492635,7.67866236105959,7.52145769598383,7.63460660705066
6.871428524,7.43006875244277,7.68357239063032,7.55499533449719,7.53401510405615,6.89959330068825
7.314814779,7.20454744505474,7.36223194765308,7.32992078556634,7.2992802844909,7.42753222214821
8.383333325,7.11351356225815,7.40519112406193,7.694202856316,7.74953238795218,8.49798852942965
7.164130465,7.15772391179722,7.46151140134187,7.92869365003035,7.98546020827579,7.45789817543036
8.283870982,7.11351356225815,7.40519112406193,7.69166029693166,7.75576389175807,8.24060867600707
7.767742003,6.81818197714668,7.11877679150246,8.37490371467431,8.31767564239122,7.77855271707284
7.284999967,6.89248456000653,7.00203065620864,6.74732569030562,6.70819352132056,7.04597583485625
6.692857138,6.56608290628784,7.31253233246191,6.58395754758605,6.40178988450982,6.73196482038069
4.975000024,6.74629095733208,6.81462732539898,6.57116474477334,6.52381823348189,5.69564268705501
5.987096763,6.49450617796717,7.16698999970565,6.5462819128588,6.37105292701331,5.98813605239417
7.051612908,6.86626504703202,7.53912955625709,7.30535653871704,7.19918582092812,7.25753605849842
6.741666694,7.31195291009817,7.60785399677144,6.37152876480865,6.43029037032122,6.93867400400923
5.118181727,7.09133613274421,7.26513651728484,7.37964573634303,7.32724072495706,5.89160907753303
5.709999967,6.80858539787076,6.83364374768308,6.27886075613366,6.30061138177654,5.93270342619502
8.230000011,6.74919805467787,7.3401111663855,6.99590676492927,6.90277046176668,8.31199436255494
7.571428503,7.50052567095145,7.73895078868607,7.49809790603851,7.45328018391836,7.16367710458976
1.828571423,5.35829646538791,4.91005869426833,2.50224809293683,2.89799087499558,1.64520463123822
7.416129043,7.19434058187823,7.43788442521875,7.1751918027935,7.15350302043894,7.48133576365107
8.299999968,7.48809888086803,7.90763865518115,7.72478667453145,7.71781971767468,8.29015491534246
6.819999917,7.48809888086803,7.90763865518115,7.72193986843879,7.6994064474061,6.65667385377699
7.370967692,7.18382915780017,7.31042591098414,7.15802941330086,7.13873122878272,7.46061383399432
4.645454558,6.77501611903778,6.82896890526212,6.25073131552821,6.29241765895679,5.08154772113543
6.89999994,7.09446084685024,7.07130270144058,6.70803698356169,6.66207504919837,6.54232065839179
7.400000032,6.59910417285077,6.81963440343117,6.43849243234201,6.41636008139426,7.37190140970957
6.675862109,6.92061961420829,7.1746895556212,6.36440652457874,6.41121144527722,6.32141537409942
3.735714299,6.59939929098278,5.98015365048029,4.76187753839294,4.81918303706162,3.81389820575614
8.572222221,7.28810285907299,7.89531951420968,8.32817984726227,8.31342051524679,8.6585845267161
3.944827618,6.59939929098278,5.98015365048029,4.760048473168,4.80549583807976,3.84614766412829
7.519540247,7.28810285907299,7.89531951420968,8.3280523791948,8.32325094735567,7.59587803507781
8.076666617,6.44674853027146,6.96427786723568,7.41401754816358,7.33801502710236,8.27944167698413
7.203225816,6.49523060192301,6.74944176902339,7.7957399608707,7.7048769101848,7.27472262960959
6.906451664,6.52700480012763,6.43793181918451,6.97894861969396,7.00290764569148,6.86778649458739
8.810714304,7.01672680052862,7.05742709599817,7.4898739859634,7.56934912147448,8.46507864085696
7.674193551,6.519173634627,6.81559424133854,7.90905718685013,7.889993208735,7.77507155612674
8.753260842,6.519173634627,6.81559424133854,7.90429276576183,7.89500402376124,8.95746251709701
5.709677419,5.6157938934844,5.35832041739876,5.09884835570047,4.83146729509518,5.4603414041344
6.545161313,6.7537000464643,6.8544837495921,6.30288329993004,6.32477235351615,6.31718657053387
6.239999994,6.47064283879787,6.63221216026922,6.44550555903652,6.464654628884,6.02212597216182
7.896296298,6.70574396147678,6.75634503269724,6.31282074138823,6.29134138098711,7.64895238332103
6.369230784,6.829851816511,6.91702997046575,6.11206709803396,6.14254478647512,6.31618195262932
6.641935464,6.825132920582,6.77425592133529,6.28878647006322,6.27395923276141,6.60515748610542
5.877419406,7.09304361163262,7.65467763938153,6.04063839106879,5.98766689938146,5.8142265330689
6.440000017,7.15916581172382,8.16320667090369,6.63599569283743,6.54557146163765,6.33040477332685
7.763999968,6.25638499862778,6.40342737022094,6.93689694229608,6.9660803107033,7.88278326134646
5.685714313,6.45586019609088,6.28916303320052,5.59471967169983,5.54709576193574,5.57489723028391
7.50689657,6.4604079189314,6.65531619256211,7.0313044035886,7.06474223006711,7.56148903862385
7.546428544,6.85223131784706,7.2855797503494,7.79214863384087,7.75152010477988,7.71296429506927
7.106451634,6.64570605110077,6.74307376841394,6.57842284005642,6.59259112345148,7.01223678617298
5.459999971,6.74706660285507,7.14263205003462,5.41934752174226,5.42398687795482,5.37956813037557
6.026666673,6.98495873467021,7.26196269987049,6.53985810351052,6.54623808746985,5.97855402162234
5.969999957,7.09390272157613,7.49942279754399,5.96608185723378,6.06587114313286,5.9140827612467
6.199999965,6.65547063929703,6.95033060324047,5.71656418003055,5.8706825133414,6.03512045404868
6.022580654,6.58684974624558,6.66639289630287,5.79025619926275,5.77000172004391,5.96653982142624
5.991999979,6.77049812366325,6.98972112379836,5.88394289115509,5.95880961099944,5.90743407718988
6.19677419,7.16563148333056,7.60173843388169,6.29716612476218,6.25505228723248,6.22422063558105
6.337499969,6.89874983823274,7.20454280290264,6.91923284510404,6.8455600796296,6.30047563388981
5.967741912,6.92691941951992,6.94117384413557,6.20904629787045,6.190443308362,6.08405005493891
7.013333352,6.10255851917569,6.78544170972786,6.34989858176049,6.2789463521536,7.04343593160346
6.070967717,6.70649193831712,6.68165178894529,6.16469987894502,6.24699738610361,6.11076266646748
5.891666651,7.08434483614675,7.30805042643474,6.52597807507316,6.48996572941096,5.99138761064918
6.896774184,7.31203433695565,7.81107228303802,6.99670802164444,6.93788270889546,6.94066616304495
5.649999917,6.42028455995585,6.17042378707202,5.16969953688058,5.14096466444441,5.62469455232699
6.065517212,6.954793407708,7.09021228235683,6.36742788392669,6.34956140468671,6.1288466207684
7.099999982,6.44091182943218,6.8824718565512,6.63963491938781,6.67376638929155,7.21604563315021
7.553333282,6.86489146304274,7.69777402721514,7.87203758138223,7.8512600095175,7.56796326287268
4.72592594,6.20785908435033,6.27112321152259,5.05725306417339,4.99261227359919,5.09850895689369
7.851612883,7.14814531104381,8.03814319840086,8.23227313514885,8.14901343559579,8.17248679962404
7.723333279,6.79538566967233,7.32450814077299,7.33125862976836,7.28969220029543,7.78225393612454
7.216129003,6.6321194499393,7.16419857388497,7.28253987432273,7.28157411401124,7.19619056700717
5.371428583,6.76600858176208,6.84540211762408,5.87042214100376,5.92541517180902,5.4683496190343
7.319999997,6.65621008026122,7.22123315734837,7.56873222575535,7.52246925573624,7.53524782016201
8.764516061,7.30797506363649,8.14183910933146,8.17538529276143,8.07001165582979,8.24033466434938
7.428947348,7.04709654363089,7.65970073041327,7.39001409236015,7.34659517812447,7.56946763763966
5.72903224,6.57869122059477,6.68046500022958,6.576236224978,6.60908984160106,5.65474530170183
3.735483862,5.69364897319786,5.62997566542979,4.08609332794989,4.01590776823673,3.88005517078808
8.134615385,7.08271562896425,7.76781072937648,8.01788340892153,7.93992364032959,7.64083428598162
8.675000072,7.08271562896425,7.76781072937648,8.01784834868773,7.93244600864061,8.53711947306359
6.561290341,6.86153342915908,7.02801534651556,6.398707165839,6.43763854482371,6.46687709380988
6.590322591,6.75370022603396,6.82893484254386,6.86480144562359,6.86382853687745,6.71503852539747
7.483871014,6.85920072997805,7.56376609758035,7.14980091927446,7.10225413529784,7.55772519445566
6.445833325,6.92308888901989,7.28587178200799,6.84143986784733,6.8068239724408,6.70362915596619
6.886206898,7.04385100492632,7.48139756401331,7.08238219305643,7.04937721235674,6.83942612369452
6.716129103,6.55939141806548,6.55439469333295,6.58818531523048,6.60355336919499,6.76096429879136
6.022580585,6.437577310907,6.53297094723974,6.09340387501951,6.16600682401249,5.87912760281196
6.578571362,6.9112302924547,7.3276832745394,7.41932291663694,7.37706032138825,6.65735971244076
5.148387086,6.70785631108085,7.060370592256,6.00535626576767,5.89916810150298,5.01603566724037
5.630769262,6.70785631108085,7.060370592256,5.99495931228907,5.87842736807655,5.23084398567105
7.920000013,7.23585884878097,8.00927334699966,8.64826720417334,8.5438598051828,8.44020460577064
5.251898738,6.63190356915374,6.80659122379716,5.81217786949999,5.69946756622988,4.83869593218915
4.373333359,6.40095021222806,6.4356834075186,5.57399455964161,5.38727005989202,4.19572948175809
10.74482753,7.37617617179668,8.28043782689986,8.88400950064828,8.76417033875345,9.72318370341805
10.16428557,7.37617617179668,8.28043782689986,8.8839478706889,8.76068737332206,9.4648096221199
4.99285715,6.44739630501915,6.3371461168788,5.13598768873481,5.11490090678024,4.74867706523622
6.400000007,6.89522484272766,7.25733760303092,7.28323707346308,7.21633928462342,6.30522990144464
6.274444421,6.86360946872338,7.14391927982532,6.3508919339163,6.33557419384431,6.22966085400713
6.351612883,7.13714886330049,7.7078470310646,7.26077047440277,7.21783085174979,6.47067764259484
8.23571424,7.5014357168716,8.77544663344911,8.68866053140914,8.58085377298175,8.73168844387448
8.648275885,6.83927291494945,7.47958560090175,7.10609232455065,7.06935874452739,8.75643400908572
6.342857182,6.3878003850553,6.76012741868919,7.43587041847525,7.42670393238735,5.96309218833895
6.712499984,6.98167072631562,8.02949282673666,7.33642529400248,7.2815140585472,7.42195848547305
2.866666667,5.71910852128834,5.69026448696384,4.54553179508412,4.60974657909216,4.59133415805753
6.870000005,6.87663066235449,7.30530318688453,7.05439665293917,7.00278091814251,6.92490240696232
5.832258071,6.80924586284767,7.31926025208402,6.92266625018853,6.91595872186677,5.92232340817049
7.177419386,6.18825255184337,6.64658121630508,6.74462945398747,6.72812188209561,7.03452984630066
5.396666642,6.69571716981253,6.85266498298188,6.25635374189444,6.24881642516319,5.89496487088452
6.306666692,6.91611187212245,7.39034812002002,7.11669805541304,7.04082895149802,6.62699573482455
6.880645098,7.09717110867999,7.86927911561804,8.09737435330447,7.94975215329641,6.89397872223253
5.414285736,6.473125817908,6.48594936841367,5.25974133286588,5.15156589997138,5.05995718935708
5.051724146,6.54476008648672,7.27031062095636,6.00022098719706,5.8792706489569,5.79066783285944
6.506666668,6.71474221134628,7.20467605916084,7.18786302256173,7.09295068605569,7.45842628001239
3.879999987,6.65876790642663,6.80889002008666,5.45881175931114,5.21054366926734,4.05968622346768
6.573333311,6.91128770963603,7.30741597932195,7.20602880206692,7.11506193627594,6.56873443876117
3.366666698,5.48623369287803,5.17625401317162,4.44868528051706,4.68479022093496,4.46316071990468
6.429032237,6.5162502110604,6.57947178068188,6.13700513527435,6.23156407121376,6.42529324762919
6.387096713,6.26111373347387,6.20067025294605,6.04869708436253,6.14099879623286,6.50558968758638
6.777419352,6.89742591623444,7.57080457138106,7.45407336568257,7.45874163968254,7.01654915216653
5.39230763,6.86467477689247,7.45799516830586,7.11350327240581,7.06076010884667,6.05043607101694
6.793548353,7.05095462023036,7.36107232452884,6.84522873289912,6.82235528801854,6.67312327665344
3.900000095,5.13911457911765,4.69194493098368,5.4979598619226,5.71532014164253,5.27060065537231
5.653333314,6.78764755819558,7.14488907314324,6.9625082336665,6.89932126106309,6.48230973057205
5.771428585,5.93321529957462,7.14690679336614,5.81978793175233,5.69048474272735,5.60673026655704
5.266666722,6.49028765165574,6.36099088368515,6.6437889319802,6.66332134040348,6.35473672754336
6.877419322,6.56642377736208,6.59072315223564,6.47029370917783,6.51215941702539,6.8961296316742
6.014285735,6.56743408397722,6.75656373473056,6.41818719862577,6.40766845945848,6.0627430080307
5.167741991,5.72333788127821,6.33779647072198,4.87673107703787,4.86980111502986,5.09862087940988
8.773333295,6.74697068736697,7.15211534754641,7.04057351853881,6.97190626806749,7.65522271214365
8.606666756,6.74697068736697,7.15211534754641,7.04046187761215,6.97038516192904,8.4047688925799
6.366666635,6.74697068736697,7.15211534754641,7.0403375374484,6.96835516373804,6.52573069281946
6.336666648,6.42353514780857,6.37151848028966,6.38434727866492,6.45015766160693,6.3186868450247
7.996774197,6.55983462272061,7.31500636577452,7.37696086492825,7.29996452811966,7.99293129972813
7.000000048,6.74697068736697,7.15211534754641,7.04059222848417,6.96766515416867,7.24728003878717
3.396774157,5.61957107422497,5.11396111754934,5.02708273067362,4.89649826734685,3.86733768954774
5.146428594,5.75045286754002,4.99833517993344,5.45609741796942,5.39643034168101,5.19021391016557
5.255172425,6.28621042806551,6.43368319694463,5.41930447019083,5.4247659578599,5.06280188695861
5.886666663,5.75045286754002,4.99833517993344,5.45804074630711,5.41315116463065,5.79400341399722
6.329999979,6.42524519383063,6.39092633391311,6.46654657948512,6.53919191582211,6.27324176710686
5.641379262,6.44189437922497,6.68758777816948,5.9187090016931,5.88885833167926,5.53357127865474
7.626666689,6.11539290271417,5.362534836525,5.9553126959282,5.98751647452192,6.75125705568866
6.415662651,6.38839587005128,6.56501262288805,5.9104160489338,5.88718347552637,6.26928346113453
9.367741977,6.72969976692286,7.30905138031833,7.58635108676489,7.46780648317285,8.90200832717057
5.770786529,6.12319262057962,5.52073354123492,5.77547572172462,5.73680336234227,5.80997275501551
6.753333342,6.68652700974716,7.12028805094466,7.4398719813563,7.36152977700061,6.82570297368169
8.258064516,6.42448955766752,7.01901684947364,7.64203690344165,7.53396915286938,8.22155824762983
5.217241369,6.39198541874763,6.60454455424359,5.90696555386409,5.89111704510248,5.18155606594141
4.576404488,6.07905435213646,5.60472534777107,4.68808430907163,4.58384684198501,4.38306846064825
8.337931041,6.42448955766752,7.01901684947364,7.64045672119218,7.52276806613712,8.63788553305051
5.541379324,6.12319262057962,5.52073354123492,5.77328518129523,5.74796854904791,5.57944140547906
9.096774155,6.42448955766752,7.01901684947364,7.6390535724522,7.52037818989608,9.0359350188932
9.277419398,6.72969976692286,7.30905138031833,7.58567022697879,7.46968586349058,8.662866037258
6.013333321,6.48561978093897,6.95104560722785,6.56566733636323,6.52737523268731,6.03790424802818
8.054838742,6.48495740584962,6.97711344748589,7.5180235569846,7.39568770941161,8.38225839722526
9.110526235,4.69289595107838,4.15759841861932,5.02278241921156,5.41877463226067,6.66115424263846
5.02727268,6.27623310405527,6.4415762335867,5.38855520402088,5.35889374059309,5.15434947973396
6.019999997,6.36337767215115,7.15541738484588,6.94319151312533,6.91083451623901,6.07449402893775
7.664516107,6.45029192303645,6.41078217910028,6.81563020387527,6.84674097671827,7.71979857578028
7.228571483,6.75763650375971,7.42371966392486,7.27463521869787,7.24460790012509,7.37684789311524
8.322580691,6.48428994969404,7.02268867029286,7.29052947829815,7.18769627194712,8.20394040478457
5.321428623,6.76070687578575,7.36444024506265,7.06330944017358,7.01322754549569,5.65933712639366
7.789285736,6.7270133858004,7.43699040717515,7.56914531897565,7.62159487111757,7.59438343063212
4.646590913,5.07511955368283,4.66877486377012,5.24046839669204,5.68170416377224,5.36154125262375
6.780952363,6.45029192303645,6.41078217910028,6.81388314356609,6.84411111724678,6.73850468205696
4.903333314,6.81730393935586,7.54063120609148,7.57722393486677,7.58205120546023,6.62531619964902
5.913333301,6.81730393935586,7.54063120609148,7.58013979746306,7.57598349667039,6.31015682817268
5.641304348,5.9319514923006,6.44409170433906,5.54319026915408,5.4334979540747,5.46399026134428
7.017857168,6.43381169763006,6.97316770844667,7.20245371475859,7.19526571750653,7.01451102819951
6.287096747,6.5185278157295,7.33435685061283,6.81305652948173,6.765159209236,6.57345035543657
5.693548349,5.92070541275294,5.0264712321448,6.03183764367488,6.07514948050524,5.84046855682308
8.716304341,6.6210357370941,7.02003500852202,6.51334880113488,6.41409485426808,7.30643823301162
8.301123582,6.8158866820195,7.21123044424706,7.06653351721611,7.01596434285452,7.71734478492269
6.27096773,6.11122331043252,7.2243137503304,7.52865998224451,7.41905483454294,6.28060609617936
6.824999963,6.26916699686285,6.62855256719379,7.15033001171047,7.14257586778111,7.07713547834486
7.203571464,6.19482289905429,6.59612170643733,7.08908741600574,7.09800508394862,7.38974932527853
7.122580644,6.39455654626984,6.35548073204541,6.73061947209206,6.76619322603917,7.27385439124112
5.489285665,6.57586920952571,7.35945591722026,7.03691695859828,6.95378338376313,6.9536982740994
3.602531625,5.67723436151748,5.33615793663891,3.60117829867523,3.61989398456587,3.5833827086536
7.93548384,6.11685826703699,6.08607095690887,6.99440075608418,7.05356630376336,7.48650240371355
5.63870968,5.78402319910094,5.22399149612552,5.52580565293691,5.41155097449769,5.41480275169748
6.877419356,6.46077014289872,7.02985165413419,6.92138340830623,6.86526746847154,7.16748742955427
5.854838737,5.47859039257935,4.93876945504171,5.27174035023521,5.12394233213731,5.82950745136822
6.257534254,6.26894558767444,6.43571847251391,6.07199763748844,6.05215062611452,6.27531809814973
7.076086927,6.22574232566502,6.18003049477284,5.78355852641119,5.85087275108643,6.69371749528151
8.290217413,6.71210464381267,6.87437901895197,6.97326097886592,7.02028410715754,7.85855924979336
6.100000048,6.36000715046745,6.30654534634803,7.19227790310292,7.23374352588244,7.16764031835833
10.83695655,6.36000715046745,6.30654534634803,7.18833059534745,7.23727304919046,7.86423035084355
6.926666641,6.22959082094122,6.14119659775754,7.02168749268332,7.04624082949884,7.11116698797564
7.987209276,6.67984515616518,6.79334942090133,6.70960834636582,6.682357266005,7.47550792947507
8.396666582,6.27641116145956,6.34348397244053,7.27627390756277,7.30206990450845,7.80196981434574
3.888750005,5.28239357555734,4.96676609307778,3.27850247536106,3.28127128908778,3.65980663987452
7.408000021,6.27641116145956,6.34348397244053,7.2757961923669,7.31016082578064,7.62871073620656
6.896666694,6.23566331927937,6.28062567998736,6.61691261879584,6.68879550515391,6.91532199088799
7.530882359,6.59251365930379,6.69253618179372,6.48759476736072,6.48054611323102,7.33658628028318
8.18064512,6.27641116145956,6.34348397244053,7.27398876910762,7.30840611500075,8.40533715115244
7.241935472,6.54720801844871,7.11375874754326,7.23559371717916,7.12529891654667,7.09902434608153
8.689999898,6.59748455194094,6.74820072797859,7.41087974061084,7.45250517529043,8.14843231325148
6.980645203,6.18534656525379,6.0212050180503,6.86430034393637,6.92478449026925,6.94573531244647
5.767857113,6.13693509881815,6.19291177864068,5.74578330870064,5.71193895881243,5.70335968263076
8.205434763,6.44144946496839,6.47963477102245,7.20948669297441,7.24608863088043,8.27920883233947
8.160714345,6.42112998172151,6.72677823263897,7.29498051034193,7.3394679883191,8.0073714784144
4.60833329,6.42393568138488,6.14778988932742,4.9871614741445,4.77476177481201,4.4561684494454
2.977499992,5.17979008822546,4.72361422738551,3.40274466249089,3.4136710300098,3.14527400950632
7.760000014,6.39377015594577,6.86705956686579,6.93833123873355,6.96783139278687,7.83854224978703
5.553333314,6.27305182339584,6.11122017265162,6.68359316906784,6.7450946506961,5.58090089100658
7.400000004,6.5040749103643,6.34039448766868,6.87029578947234,6.91867904406239,7.30729786357552
6.621348274,6.22075233465284,6.25442367290168,5.80381944936575,5.7887070477802,6.27268543818921
7.203571405,6.04987404400647,6.63763848646401,6.12558769785984,6.05346314081597,7.03884007894944
8.637634413,6.39377015594577,6.86705956686579,6.93809932149571,6.97835528725316,7.53954320890819
6.087096757,6.13323262467555,6.31161056571221,6.71378504301677,6.61482826795141,6.22856627207244
3.377499969,6.25026962379281,6.70346690521195,3.78653695180323,3.70631012493571,3.66378214283396
8.003225788,6.25429194470363,7.03657426357823,6.95705166469235,6.96131005893305,7.90239869969115
6.576666657,6.25429194470363,7.03657426357823,6.95797026781162,6.95679832731592,6.70176497967766
7.53999997,6.19491536617291,6.58533792699275,6.67627923535888,6.71496258676238,7.14653841227925
7.469892438,6.26971586930234,6.83527286466749,6.80931368714429,6.83411412779094,7.42430425907106
7.745161287,6.25429194470363,7.03657426357823,6.95704010690153,6.96095486305995,7.13997814663027
6.426966273,5.9834898138402,6.43585177579531,6.15528496338198,6.09097592983722,6.38594630811278
3.771621628,6.2901876555791,6.19838438249075,3.95848106504898,4.02109451816329,3.77356454386768
6.85483874,5.9834898138402,6.43585177579531,6.15535635170719,6.10424166384921,6.72072493957334
5.126666641,5.68975201054878,5.88980213110756,4.9563559669713,4.84247209785521,5.13372646683174
8.048780427,6.29885010219138,6.14230988401624,6.66599589821734,6.72387392234333,8.03153174444882
7.322580595,6.26971586930234,6.83527286466749,6.80694660662734,6.8246843211657,7.39148674790062
6.019999949,6.3781297508587,7.02319019461526,6.65709805801413,6.72527804317855,6.21056301774533
5.448275852,6.08947048546815,6.33257089160784,5.85725987411114,6.04729082538328,5.44452743851808
4.201265837,6.01693425541518,5.74493508186943,3.95538457317,4.01209683365633,4.10999321940725
8.254838644,6.14961305218329,6.09806314528405,6.46242672503006,6.55460655839747,8.05145943617005
4.813793108,5.58252657485267,5.42369080908486,4.55319872085829,4.64012258555915,4.64537131800627
6.358064452,6.03601268653463,6.53663908966383,6.38879088914925,6.359111903909,6.3718435342475
6.948387077,6.40330712504911,6.50702002461572,6.76188387925908,6.81556831396464,6.98930012802534
6.260000086,6.27008106530537,6.60070942515762,6.68342746040814,6.67813380017656,6.27531961235969
6.419354831,6.02785126731387,6.68445470808542,6.62013459078149,6.60017884861156,6.38637299270817
6.603225823,6.03601268653463,6.53663908966383,6.38701299844204,6.37391705372869,6.67952812806734
5.92258065,6.02785126731387,6.68445470808542,6.62153101199382,6.60348694876701,5.87928250219526
3.587179477,6.06423174468522,5.97311802558529,3.83343709975461,3.90076569059893,3.77875515934313
7.558064545,6.38809304577895,6.73218707501498,6.84702701220705,6.87382231137449,7.42797446887106
5.370000005,5.95812239811558,5.65911966768316,5.28573385567221,5.34044309021202,5.25046698898282
5.167741899,5.31768056742646,5.86913510689091,5.23308298504837,5.18844991770248,5.22952156165871
5.364516093,6.15479493939509,7.13775865129341,5.99132706780783,5.92428005900012,5.73711038116589
6.366666661,6.41062261179443,6.40862638324201,6.01839962711748,6.14658149729035,6.25005623389072
6.790322588,6.15156030089811,6.02656830794661,6.61755090372037,6.69236984285428,6.76683563859747
6.696774187,6.54073454328599,6.52299152211944,6.84841267777929,6.88768428343362,6.83703122779083
5.025000016,6.20250884901334,6.23267105445689,6.83594789688451,6.91243087589946,5.82920137765282
5.37499998,6.20250884901334,6.23267105445689,6.83429688803585,6.89981496527557,7.00783654166051
3.726666707,5.31649765140207,4.9808199079754,3.92984416192396,3.8972844443101,3.75205848843638
5.696666638,6.136966021895,5.94375618052812,6.65934671519774,6.71127512626605,5.97780507146816
6.300000003,5.96132306405889,6.46386802447481,6.27455074101038,6.34328986963803,6.43245269672775
4.373333367,5.83589413597957,6.02754942538322,5.42379348614415,5.22057719646061,4.43914443053624
3.292857184,4.93256195762279,4.77064017284625,3.29608572350513,3.48947490546527,3.32969467284374
6.323333343,6.14840072255986,6.29928831137961,6.83489499857984,6.81649592065477,6.40700523148614
3.825000003,5.62566743899193,5.04050909572834,3.72198661931388,3.6780483228503,3.52020989084339
5.053846102,6.25188130498991,6.11394577878176,6.69099625064829,6.75697652898685,6.68808893380339
7.03571429,6.08588995146036,6.30952821298576,6.68844072032595,6.63725958939288,7.02259422658759
4.33548387,5.4581888447823,5.50541012991637,4.58324534524089,4.44667823628202,4.47541592013047
3.839999996,5.14120803578064,4.62948838285866,3.72252141147056,3.7432729705536,3.71581890962485
3.413333281,5.09839175826978,5.11046008693246,3.96828911088067,3.91696463716883,3.79299842433081
6.367741923,5.90229821410628,6.0576727492297,6.44466537892686,6.5663508261218,6.30778387253632
4.14000001,5.54543104082174,5.29080607090711,4.23980199624914,4.20749327696675,4.23994203688514
6.719780237,6.08656276041037,6.5989564649489,6.88050929857337,6.73402679883905,6.65427984893726
6.399999988,6.08656276041037,6.5989564649489,6.88122356249063,6.73066930085851,6.41298047748698
6.190322603,6.07248689870108,6.52380009360684,6.52234868172162,6.38259361066989,6.20882571748566
6.538709625,6.09045832994354,6.19348658478724,6.87647151266606,6.92995888513418,6.96799018985968
9.370967727,6.00278669455474,6.54395308253648,7.37207411071377,7.41814544737604,8.64882079405033
6.053846125,5.86203785029841,6.32386706644872,6.36708616744458,6.50849423227976,6.55694293457428
8.993548316,6.01273854027184,6.34095693257236,7.37962768144077,7.38082324854823,8.71696889299362
7.948387046,6.00278669455474,6.54395308253648,7.37271443588534,7.41161502741647,8.20944915456377
7.954838776,6.00278669455474,6.54395308253648,7.37299033979115,7.40770037653929,7.68095977074441
2.621052635,5.27474104477083,5.05819450366587,3.06739529492626,3.04301996467841,2.85003973373178
4.749999984,5.44248732457572,5.20999072432412,4.1432247382752,4.2455360342486,4.45950881533923
7.206521756,6.06911787139556,6.55705682547035,7.07717241576982,6.91420286804753,7.29620710745086
6.431182801,6.06911787139556,6.55705682547035,7.08052154884403,6.91526198292495,6.44222793728803
4.7866666,5.61213942648368,5.17615716468713,4.30473456566523,4.2500851585802,4.65780819735555
5.65517243,6.30077076278454,6.85748518036698,6.26025991938707,6.17377652052812,5.45619017127106
6.574193547,5.57916965833185,6.03142584105196,7.33761352413266,7.39513208263434,7.1183953845853
7.583870988,5.65161960647628,5.81165381717485,7.06212317832078,6.89085387105331,7.58944500927972
3.914285681,5.26427825635386,4.80742665936065,3.76371459188091,3.63079018661381,4.23113155781607
7.296774218,5.87493989318203,6.36697264832377,7.75974991443949,7.57321133964887,7.50331937419839
8.259999998,5.7470077078507,6.77994830635681,7.32086902990481,7.1776676091096,8.17526406838936
6.078260886,5.95088860638063,6.24522519428741,6.70165312342727,6.64958935705272,6.07548089426692
5.829032233,5.93438837623437,6.13586011967893,6.32328298142631,6.22795631919774,6.00887286883363
6.565517257,5.38484317429475,6.09069456281796,6.48119799175337,6.40817741586308,6.5370941333996
6.712903223,6.14602633299141,6.27608799390607,6.30570607587635,6.39315512703619,7.0487911661211
7.651612897,5.87493989318203,6.36697264832377,7.76078326865009,7.57359937094361,7.77807580920727
6.925806422,6.25167593587067,6.52872272102837,6.76127105236304,6.76554846893399,7.2900416172859
6.348314604,6.0177784396411,6.53149987463366,6.74314968999863,6.60488346128018,6.36642581080261
5.653846117,5.84051916903332,5.88258745941957,7.28536778385629,7.09758083978946,6.16343744145559
7.532258103,6.3580958492869,6.84922973558628,7.20856467414153,7.18594603299956,7.43101532123771
7.100000024,5.86888462188412,6.25608245277181,7.60847096192829,7.4204271852222,7.21685602418921
6.667741922,5.72069407708381,5.88160260398602,6.51552542229736,6.52198698354359,6.88578928021856
5.754838647,4.71762379485945,4.93135259908913,5.9299888808814,5.93349194858953,5.27439386215458
5.725806448,5.52742283447391,5.45812647851532,5.99955242135222,6.19439188701932,5.84864556468404
7.060000022,5.8386209764155,5.92739629504142,7.42630268824196,7.22289440790244,6.9685707459243
4.667741937,5.82467933376148,5.34426632004924,4.79143645128564,4.70696545807632,4.59119468784673
7.255172466,5.91044358078998,6.01429323819371,7.59212799946839,7.39291982433315,7.39234680196086
3.393333316,5.9142548679034,5.57459596119818,5.04714143718545,4.90210648147312,3.75788139250524
7.257692319,5.67625993110462,5.90199352114466,6.39431953180464,6.2937670392496,6.92669331301383
8.52068966,5.91044358078998,6.01429323819371,7.59027219979487,7.37815322760169,8.00611809605077
2.932258048,5.4100248101291,4.89485577434311,3.59661726371509,3.65582461084503,3.7903483393983
7.067741894,6.2330751028522,6.68167964189529,6.80312917330015,6.67154127796041,7.05268340076725
3.465384596,5.33192623883704,5.19925999967744,4.31190634102766,4.12690550890094,3.70860707494813
2.981578947,5.62617597982499,5.13263038414372,3.26796853041865,3.45122999628774,3.50906954672185
7.859999975,5.92735132480299,6.27429282382961,8.11802715688264,7.88400352929897,8.09267111012313
4.616128998,5.14616079462051,4.89538002849228,3.88748613297861,3.83334711801296,4.61289219280341
6.609999979,6.01506600988117,6.48124502883272,6.56085900917804,6.41640095118818,6.66564794932688
4.992592544,5.2028523116477,5.29580726212907,4.42215556575453,4.25813949131076,4.50857790449927
7.636363691,5.92735132480299,6.27429282382961,8.11500525294793,7.88520334746691,7.86373913694978
9.219354953,5.84017119051646,5.96344406147388,7.63161285764358,7.41340001209416,7.96415284598203
8.296428663,5.96396773852563,6.3497730336136,8.14122529479093,7.89167246892075,8.46033722474262
6.902173934,5.89331255863334,5.92952126587719,6.46589801078262,6.34684835226602,6.6602089048562
6.641935479,5.56481893149959,5.68835080421232,6.42370850530919,6.30005550011913,6.78339857387711
3.200000022,5.21393469072012,4.97010098950493,3.92346002385463,3.80691198384742,3.91431686578927
2.589999994,5.42591975128661,4.97847970150388,3.0797501513933,3.25541175829166,3.57986233012101
4.026086926,5.55665014953676,4.99772712675783,4.5021571426184,4.78659465997416,4.6113870885515
3.407142852,5.51681509469358,5.10449249917611,4.44598317147214,4.39473993095081,3.40836561687286
5.970000009,5.51254256147343,5.25543620851923,6.53601575240426,6.38735374360843,5.87169145661598
5.122727286,5.07690183861882,4.91585153197737,4.70875214316825,4.80559045372597,5.75393276667209
3.499999981,5.66813771977332,5.29544234582095,4.69708107082163,4.568241292692,3.50843811616587
6.207142949,5.19517874350558,5.17038853162883,5.85893375472848,5.79692606867355,6.12910306348117
7.378260852,5.81307989974972,6.00054460242623,7.7956960400506,7.84090248656145,7.57968459083514
6.873333319,5.49105864641407,5.51633935488329,6.9293535832838,6.97609916839321,6.89601371055564
4.273333327,5.20323111260776,4.9950588073475,3.89062318393752,3.76474779967801,4.26245959732658
6.848148143,5.9216827906384,5.8517266735478,6.82528077099331,6.78969706264463,7.13726237093243
10.37777776,5.77121441792628,5.84183019337184,7.23642827473668,7.35492289246382,8.36762217572349
9.073333345,5.77121441792628,5.84183019337184,7.24494370587629,7.36155401105817,8.04161485151227
4.326666641,5.80957922708944,6.21544811194663,5.5004734414469,5.1091609736221,4.1284392580394
3.848387076,5.37060677660237,5.24056668072778,4.6741630526301,4.52483685619175,3.63890695039632
5.344827582,6.10452105301363,5.63731778142652,5.56992536489308,5.42775947161448,5.37630175866276
4.680645151,5.37060677660237,5.24056668072778,4.67399864388472,4.52227881974576,4.41449798900851
7.409999986,4.99887978437559,4.89055173854349,6.63813455287778,6.71915959373641,7.35540714085803
6.70666668,5.50583396423011,5.57388546215215,7.21632849606413,7.24962690440468,7.02215574378021
6.600000024,5.75276996122783,5.00610251670889,6.09642508007154,5.98019842095303,6.57842522140257
4.699999972,5.59191329874642,4.88949840244458,3.97398675876492,3.96359444565327,4.45804052929322
3.820000001,5.59191329874642,4.88949840244458,3.97132970286996,3.95739982203223,3.75034671716026
6.640000033,5.54552666908847,5.66484145363956,7.39513794404221,7.43437815403367,6.60386123019624
7.163333313,5.5126025518683,5.60704945659815,5.85097713464545,5.71821915917332,6.16773048243291
6.65806455,5.74371891322832,6.16108082255818,6.38559728316556,6.26667732798771,7.04579017643842
4.2387097,5.54156893838661,4.69171872620087,3.70860611000701,3.81120387276742,3.85488607442234
4.522580654,6.37149381508294,5.58700232882326,5.01526751311658,4.91553731940377,4.51697457952709
3.986666648,6.24353721279319,5.69738768985125,5.10437044045235,4.92227916381944,4.55991489400032
6.403333346,5.41431941197154,5.32200405131451,6.67371597458026,6.75223377940827,6.45228977875529
6.806451563,5.33311882114633,5.13617986593145,6.49799126830655,6.51039350069437,7.01349394415445
6.010000022,4.83482896762489,5.01137257242145,6.65999340923157,6.53451067461784,6.05968741811741
3.25714285,5.06793014474984,4.54634799913409,3.54961319948096,3.60212975268838,3.37483186931791
3.821428563,5.63938320957664,4.70642420275004,4.25481088138437,4.15707669914514,3.63934324685046
4.460000054,4.94589883272014,4.94772808279614,3.69689292479754,3.70231328123511,4.67448019303477
2.320000007,5.51470093651614,4.58668876127085,3.29439190464774,3.37221949079079,2.81222068077495
3.386666675,5.30010658646989,4.66379240470679,3.60731304771622,3.57787111691712,3.33483479566979
6.925806469,5.78928953374814,5.52028651732249,6.63872785113414,6.84477369246842,7.12978452521612
7.183333313,5.22831923814596,4.98882640448636,6.37095945567062,6.34266696187209,7.32953369307049
7.034615361,5.76943062224171,5.51865099639976,6.43675367817773,6.60601955256193,7.00064414937694
4.31249997,5.84392677225877,4.74702573988008,3.72774978146696,3.75531009689279,3.97435397072059
6.60344828,5.22581238071075,5.30145660600147,6.94039632207772,6.94324700708309,6.6062292948342
6.78666664,5.23041441181563,5.00841519621689,6.45844788916549,6.39545286091551,6.8946842790957
5.525806458,5.37507556939259,5.05673085644418,5.67735981492552,5.90811263931707,5.84664283698887
5.932258018,5.06573882616055,4.75945700143083,6.48020137042303,6.48093550476764,5.90320866557264
4.380645191,6.28332987397476,5.68740535751163,5.32851463414304,5.32013384222547,4.69350288055745
3.142857126,4.80914563564791,4.60958140407662,3.49366649218352,3.41162202449627,3.14735965285644
6.280000019,5.35268932841584,5.51523282404759,6.53743046508647,6.33812737314416,6.41754128647526
5.825806475,5.93807364050198,6.23798625689589,5.56261949352444,5.50003686206717,5.74104841894499
6.292857162,5.82104815379111,5.42674690632663,5.62328297442285,5.77617714864111,5.84563731373144
5.877419364,5.82104815379111,5.42674690632663,5.62052713647539,5.77121351369293,5.61314712360773
3.166666643,5.80292093084078,4.97510452821503,3.61798212807102,3.61737522685279,2.53557865528783
5.160000029,5.59470777613806,5.34327535157012,6.02243428933219,5.88565242952223,5.44127638053816
5.107142857,5.58750360052377,5.58539554247538,5.6975381973912,5.60578930475121,5.16237960836068
3.25999999,6.07978748696426,4.96073358927766,3.9841595898053,3.77830542895885,3.31049315751798
6.066666647,5.28813623064733,5.02383289858062,6.71193923694905,6.74116719486173,6.27067871493802
3.510344842,5.86949937462502,5.62108591776746,4.03258079635019,3.92772689239147,3.2466619465811
2.649999982,5.89129662914171,5.67821593995437,3.93941598719629,3.8700145455226,3.50855218405271
4.218750045,5.54251953669303,4.5909614831307,3.4546041074562,3.53832365645683,3.77638194786078
3.723076949,5.17331550822204,4.47454004800699,3.26916391261291,3.23734141996496,3.64926333735807
5.706666621,5.17331550822204,4.47454004800699,3.27049709490334,3.23752476027058,4.82241185089861
7.615384592,5.01833179373071,4.39201455025361,7.54277177025209,7.59573012424902,7.78385718732913
7.136666727,5.68650441109678,5.02362739240722,6.76424323290514,6.69779874935939,7.02633347494198
5.95172417,6.09035578282562,5.53619297096304,6.08285278775392,6.00396854453051,5.94168186468392
5.058064549,6.18562569346414,6.0563650919525,5.36861531690877,5.2777231969161,4.91634412567909
5.912903278,6.18562569346414,6.0563650919525,5.36705789417099,5.28484371772658,5.78661056780014
3.780000019,5.15184466062568,4.79628404128898,4.01758980873941,4.06655970184083,3.87755562091548
3.273333327,5.43450422322586,4.54573127635397,3.13964319930783,3.04230636242524,3.44488480205707
6.128571451,5.19019177505912,4.62914058778215,5.6730149770666,5.63599017996163,5.96581093943768
4.692857119,4.70567423153567,4.23806315613947,4.68870053598603,4.84823475590705,5.8100231736173
3.066666663,5.25285862637935,4.40864044970446,3.08658891720866,3.04947926016855,3.06194670450318
2.228571423,4.58840996126408,4.27795476405169,2.77607251587361,2.78071995511231,2.61044519884843
2.261538469,5.09551311875285,4.0971895058795,2.24829065584605,2.71016625433377,1.95109978913713
2.392857156,4.61744056015619,4.416509212659,3.11403736449783,3.04815560544088,2.55940278129658
2.606666661,6.29832972648955,4.95763740747451,3.62662985669923,3.40045613773529,2.8341658789405
3.386666679,6.29710206112756,4.74985895240911,3.47485623110516,3.2748003394302,3.52084889678921
6.312903239,5.65399923328869,4.95380985898544,6.21994055263134,6.16343942710447,6.3954179532358
2.833333367,5.43334761959249,4.72501440011514,3.32532428293973,3.49102257366486,3.22849090731992
3.070000052,4.90767662515031,4.29588390353678,3.02891834302631,2.96010056587357,2.98321649658408
3.269230751,5.43334761959249,4.72501440011514,3.32228836427818,3.47946881068585,3.14700696459985
3.133333325,4.90767662515031,4.29588390353678,3.02985651659317,2.95732416384081,3.06738284524942
6.380645179,5.65243222103106,4.90319974250625,6.4718572327181,6.4657215047482,6.56292867923725
7.603225773,5.67612770222374,5.10989689759249,6.80359976524753,6.87710000405235,7.11857534334084
6.609677426,5.84332907744142,5.14624260524813,6.75091809541963,6.798701837719,6.89727423470297
6.909677402,5.97924808077759,5.09901260514985,6.44489208063162,6.42507887780096,6.65571994465658
6.699999809,6.26876089406086,4.95057911684959,6.35340296142396,6.3313856468491,6.58209957290058
5.916129016,5.83093876292592,4.90993198690808,6.55577941127877,6.57082417794999,6.11113316203162
4.658064509,5.60267337210328,4.74998554426629,4.74987859622552,4.44504684194147,4.16262955823065
4.862499982,5.89659788625914,5.45190878386479,5.23801695263932,5.12291946687344,4.9900224894718
5.580000019,5.99571321257135,5.5077229608564,5.63439354914923,5.64082864878445,5.55266836967388
4.82903226,5.79666778305418,5.42664582119868,5.26295294013358,5.14771166102398,5.11088836615649
4.777419398,5.97033391749022,5.54217328128506,5.46099124728236,5.34821663740891,4.65166077155198
6.026666697,5.6487904647622,4.85817144001977,5.44075155718691,5.48152256904506,5.96173481433089
3,4.99471500097154,4.03083180967522,2.95095809477665,2.84828291689561,3.0137500695371
3.873333363,4.83538285803487,4.39009674909341,4.01606170807712,4.03069856077019,4.30054017081371
3.11724142,4.50845043594167,3.91233209070415,3.4916154401678,3.6647358045108,3.14117617969887
5.977419315,4.91507112608868,4.54709153371242,5.10492940034087,4.95730040610217,5.91158526402745
2.760000016,5.25293569283765,4.64947750349032,3.15133549800623,2.91750468047645,3.311438883588
6.589333336,5.52356773558219,5.17296166396497,6.09317303132274,6.01697023901913,6.68220822808893
8.001149435,5.42498474806207,4.68283479146212,7.42521901944969,7.44221799035972,7.60163503198296
6.066666668,5.53703394706033,4.52914714950844,6.32666732434543,6.52151820231949,6.46441212884572
5.082608658,6.22999045105345,6.29395156267089,4.70234064894298,4.78898729230229,4.98763805678198
10.08444447,7.31208461043512,8.08713110974021,8.60276679256212,8.76647849110326,8.98364348388382
9.375862055,7.00306266183888,7.62869901666197,7.89994487577418,8.03526552336236,8.96439704481535
