ID,LOSS,RMSE,R2,R2adj,PR
1,145.546016906523,0.853070972740612,0.904338289100313,0.903613579169255,0.970022530247271
2,160.062221849769,0.894601089452077,0.893188375409656,0.892379196435487,0.965111160057598
3,187.049674001503,0.967082400836411,0.848366107474855,0.847217365864816,0.964001628581497
4,101.160584310193,0.711198229434638,0.931501913308571,0.930982988409393,0.971116254541839
5,130.276437644078,0.807082516363966,0.909148509564586,0.908460240697651,0.965277030070783
6,178.220835989915,0.943983146009278,0.870123820018962,0.86913990956456,0.963744772691363
7,116.825542242246,0.764282481292899,0.918751506544643,0.91813598765483,0.971230850287363
8,195.196275178426,0.987917696922235,0.864446376598418,0.863419455209012,0.966910605846908
9,186.943129247978,0.966806933280834,0.860983162209549,0.859930004347501,0.969292515992183
10,395.590386636429,1.40639679080341,0.699097492224324,0.696817927771478,0.961425588296083
11,257.143373823338,1.13389455820049,0.832977098506462,0.831711773495148,0.969925460442912
12,105.153538062246,0.725098400433508,0.914504319845851,0.913856625299229,0.960761845998444
13,191.209632386767,0.977777153513945,0.862510915932851,0.861469331962645,0.96650751583721
14,139.576321379656,0.835393085258837,0.909905567491612,0.909223033912003,0.971591558357307
15,186.173943989355,0.964815899509734,0.87858089355137,0.87766105183585,0.963790587073774
16,138.789786293574,0.833035972493308,0.903389945169673,0.902658050814898,0.968732856908593
17,281.260234486743,1.18587569855939,0.793315602767547,0.791749811879423,0.968734960014811
18,151.821923049254,0.871268968371003,0.894939826085382,0.894143915676938,0.965624552057041
19,180.726046959409,0.95059467429449,0.887808619297456,0.886958684595164,0.971168834098772
20,200.154856167774,1.00038706550958,0.856217302801173,0.855128039943606,0.965910897838251
21,124.486305852953,0.788943299144346,0.914017455553924,0.913366072641454,0.970041756051392
22,180.594035065319,0.950247428476709,0.862372335496558,0.861329701674562,0.963946457081357
23,273.494013250093,1.16938875753552,0.809980139903229,0.808540595508556,0.966850926174127
24,229.785495345251,1.07188034627297,0.848799783923206,0.847654327740806,0.967359142409647
25,225.573695959429,1.06201152526568,0.832292838901969,0.831022330105772,0.96671949029675
26,142.491577523825,0.844072205216548,0.898179589311599,0.897408222563959,0.965315803859709
27,120.268699219075,0.775463407321955,0.91245228264526,0.911789042362269,0.964796051744344
28,100.374785098548,0.708430607394077,0.927340554808684,0.926790104466326,0.968385996394066
29,130.007667478777,0.806249550321665,0.895849986177436,0.895060970921205,0.968173407026623
30,270.878003307301,1.16378263285568,0.819747377534159,0.818381827363964,0.968174698349225
31,161.666167537836,0.89907220938542,0.87738341876255,0.876454505268327,0.961040710836035
32,199.057506258662,0.997640983166443,0.862532966451835,0.861491549531015,0.967566283243707
33,163.591313430919,0.904409512972191,0.886778049384758,0.885920307334643,0.96855584755868
34,163.928513770529,0.905341133966994,0.89170498070643,0.8908845638936,0.968138629217701
35,159.023780741217,0.891694400400767,0.894259830377061,0.893458768485978,0.96700227868361
36,406.033128839973,1.42483881341009,0.693503360932586,0.691181416697227,0.966021487530745
37,236.404918510869,1.08720954399524,0.821763877506886,0.820413603851635,0.966929746440881
38,104.987774058702,0.724526652576365,0.926196010296501,0.925636889162384,0.966926723607176
39,125.803717776194,0.79310692146833,0.908109819983848,0.907413682256453,0.963656233936675
40,121.053006555935,0.777987810174219,0.916230706583375,0.915596090724158,0.965865542126456
41,113.107409391236,0.752021972389225,0.918983394583463,0.918369632421216,0.971437385556703
42,132.021188862252,0.812469042063302,0.905630409603871,0.904915488464507,0.968867176958906
43,140.081670092422,0.836904027031841,0.913541564728671,0.912886576582676,0.967328958978158
44,124.621054138862,0.789370173425819,0.916832643594195,0.916202587863848,0.967431960857553
45,188.051048562158,0.969667593977849,0.869833826421712,0.868847719046119,0.967758713317855
46,259.568177840046,1.13922819891373,0.807446938919802,0.805988203608589,0.963648710455979
47,268.388555733566,1.15842253891567,0.781846399458288,0.780193720666306,0.960190649707218
48,118.697190459174,0.770380394542769,0.910590663693795,0.909913320236929,0.96824155754926
49,172.374853246705,0.928371836191471,0.888024868215216,0.887176571762301,0.968326721362452
50,138.567866137695,0.832369707935408,0.903578454569671,0.902847988316411,0.969213153162949
51,215.992421877537,1.03921225425208,0.842160066933256,0.840964309864568,0.963073871576402
52,89.4347669232936,0.66871057612129,0.945141575305433,0.944725981178959,0.973789814052482
53,163.91543725114,0.905305023876317,0.878021965908617,0.877097889892774,0.966756478152779
54,252.749555870178,1.12416537010837,0.822807277817006,0.821464908709559,0.96588407698121
55,123.53035212196,0.785908239306472,0.910154755261527,0.909474109468054,0.966811970194077
56,210.900230914987,1.02688906634307,0.83207018570831,0.830797990145494,0.963277413034412
57,126.697776382472,0.795920147949754,0.920669022330644,0.920068030075573,0.967658926189171
58,125.822157310456,0.793165043702934,0.90637033837791,0.905661022759561,0.968769528217834
59,115.924276235522,0.761328694571279,0.920584831029136,0.919983200961175,0.970118147916854
60,298.117974326498,1.22089715849964,0.793497930046013,0.791933520425149,0.971545044501627
61,115.335194637783,0.759391844299711,0.926752160424132,0.926197252548557,0.972289842656251
62,319.012744906258,1.26295832256306,0.775060109367893,0.773356019287347,0.96901482961723
63,158.979591126805,0.891570499531038,0.887765772326785,0.88691551302623,0.966404616385849
64,237.909080513603,1.09066282716888,0.81527135371867,0.813871894277145,0.959838280213287
65,113.613558104764,0.753702720257676,0.92179770717521,0.921205265562901,0.967757898464886
66,145.818610402425,0.853869458413945,0.903599274111735,0.902868965582278,0.969455660556168
67,159.3159329165,0.892513117316772,0.878098015564566,0.87717451568248,0.962135147071129
68,133.263350381142,0.816282274648733,0.905666502812006,0.904951855106036,0.96311045685109
69,419.628867106616,1.44849726804474,0.67014258736074,0.667643667568019,0.964416105419407
70,336.403328952353,1.29692584397172,0.766833899407163,0.765067489554187,0.963317538411153
71,331.716091446948,1.28785886541761,0.776318247967935,0.77462368924042,0.97151918301177
72,156.550743005869,0.884733697238522,0.896089383477759,0.895302181837439,0.965814477510686
73,141.635126539643,0.841531718177166,0.89878443159823,0.898017646989125,0.969638299717812
74,148.27274950051,0.861024823975797,0.894384206099285,0.893584086448522,0.967632078136695
75,203.357904315184,1.00835981751353,0.845939174980854,0.844772047518587,0.968146171067103
76,116.68796849297,0.76383233923738,0.922107454062057,0.921517359017072,0.970326299140253
77,180.830995104291,0.950870640792667,0.873741809491582,0.872785308048336,0.967807312135154
78,270.459351360282,1.16288295060226,0.804132818972059,0.802648976691545,0.966839824492409
79,124.242329488895,0.788169808762347,0.908940463730067,0.908250618758325,0.96253146785025
80,114.807853775209,0.75765379222706,0.918203576307687,0.917583906431231,0.966699686484538
81,166.854845856885,0.913386133726819,0.883642701383397,0.882761206696907,0.970863296104725
82,110.696298561182,0.743963367919356,0.926170563452821,0.925611249539585,0.967289459847397
83,339.647599673207,1.30316460908284,0.745424257416498,0.743495653306016,0.956706038709008
84,133.387897272705,0.816663631101278,0.904746095429681,0.904024474940512,0.970234952508331
85,127.677321032171,0.798990991914713,0.899799084152035,0.899039986304702,0.963466609183736
86,169.192692665695,0.919762721210463,0.875677750337071,0.874735915112352,0.964035972953478
87,193.865549627734,0.984544436853244,0.872709485439779,0.871745163359777,0.966573691636183
88,106.67420523628,0.730322549413201,0.924476500898384,0.923904353177917,0.968312911985592
89,118.996377806091,0.771350691339844,0.914376832655939,0.913728172297272,0.967837005296081
90,133.178257638779,0.816021622381353,0.899133613856206,0.898369474567238,0.964181237100945
91,166.740940865915,0.913074314790189,0.881339281535046,0.88044033669819,0.967283068419685
92,166.497723391441,0.912408141654384,0.885412749054767,0.884544663820334,0.968950514963881
93,148.644155936478,0.862102534320825,0.903418053017335,0.902686371600799,0.972681202639632
94,95.3962604720435,0.690638329634417,0.933860640601628,0.93335958484861,0.971820122952667
95,127.819296413548,0.799435101848636,0.913531941120121,0.912876880068001,0.9635178575914
96,115.065657492439,0.758503979859166,0.91127809688048,0.910605961250787,0.961190265522495
97,99.4666782876469,0.70521868341546,0.940267099948715,0.93981457797863,0.975143563567915
98,215.423448231045,1.03784258977709,0.833124414081065,0.83186020509683,0.962486153555554
99,108.051978295969,0.735023735317332,0.920442138143631,0.919839427068962,0.971222351160356
100,125.182361028283,0.791145881074668,0.919923812398881,0.919317174614024,0.971729962131476
101,93.0955317293281,0.682259231265243,0.939141540150436,0.938680491212182,0.971418677788635
102,275.784672372301,1.17427567541081,0.803901962933572,0.802416371743675,0.966647546219643
103,190.170199838012,0.975115890133097,0.866676656887196,0.865666631560583,0.966320960041445
104,210.57826475298,1.02610492824316,0.850808433861243,0.849678194723828,0.965241069356132
105,324.095831509197,1.27298042308041,0.770495218545658,0.768756545958882,0.970063390407426
106,135.318495362365,0.822552415844624,0.910767214179707,0.910091208226523,0.96864435155562
107,106.935452303593,0.731216289149772,0.920497871448284,0.91989558259562,0.96579213246395
108,185.742271700624,0.96369671500069,0.868523835274994,0.867527803724047,0.963324496021149
109,207.38565178117,1.01829674403184,0.862749295924783,0.861709517863607,0.968448951500742
110,133.559277298557,0.817188097375865,0.904759994721632,0.904038479530129,0.964280091848346
111,161.75219176831,0.899311380358076,0.880485593055923,0.879580180882104,0.962713355554643
112,127.021024736843,0.796934830261682,0.913857995712942,0.913205404771374,0.97000078897613
113,175.73198958444,0.937368629687489,0.869503020053315,0.868514406568871,0.962621938051499
114,305.800050849541,1.23652749837911,0.787578922068481,0.785969671478091,0.970039771317409
115,162.615721599619,0.901708715715944,0.884072937809989,0.883194702490368,0.966807613937043
116,280.650698919632,1.18459001118453,0.808032999275711,0.806578703815679,0.96767137224558
117,158.500401435217,0.890225818079932,0.887764123140361,0.88691385134597,0.968623559384752
118,197.0083014543,0.992492572904957,0.861905392955035,0.860859221689543,0.969812284184402
119,163.994378116835,0.905522992852293,0.895550347229196,0.894759061980932,0.971403759867731
120,113.953093048547,0.754828103108736,0.927018196757241,0.926465304308432,0.972649631925301
121,104.851536001765,0.72405640664856,0.923419334084393,0.922839177524426,0.968107068316541
122,173.043252614963,0.930170018370197,0.865984132299306,0.8649688605743,0.961711410015979
123,140.916212166508,0.839393269470598,0.900048757607499,0.899291551225738,0.964633411401289
124,270.852911680052,1.16372873058985,0.797150466760825,0.795613727872649,0.96622205841584
125,232.478504520585,1.07814309004089,0.831983196228022,0.830710341653992,0.9641083980433
126,223.650842692144,1.05747539614911,0.834469544216838,0.83321552561242,0.964951188138427
127,167.10124388774,0.914060293109104,0.878078984691088,0.877155340635717,0.963477596411843
128,208.511280666035,1.02105651328914,0.870388325927958,0.8694064193062,0.971182811015663
129,207.055976114605,1.01748704196812,0.860013731261025,0.858953229225124,0.968957477770474
130,97.3739938396207,0.697760681894662,0.927995858717922,0.927450372799118,0.96809895452752
131,103.999802924706,0.721109571856821,0.925417679074267,0.924852661491497,0.964892231827307
132,350.33488606282,1.32350837938945,0.778971962672281,0.777297507844041,0.969823887740633
133,121.681210945648,0.780003881226395,0.911550385037064,0.910880312196436,0.963901708302213
134,121.994681699698,0.781007943940707,0.913892492690698,0.91324016308987,0.967166462873175
135,96.6034338100632,0.694994366200414,0.93240601048124,0.931893934803067,0.968256019590376
136,130.524340971022,0.80785005097178,0.908152117458291,0.907456300166308,0.968761063096251
137,207.661285120909,1.01897322124016,0.846501761638449,0.845338896196316,0.962853149696986
138,232.401754485261,1.0779651072397,0.822582962535408,0.821238894069767,0.965757100475568
139,104.682652982053,0.723473057487466,0.926889531431164,0.926335664245037,0.96565353035163
140,199.620428460721,0.999050620491078,0.860035569758132,0.85897523316539,0.965946631804578
141,153.517610426043,0.876121025960578,0.895799175935913,0.89500977575361,0.968727650460752
142,122.929654325764,0.783995071176356,0.912327018967829,0.911662829717585,0.969834298223666
143,131.713541969162,0.811521848039723,0.907754804466293,0.907055977227401,0.967992313494263
144,222.113640671401,1.0538349981648,0.837138513926269,0.835904714789347,0.965935440686641
145,152.060975233061,0.871954629648416,0.897338109616497,0.896560368022683,0.966350480985277
146,110.279141780921,0.742560239242988,0.927207469782329,0.926656011220074,0.967571852997996
147,330.35252807238,1.28520918155836,0.767479821705655,0.765718305203425,0.969979114516035
148,123.095657577695,0.784524243021512,0.909566911850431,0.908881812697783,0.962366364391909
149,135.179436127891,0.822129661695436,0.900086764056309,0.89932984560219,0.967841777446515
150,312.38895890548,1.24977789807926,0.769608505430217,0.76786311531984,0.969480739467338
151,127.68804491308,0.799024545658892,0.910871949223482,0.910196736717599,0.967314667427971
152,135.900123196557,0.824318273473776,0.907959650096942,0.907262374718889,0.969091281894203
153,249.811170239683,1.11761167280877,0.831934511978033,0.830661288583927,0.966894080164731
154,191.056190793216,0.977384752268052,0.858770317790901,0.857700395955984,0.966803097297458
155,303.882474818342,1.23264446378171,0.784708515078671,0.783077518980782,0.968125681507335
156,221.237963274419,1.05175558775416,0.817747665534803,0.816366966031278,0.963186374373572
157,197.851391526933,0.994613974180266,0.866719757479423,0.865710058672449,0.969771337815711
158,158.326908513027,0.889738468632853,0.885834643436544,0.884969754371669,0.965034004509444
159,127.13402998553,0.797289251105049,0.89878946113513,0.898022714628578,0.964851418709161
160,297.023742488756,1.21865446802766,0.778029150121704,0.776347552774141,0.961112991928454
161,337.202673071539,1.29846577365662,0.752141889154643,0.750264176193693,0.96901919698682
162,128.783929686821,0.802446040823994,0.912779112745057,0.912118348447671,0.969489493175782
163,149.353099546622,0.864155945262839,0.887230482071779,0.886376167542019,0.970262182663522
164,99.5167470908193,0.705396154975413,0.934547857354003,0.934052007788503,0.968869309585944
165,121.864548625552,0.780591277896289,0.920947576047365,0.920348694047724,0.968187397702626
166,168.198320584044,0.917055943179162,0.88187625578024,0.88098137893009,0.96482520334869
167,125.13426374866,0.790993880345036,0.907906785024655,0.90720910915363,0.961010826509464
168,216.637305117635,1.04076247318405,0.840234832485141,0.839024490306998,0.967261518576383
169,150.565638325794,0.867656724533941,0.89157780252665,0.890756422242761,0.968931341486345
170,166.32453696724,0.911933487068108,0.883356576434546,0.882472914134808,0.96318268167478
171,130.746827914704,0.808538273412904,0.911784439325573,0.911116139623493,0.966805509574318
172,142.75667214464,0.844857006080437,0.895901077297904,0.895112449095615,0.96920726793133
173,153.702410858548,0.876648193001469,0.894667859448802,0.89386988868705,0.967470220571301
174,187.138237583969,0.967311319028081,0.857961588883608,0.856885540314545,0.969179205957532
175,216.350216931655,1.04007263431852,0.841480067236239,0.840279158654695,0.963615296439466
176,107.803098289732,0.734176744012406,0.92555378959229,0.924989803149807,0.970764246796365
177,155.026697039856,0.880416654317306,0.886897591963423,0.886040755538903,0.966205692369729
178,132.256439268257,0.813192594863779,0.906014876108041,0.905302867593708,0.967078209702254
179,335.818627084009,1.29579826185253,0.747477084290015,0.745564031898273,0.967654399586105
180,278.476438132395,1.1799924536462,0.797027558170965,0.795489888157109,0.966510080776042
181,292.416707199908,1.20916646331245,0.806612179648996,0.805147120403913,0.967642746131079
182,290.694258661403,1.20559997234033,0.788400341343975,0.786797313626884,0.9629087493549
183,137.713746268959,0.829800416573043,0.897523787778564,0.896747452837493,0.96414053961728
184,275.172388117278,1.17297141507643,0.820027734757672,0.818664308505836,0.96889526330515
185,185.460345138091,0.962965069818452,0.866549980803805,0.865538995809894,0.969333439461778
186,192.40171814893,0.980820366195896,0.866885772209704,0.86587733109008,0.962184740137706
187,134.391348627063,0.819729676866291,0.902318361265986,0.901578348851334,0.966396556213514
188,105.20562798039,0.725277974229157,0.922680845161909,0.922095093988893,0.966914596892953
189,151.985581896634,0.871738440980532,0.875637174267324,0.874695031648137,0.965634292754252
190,100.170786384791,0.707710344649531,0.935571932003226,0.935083840579008,0.971121293197613
191,102.412148040846,0.715584195049214,0.932533953843779,0.932022847433505,0.97030851045549
192,322.353136851651,1.26955334045414,0.766501967496537,0.764733043007874,0.961665440498385
193,120.086128929111,0.774874599303367,0.916795298623811,0.916164959977022,0.968387080264734
194,117.989011379999,0.768078809042402,0.922132270734269,0.921542363694377,0.966121367887743
195,151.690148545995,0.870890775430522,0.896613334807224,0.895830102495158,0.967157957554182
196,116.120257598837,0.761971973234044,0.915641133610127,0.915002051288991,0.967461095854957
197,159.150116568533,0.892048531663308,0.88338001896739,0.882496534262597,0.962332165617773
198,158.185902337449,0.889342179190466,0.887545508401273,0.886693580434616,0.969522573175919
199,290.463196214809,1.20512073298655,0.814374225068208,0.812967969197512,0.968475081021021
200,254.269572451249,1.12754062554581,0.820603496803915,0.819244432385763,0.967634375518479
201,491.502216099511,1.56764507478496,0.646135035045882,0.643454239856835,0.966841828566344
202,262.186215482904,1.14495898503594,0.805081130855567,0.803604472755988,0.962650186733061
203,143.590194890482,0.847319877290984,0.901891981893354,0.90114873933194,0.966098004132595
204,129.170029455732,0.803648024497454,0.909944087615023,0.909261845854531,0.963177936573281
205,111.396006115972,0.746310947648404,0.91659530715019,0.915963453416479,0.967485830491442
206,288.561028194609,1.2011682400784,0.787182194567795,0.785569938466036,0.964504966234528
207,121.295751389493,0.778767460123664,0.919324346911779,0.918713167721717,0.966758579210636
208,245.526602961192,1.10798601742349,0.812548387477285,0.811128299503629,0.965293956830552
209,259.336908630709,1.13872057290344,0.818143342649308,0.816765640699681,0.971160258273187
210,115.265270333899,0.759161611035157,0.917169575349928,0.916542072132883,0.969321598358759
211,204.08902770702,1.01017084621122,0.843893803313401,0.842711180611229,0.962113012807484
212,113.50050659454,0.753327639857121,0.926805649683046,0.92625114702913,0.969820960227655
213,129.582879722245,0.804931300553795,0.896732441952996,0.895950111967791,0.965657088438074
214,289.59184623214,1.20331177637414,0.803318098605465,0.801828084200961,0.967783742203707
215,109.179884693682,0.73885006832808,0.920212582099822,0.919608131964215,0.961880918472344
216,186.983771762063,0.966912022270027,0.860401887506286,0.859344326048,0.966444171436415
217,302.123030593541,1.22907084944998,0.780233314783435,0.778568415653006,0.963394235574039
218,232.737099061224,1.07874255283924,0.843668975058219,0.842484649111691,0.973466019066451
219,309.564870203849,1.24411589131368,0.789659318949136,0.788065828941175,0.965323474981419
220,103.196167345072,0.718318060976723,0.923097100806389,0.922514503085225,0.96797455084083
221,130.192058998474,0.806821104701886,0.914251583623726,0.913601974408754,0.963517352324527
222,187.851144560726,0.969152063818485,0.864757093963129,0.863732526493153,0.967296893729415
223,216.517071111366,1.04047362078855,0.838134721108073,0.836908468995256,0.965459948332883
224,105.271541140665,0.725505138302497,0.929767868992105,0.92923580739356,0.966545085610283
225,157.393705704517,0.887112466670705,0.885142882382498,0.884272752703577,0.963088720855491
226,103.778321963823,0.72034131480786,0.926133282426611,0.925573686081358,0.971980682009625
227,198.219799835307,0.995539551789148,0.856203942259618,0.855114578185828,0.964483965068622
228,154.075295631664,0.877710930864097,0.895099461741998,0.894304760694589,0.969177638002743
229,316.07798514975,1.25713560356421,0.763409363550132,0.761617010243693,0.961933796888896
230,122.559715942392,0.782814524464103,0.917077404351151,0.916449202868963,0.96276161180498
231,152.220208035369,0.872411050008449,0.890882112770412,0.890055462109581,0.96455542954297
232,147.236002240575,0.858009330487073,0.893862484248949,0.893058412159925,0.970586686041852
233,165.827576989698,0.910570087883678,0.886036850675989,0.885173493484141,0.968820072392993
234,145.013774974446,0.851509762053396,0.898024212883041,0.897251669041246,0.964713518594015
235,271.673073286511,1.16548932489,0.79050927161328,0.788922220640653,0.967177214089055
236,110.245275335133,0.742446211301305,0.926834285000256,0.926279999280561,0.96904247759828
237,383.749899629421,1.38518933656995,0.692092514410279,0.68975988194369,0.963315212152584
238,250.625315830503,1.11943136419904,0.809081626237836,0.807635274921455,0.969493618447234
239,165.067363205255,0.908480498429259,0.880051126194827,0.879142422605393,0.960490253015854
240,335.630025902402,1.29543434010065,0.748096279968884,0.746187918453497,0.965172110892328
241,143.703405223966,0.847653836256187,0.899590952041609,0.898830277435863,0.968295695263108
242,187.257025757138,0.967618276380562,0.879372560015511,0.878458715773204,0.969766386566921
243,220.693846979663,1.05046143903444,0.846594108357557,0.845431942511781,0.968458150561117
244,129.173951581611,0.803660225411245,0.912678873849004,0.912017350166042,0.969101106454989
245,270.608464150688,1.16320347349612,0.821379727306968,0.82002654342293,0.968132855914007
246,241.151084667813,1.09806895199667,0.820671680270052,0.81931313239331,0.964847779771626
247,200.426487535042,1.00106565103154,0.869412341497738,0.868423041054539,0.969936559357173
248,119.505641826508,0.772999488442611,0.920383698879468,0.9197805450831,0.967406830814912
249,117.703560291705,0.767149138993537,0.926125181735533,0.925565524021408,0.971184360708556
250,113.64818444561,0.753817565613889,0.9234672954693,0.922887502253158,0.968663409173606
251,105.650746729077,0.726810658731271,0.924884228613966,0.92431516973983,0.96865254277747
252,163.909246417118,0.905287927725534,0.883139617018339,0.88225431108666,0.962718389766859
253,110.982609698641,0.744924860971364,0.929419115426665,0.928884411755655,0.969659779429463
254,155.688744396045,0.882294577780135,0.89719376267492,0.896414927543669,0.96950386946767
255,101.007781456254,0.710660894717918,0.934921131527019,0.934428109796163,0.971035914546912
256,175.821790456931,0.937608101652635,0.871415484669417,0.870441359553276,0.968471830881328
257,111.336551520006,0.746111759457007,0.92314167641132,0.922559416384133,0.96841979319351
258,104.245202065169,0.721959839828951,0.928840708116277,0.928301622571703,0.967587912620962
259,102.465178121685,0.715769439560273,0.926293604411894,0.925735222627136,0.968179288179156
260,170.690426326334,0.923824729930775,0.879256366234209,0.878341641735983,0.967356458599738
261,93.8038677842459,0.684849865971535,0.932709819738858,0.93220004564597,0.969062779312575
262,236.04001427023,1.08637013552065,0.81241131063303,0.810990184198432,0.966865883471896
263,119.794240035681,0.773932296895796,0.917330442210573,0.916704157681865,0.967100632113575
264,267.949073355068,1.15747370025212,0.81045943852053,0.809023525175988,0.966088168724431
265,126.538038506374,0.795418250062112,0.917417647493649,0.916792023611025,0.967555492073687
266,113.759730576321,0.75418741230652,0.917223987362285,0.916596896357453,0.965334449837944
267,241.565748039548,1.09901262058165,0.831206008128808,0.829927265766148,0.968783628613275
268,84.0810550650437,0.648386671150185,0.938777028463966,0.938313218073542,0.971767419322654
269,405.626515141993,1.42412519664177,0.712891600216025,0.710716536581298,0.965691229012118
270,98.3629405495676,0.701295018339527,0.9274077952408,0.926857854295655,0.968334711888238
271,228.18059014644,1.06813058692849,0.84360988741519,0.842425113835002,0.965865385649774
272,138.304681308081,0.831578863692677,0.898341626811838,0.897571487621019,0.967818978197354
273,128.629508030745,0.801964799822116,0.920106601159309,0.919501348137789,0.969421462297102
274,158.815061665864,0.891109032795268,0.897322030244196,0.896544166836955,0.967000252431342
275,109.067348249014,0.738469187742502,0.922082373320235,0.92149208826963,0.965743384017254
276,224.981649792889,1.06061691904497,0.832116153141095,0.830844305816407,0.96186801454496
277,246.936075751808,1.11116172484434,0.816880512510439,0.815493243665822,0.963227959235518
278,344.241494903415,1.31194796943975,0.751331991623672,0.749448143075366,0.966247381688512
279,213.935971216393,1.03425328429837,0.849695994999019,0.848557328294466,0.968201309961411
280,176.924194124268,0.940542912695289,0.881858771682696,0.880963762377262,0.966425333483412
281,142.326159215117,0.843582121714054,0.908247433628824,0.907552338429043,0.971782473453385
282,150.647326096892,0.867892061540179,0.890530641369531,0.889701328046573,0.966274125674834
283,104.251978079347,0.721983303405788,0.922112908702066,0.921522854980112,0.968786791360857
284,125.248103013366,0.79135359673589,0.908445608301475,0.907752014424971,0.97051511921027
285,105.038275397211,0.72470088794347,0.918403213500515,0.917785056027034,0.965066528158629
286,170.979018816689,0.924605372082297,0.893946216067527,0.893142778310463,0.972295488101188
287,132.765449786605,0.814755944398704,0.918125269684251,0.917505006575798,0.967927622270091
288,110.966241016845,0.744869924942754,0.919507974010385,0.918898185934707,0.965907419819963
289,119.355609571931,0.772514108518191,0.914641630946471,0.913994976635459,0.963907609144746
290,316.988500202068,1.25894499522828,0.770132796161941,0.768391377951047,0.964644936366938
291,181.110156133971,0.951604319383773,0.863315290995137,0.862279800775403,0.967470474231944
292,187.249577379337,0.96759903208751,0.868186911534633,0.867188327531107,0.965765036074393
293,235.491978698577,1.08510824045018,0.837673507789187,0.836443761636075,0.963775408554729
294,183.202715275924,0.957085981706774,0.863157814944309,0.86212113172419,0.967089196009995
295,132.462116886947,0.813824664430083,0.904193180095626,0.903467370853926,0.96428787555151
296,298.558480596523,1.22179883900035,0.76261738567959,0.760819032540799,0.961275672633642
297,194.113416498576,0.985173630632124,0.864083012155894,0.86305333800556,0.970282775413913
298,277.653201301633,1.1782470057285,0.80497678007813,0.803499331442358,0.966068449561935
299,93.1734349357046,0.682544632004767,0.941685722551472,0.941243947722317,0.973738790745794
300,156.852470976805,0.885585882274568,0.889088676695137,0.888248439397373,0.965753033456576
301,170.717077129038,0.923896847946343,0.880335825423387,0.879429278646292,0.965682431151968
302,209.051385005987,1.02237807342975,0.835420001792379,0.83417318362414,0.9634521621082
303,113.720062253838,0.754055907257009,0.911129184082081,0.910455920325127,0.963193417613416
304,137.274346155562,0.828475546276296,0.907560737577817,0.906860440135225,0.96626369091354
305,106.444350479604,0.729535298939004,0.923223970872697,0.922642334288399,0.969076380093072
306,151.768402260516,0.871115383461101,0.88542561925612,0.884557631523211,0.962533304858826
307,175.260023355206,0.936109030389106,0.881510257875853,0.880612608314307,0.963004089320195
308,163.92637275562,0.905335221770422,0.880919377032954,0.880017251101386,0.96661132686394
309,108.337212780817,0.735993249903887,0.922341147161098,0.921752822518379,0.966984615011716
310,275.185258181785,1.17299884522915,0.796638051634589,0.795097430813639,0.966189022284581
311,139.755325458817,0.835928601792093,0.899312898608828,0.898550117537683,0.962790737433229
312,102.480136234698,0.715821682525398,0.927365137858784,0.926814873751654,0.96961575734183
313,163.212659509335,0.903362218352457,0.879480097508712,0.878567067944384,0.967048955907101
314,252.203437305953,1.12295021551704,0.822352634656914,0.821006821283103,0.968077083527258
315,136.585177303728,0.826393300141428,0.907509488556933,0.906808802864183,0.972377750674684
316,125.902408676228,0.793417949999329,0.917788306534073,0.917165490674483,0.970025085728344
317,100.039448804857,0.707246240021314,0.926504373567428,0.925947588518697,0.967204224349374
318,163.793664373477,0.904968685572814,0.880360448109033,0.879454087867435,0.962171334543986
319,211.289599837191,1.02783656248742,0.847447843631238,0.846292145476929,0.972019829649517
320,104.357503521853,0.722348612242915,0.935039057717812,0.93454692936719,0.970465401933039
321,160.341901685517,0.895382325282102,0.879684558460202,0.878773077842477,0.963741282346751
322,207.823322454673,1.01937069423903,0.841902160071452,0.840704449162902,0.966158602692433
323,332.081936754357,1.28856885100168,0.787958366393707,0.786351990381538,0.972041753270186
324,308.107690994951,1.24118429533037,0.788689711406192,0.787088875886542,0.966030098845594
325,111.159451733086,0.745518114243665,0.922857544364788,0.922273131822097,0.968748837638554
326,132.242447166819,0.813149577774037,0.903433665904873,0.902702102767788,0.968268396996275
327,146.837097114986,0.856846243835456,0.901227046837547,0.900478766889347,0.968210408659365
328,106.69098287127,0.730379979432862,0.929141950112286,0.928605146704045,0.972546430666472
329,198.528048171446,0.996313324641013,0.866382540143608,0.865370286659847,0.960366169736828
330,124.667407525872,0.789516964750828,0.909599689831886,0.908914838997279,0.965448203684142
331,279.416144826498,1.18198169365371,0.813704215148747,0.812292883445329,0.96881027520014
332,131.217985205893,0.809993781475799,0.910611616560491,0.909934431837465,0.960542675615204
333,188.615498007838,0.971121768903978,0.874152781320271,0.87319939329997,0.966439409312993
334,128.318260419713,0.800993946355756,0.909266724101224,0.908579350798961,0.968252674635921
335,148.908272056717,0.862868101324638,0.902619546191363,0.901881815480692,0.964812554551016
336,215.001126153332,1.03682478305963,0.852390641080031,0.851272388360941,0.971414488582671
337,196.160287848076,0.990354198880572,0.864092771982693,0.863063171770441,0.96885098490809
338,331.553099144139,1.28754242482362,0.772114705115022,0.770388301365893,0.967580786964281
339,124.480903607887,0.788926180348601,0.921346285716592,0.920750424244748,0.968592361637126
340,108.910711095967,0.737938720680676,0.924106601920326,0.923531651934874,0.971406524312768
341,114.258927656768,0.755840352378622,0.912394514914003,0.911730836996684,0.964269390854614
342,136.157776302977,0.825099316152234,0.905648915683671,0.904934134741881,0.957948521444603
343,105.119741470932,0.72498186691438,0.933729533499128,0.933227484510485,0.974183888181861
344,193.467785032235,0.983533896294976,0.860534244973676,0.859477686223477,0.971326410926176
345,143.059670477047,0.845753127328084,0.897506484013239,0.896730017983036,0.968297142110572
346,251.819327319557,1.12209475384113,0.826352437268691,0.825036925429817,0.964968050623561
347,125.003018941757,0.790578961716528,0.919805857919924,0.919198326540529,0.972997312764872
348,117.452171886674,0.766329471854873,0.922054865540044,0.921464372097165,0.968710698879777
349,142.327887690822,0.843587244127193,0.899249594756154,0.898486334110367,0.968622582949031
350,269.006536188301,1.1597554401431,0.807359219148182,0.805899819293244,0.969702056950583
351,108.363472668933,0.736082443306907,0.91555289281116,0.914913141999123,0.966154252293949
352,121.719824230092,0.780127631320965,0.917259998681581,0.916633180489775,0.964725084941298
353,137.218645704228,0.828307448065718,0.899667546868272,0.898907452526365,0.968756277192402
354,128.183879632965,0.800574417630758,0.902770681552139,0.902034095806322,0.967239887022575
355,230.794662250446,1.07423149797994,0.838113940146677,0.836887530602334,0.962711032976743
356,145.324529074526,0.85242163591302,0.893336939444369,0.892528885955312,0.9672862036253
357,126.762523611183,0.796123494224302,0.91676541878566,0.91613485377646,0.968041342899674
358,123.732698507135,0.78655164645157,0.901781184007173,0.901037102067833,0.962838278738948
359,226.540025225697,1.06428385599354,0.829610952201338,0.828320126081651,0.965866501835625
360,130.385170643789,0.807419254922092,0.909855092336559,0.909172176369411,0.964065667325747
361,117.446690915693,0.766311591050574,0.920279067559629,0.919675121101748,0.968475341231675
362,126.82918112741,0.796332785735368,0.914358527640482,0.913709728607456,0.968647980831567
363,178.144372728118,0.943780622624023,0.880669081351385,0.879765059240411,0.966284295424316
364,120.652384399482,0.77669937684886,0.915966022738526,0.915329401698667,0.971009934182363
365,130.306450093764,0.80717547687527,0.911605331049981,0.910935674467026,0.966886748576087
366,129.552820987407,0.80483793706375,0.913916713335893,0.913264567224801,0.970810381380677
367,282.864400187744,1.18925270692932,0.799421858099129,0.797902326721092,0.968228008166654
368,131.957421224459,0.812272802771517,0.910224793059253,0.909544677855157,0.970691884940659
369,134.033306633384,0.818636997189182,0.901947963615763,0.901205145158307,0.96794976130734
370,95.5091728134152,0.691046933331649,0.934207724244134,0.93370929791265,0.969470870234224
371,137.523938211084,0.829228370869821,0.897451903086835,0.896675023564765,0.961334122949476
372,214.450572737132,1.03549643344903,0.85568805334688,0.854594781023751,0.965349055290805
373,119.277760451656,0.77226213312468,0.915530133995797,0.914890210768492,0.969571730909081
374,115.30254862301,0.759284362485525,0.921691751748331,0.921098507443394,0.967372539772655
375,273.12581825672,1.16860133975775,0.819497599673471,0.818130157246755,0.966275228797146
376,280.031249419879,1.18328198122823,0.784461587840171,0.782828721081384,0.964728701530071
377,177.853054145613,0.943008627069798,0.87103050638084,0.870053464762513,0.966188668506296
378,116.428607658914,0.762982986897197,0.907238934039022,0.906536198690832,0.967328756582506
379,144.415906601905,0.849752630481087,0.8989285931226,0.898162900646256,0.966593764181446
380,110.156450030624,0.742147054264259,0.922598095437097,0.922011717372227,0.970202998666965
381,107.169906225353,0.732017439086504,0.925180745015732,0.924613932477973,0.96754262520957
382,306.535731463224,1.23801399722141,0.77581030124965,0.774111894440935,0.966376071833553
383,115.057658951724,0.758477616517864,0.914747740370802,0.914101889919066,0.964796892383009
384,140.697613391046,0.838741954927278,0.899286838011513,0.8985238595116,0.96496619996915
385,414.220802991722,1.43913307757087,0.687996261976805,0.685632597294812,0.966109228396266
386,200.303724295717,1.00075902268158,0.864924472854112,0.863901173406037,0.969805651934872
387,98.6973310103762,0.702486053279267,0.93023452419525,0.929705997863396,0.966328662445665
388,355.635602782042,1.33348341343648,0.751398281256021,0.7495149349019,0.965752079219047
389,133.276411309863,0.816322274931486,0.902950465324996,0.902215241577458,0.970429497643257
390,107.349575946128,0.732630793599779,0.927688304544151,0.927140488669485,0.969661564159302
391,143.701340712787,0.847647747336083,0.910178758841222,0.909498294893049,0.971384965789955
392,473.03799997177,1.53791742296485,0.638311938130021,0.635571877055248,0.959733908960683
393,144.399810945397,0.849705275214284,0.888386605543281,0.88754104952467,0.967241437419889
394,233.614040291177,1.08077296480616,0.836333785473908,0.835093889909316,0.967945961978795
395,93.1802584745097,0.682569624560417,0.934887527291789,0.934394250983394,0.967596147097058
396,175.136704114032,0.935779632483076,0.874459248395447,0.873508182095412,0.972367419756252
397,240.908907835933,1.09751744367899,0.838794908210486,0.837573657515111,0.964462123794027
398,195.97713193093,0.989891741381173,0.857019352929849,0.85593616620962,0.966195248897378
399,124.686097101943,0.789576142946148,0.921986449127264,0.921395437378228,0.968173469170894
400,245.518636296287,1.10796804172387,0.826293153257288,0.824977192297116,0.961833429283412
401,106.701068301318,0.730414499792133,0.925868966495532,0.925307367756861,0.966467653676613
402,115.427550231237,0.759695828049744,0.916954780913267,0.916325650465641,0.966157108320704
403,135.4859585784,0.8230612327719,0.903910589939557,0.903182639863341,0.963555949305055
404,368.026471499609,1.35651478336878,0.719975109924195,0.717853709241803,0.967770249059856
405,148.032920608416,0.860328194959388,0.898171178684648,0.897399748220138,0.966500874260052
406,287.729651186872,1.19943664106711,0.788934737241887,0.787335757978568,0.968973794480278
407,98.5259225470043,0.701875781556125,0.939340350046584,0.938880807243906,0.973192226075315
408,127.096829150951,0.797172594708795,0.903141002590103,0.902407222306695,0.966386148884608
409,209.781207051625,1.02416113735004,0.852725694537564,0.851609980102242,0.966152955090703
410,94.6773612912768,0.688031108639998,0.934223602521076,0.933725296479569,0.969671251022977
411,381.901149339525,1.38184866996992,0.716328890410836,0.714179866853343,0.964178773231003
412,124.39258151611,0.788646249962902,0.911403523018503,0.910732337586825,0.9664681915108
413,223.071215391056,1.0561041979631,0.855258174895831,0.854161645917769,0.968494404526191
414,96.4794276949937,0.694548154180089,0.933871478635269,0.933370504988566,0.970695143911037
415,163.451629524778,0.904023311438312,0.880752710919122,0.879849322365479,0.963315484265827
416,215.329536498463,1.03761634648473,0.83388263186641,0.832624166956307,0.966520492062056
417,143.703959824012,0.847655471946038,0.904618211117404,0.903895621807687,0.971637628844501
418,111.831178249897,0.747767270779809,0.920749670357389,0.920149289072217,0.970364328939803
419,169.189181891706,0.919753178553101,0.882105982245148,0.881212845747005,0.965490420717951
420,191.350741709706,0.978137878086996,0.846474860789743,0.845311791553301,0.965990835912787
421,189.458287422394,0.973288979240992,0.869686309937393,0.868699085012677,0.970784515632524
422,130.224738312155,0.806922357826808,0.910343343882242,0.909664126790441,0.967983326540531
423,121.014573591484,0.777864299191972,0.907361214856996,0.906659405878639,0.963170354113892
424,387.740032303727,1.39237213471063,0.714225470683874,0.712060512128449,0.964562826384995
425,257.112200492039,1.13382582545124,0.807683353154231,0.806226408859945,0.961565348269768
426,135.945067903752,0.824454570924777,0.90618957320469,0.90547888815321,0.966236003862012
427,169.781851990939,0.921362718995454,0.884678411235537,0.883804762835806,0.971089071278276
428,130.932763255684,0.80911298115802,0.908013174573943,0.907316304684352,0.965652913750135
429,143.129536556324,0.84595962242983,0.90704284684199,0.906338625984732,0.969252406399268
430,141.776623018378,0.84195196721184,0.894878518846398,0.894082143989174,0.96336488161365
431,312.283466064241,1.24956685708337,0.758193500838132,0.756361633420239,0.964434721644535
432,133.031543438276,0.815572018396525,0.905328027081982,0.904610815165936,0.967312520704202
433,180.925147167887,0.951118150304911,0.874771965299308,0.873823268066727,0.969619769522133
434,157.768784928643,0.888168860433204,0.878252976625102,0.877330650690443,0.964307104971807
435,158.184699119054,0.889338796857122,0.892055990029523,0.891238232378231,0.96221356754528
436,132.854481867232,0.815029084963329,0.910335007289391,0.909655727041583,0.972664332013589
437,137.12164783202,0.828014637044601,0.902826637832063,0.902090475997458,0.968983251144052
438,115.847281422707,0.761075822184316,0.919785038424425,0.91917734932158,0.972517949785972
439,143.712650541493,0.84768110319121,0.896779274390171,0.895997299196157,0.965969632481256
440,212.207276783995,1.03006620365876,0.839933331956917,0.838720705683864,0.968878408279886
441,203.377431186516,1.00840822881043,0.865297821819406,0.864277350772584,0.969062927562121
442,259.580850691399,1.13925600874298,0.823767022377115,0.82243192406179,0.964431796856016
443,358.379346153261,1.33861746991674,0.733017261798631,0.730994665297106,0.962964391204067
444,124.682904102803,0.789566033029546,0.919861318417463,0.919254207193353,0.966782579388483
445,188.041489153664,0.969642947567981,0.882728215801306,0.881839793193741,0.962974766452889
446,171.115756455112,0.924975017108873,0.883354918031048,0.882471243167647,0.971598084555121
447,284.358825079936,1.19239008944207,0.804478303818076,0.802997078847001,0.966005083731682
448,151.566613962903,0.870536081856758,0.896630872149237,0.895847772695822,0.964750226248053
449,168.497680490598,0.917871669926133,0.881032783169253,0.880131516375081,0.965569756124547
450,220.369440959211,1.04968909911271,0.844232772850671,0.84305271809954,0.967071335038996
451,309.947424434789,1.24488438104667,0.768195883651603,0.766439791861085,0.96638247072121
452,122.125709109492,0.781427249043353,0.908982988429686,0.90829346561476,0.967172622211154
453,104.788683511823,0.723839358945835,0.930119891967017,0.929590497209191,0.967495441965076
454,279.465107835187,1.18208525038422,0.824359497985957,0.823028888122214,0.967076715071442
455,156.428722942491,0.884388836831659,0.887023488976886,0.88616760631762,0.960620188931565
456,213.113760897248,1.03226392191447,0.848086031690699,0.846935168294416,0.9633591846976
457,137.499430763357,0.829154481274016,0.907442474374062,0.906741280998108,0.966822315055873
458,96.9364283794797,0.69619116763817,0.931154468046308,0.930632910986053,0.968786542438933
459,309.627175762275,1.244241085486,0.761580855638874,0.759774649999774,0.966225112850767
460,116.202494750869,0.762241742332671,0.92719969102337,0.926648173531123,0.972717097745912
461,148.478864888855,0.861623075621976,0.896754602333458,0.895972440229923,0.970069791792778
462,103.511124759124,0.719413388668588,0.918215227512497,0.917595645902743,0.963854548787952
463,127.389335933712,0.798089393281579,0.914651350845287,0.914004770169873,0.970827869000272
464,256.359616236606,1.13216521814752,0.80489505162509,0.803416983834371,0.960821506490364
465,132.600789366966,0.814250543036252,0.912673096392289,0.912011528940716,0.969368386474924
466,132.524356654236,0.814015837236095,0.90037206180623,0.899617304698701,0.968680275455579
467,182.839117239311,0.956135757200071,0.863909911870387,0.862878926354254,0.965673652372171
468,202.821372105651,1.0070287287502,0.858186247732354,0.857111901124266,0.966642864783232
469,151.790647149867,0.871179221371433,0.89455169516076,0.893752844366524,0.966000177835702
470,351.636551913369,1.32596484099951,0.754042864452278,0.752179552819341,0.964335955315019
471,166.872063134007,0.913433257370256,0.875495865444448,0.874552652303876,0.965782824680585
472,124.257110283513,0.788216690648938,0.912710501787809,0.912049217710444,0.970871812368433
473,104.303647859814,0.722162197362247,0.926667286017383,0.926111735153878,0.967378997972613
474,118.242820471146,0.768904481945404,0.914724189698373,0.914078160832452,0.966378423663711
475,106.578458386754,0.729994720483491,0.931095957909176,0.930573957590306,0.970321025217938
476,92.0478537141184,0.678409366511542,0.933340470684667,0.93283547425046,0.971503682136215
477,212.134060494711,1.02988849031026,0.846809195603329,0.845648659206385,0.965548890610738
478,184.164389887188,0.959594679766379,0.876177949752975,0.875239903917771,0.966504256497655
479,230.557092484785,1.07367847255308,0.826500462259418,0.825186071821989,0.967047037239959
480,167.147695539096,0.914187331839311,0.893614732685067,0.892808783690257,0.970158392841295
481,109.361043251577,0.739462788960935,0.922501160064626,0.921914047640873,0.969810691050407
482,136.422416765524,0.825900771175097,0.897119248267011,0.89633984863267,0.964299079391864
483,220.139973920798,1.04914244485865,0.858772179021595,0.85770227128691,0.971741318325894
484,166.467579726035,0.912325544216633,0.890110385484472,0.889277888404809,0.96689762387425
485,143.325346166169,0.846538085871418,0.89663537901719,0.895852313706715,0.969402903628961
486,150.042459292907,0.866147964532929,0.896372424951666,0.895587367564937,0.966928251539473
487,175.311892475654,0.936247543322954,0.87071086812196,0.869731405001672,0.966151918260657
488,278.512761703397,1.18006940834723,0.806862776898251,0.805399616117177,0.963102068869716
489,273.403918528894,1.16919613095685,0.797576897993359,0.796043389644824,0.961154015301986
490,111.350697021922,0.74615915534798,0.925799195496643,0.9252370681898,0.969461173089032
491,129.639808184003,0.805108092693159,0.909970666358213,0.909288625951836,0.965240898324714
492,264.444573829703,1.1498795020125,0.795192604245346,0.793641033065387,0.96223814586404
493,302.044285977559,1.22891066798518,0.780947838764509,0.779288352694544,0.969259975509003
494,287.053157501084,1.198025787496,0.802020784796044,0.80052094225662,0.969274485278084
495,136.138131607978,0.82503979179182,0.898521747102358,0.897752972459194,0.965607269309053
496,149.479307133498,0.864520986250474,0.896023704817253,0.895236005611323,0.965538430049009
497,233.075407201074,1.07952630167373,0.817036087608342,0.815649997362951,0.966512455680941
498,156.320942287773,0.884084108803492,0.897556192811998,0.896780103363604,0.970669898913707
499,168.696372646288,0.918412686776179,0.881208453886785,0.880308517931382,0.966086985270853
500,210.224342614175,1.02524227042727,0.846456953014564,0.845293748113159,0.968160776665025
501,143.411464181131,0.846792371780507,0.901186525615836,0.900437938688683,0.970566723641465
502,142.80924332512,0.845012554123074,0.893925639392249,0.893122045751281,0.962535070062761
503,177.014935276131,0.940784075322628,0.876892254703011,0.875959620268943,0.967306980166762
504,145.196666346659,0.852046554909588,0.899187674225509,0.898423944484794,0.967616210112896
505,139.33630246649,0.834674494837629,0.903625202145088,0.902895090040126,0.966522631985568
506,182.781271407755,0.955984496233478,0.883912495574585,0.883033044783483,0.972795415643486
507,174.964481517521,0.935319414738947,0.872261110652122,0.871293391793425,0.970649776254137
508,239.302643016434,1.09385246495228,0.825614499589355,0.824293397313516,0.963540809381363
509,151.341840015917,0.869890337961966,0.892640538755269,0.891827209503415,0.959603946991979
510,112.92438940345,0.751413299734073,0.920137527825288,0.919532509096692,0.968507017878722
511,188.278631165763,0.97025417073508,0.858894214434599,0.857825231210618,0.967224640888855
512,105.838939903784,0.727457696033879,0.917991417060988,0.917370139917511,0.966168225283528
513,111.883188717948,0.747941136447072,0.919863176097038,0.919256078946258,0.964225074085816
514,164.709052506638,0.907493946279086,0.877856929256176,0.876931602962662,0.962258766500588
515,153.884122689564,0.877166240485703,0.904110201969715,0.903383764105849,0.969665253758504
516,137.360717284161,0.828736137996167,0.898619818163558,0.897851786482979,0.966150782854824
517,110.415906314711,0.743020545862329,0.93147095468793,0.930951795253748,0.970949163837838
518,95.7708946207528,0.691993116370216,0.931658991964747,0.931141257055389,0.969055137288168
519,156.53181305624,0.88468020509176,0.885448366607782,0.884580551203295,0.969037907993476
520,164.016662956525,0.905584515538239,0.886089434262146,0.885226475430799,0.971190471784888
521,162.966068266671,0.902679534127896,0.880064138746789,0.879155533737295,0.962264830664791
522,123.511081226023,0.785846935560682,0.914660699970224,0.914014190121514,0.966643736108715
523,244.857762347139,1.10647585230573,0.840502883212532,0.839294571721718,0.97084225408346
524,98.9572034465842,0.703410276604572,0.923232759200755,0.9226511891947,0.96690151386538
525,130.252337029906,0.807007859410012,0.908227536714163,0.907532290780179,0.96505284856739
526,187.238204641048,0.967569647728391,0.870009127367028,0.8690243480289,0.96865059313683
527,157.957245844926,0.888699178138828,0.882223697361305,0.881331452644345,0.968779528608409
528,165.230189690494,0.908928461680275,0.889747529190624,0.888912283199643,0.969530659861431
529,124.415606267747,0.788719234796981,0.907539736728947,0.906839280189015,0.964376128220029
530,519.350188922047,1.61144374540666,0.596159465873618,0.593100067887812,0.962295086230032
531,175.091300042611,0.935658324503692,0.877103769488753,0.876172737439425,0.970000803706812
532,276.775556695013,1.17638334886,0.808948855591296,0.807501498436684,0.96757849649562
533,136.082831241219,0.824872205984719,0.910706063001424,0.910029593781738,0.965723036228159
534,308.089172636852,1.24114699499465,0.758587262384529,0.756758378008654,0.967576342089531
535,149.289346779027,0.863971489052234,0.881173248277288,0.880273045612722,0.966190736130328
536,182.258249388252,0.954615758795789,0.882894358499865,0.882007194549106,0.971131272712098
537,130.635907001525,0.808195233225008,0.90737398005852,0.906672267786236,0.968593413906136
538,120.490784487436,0.776179053078075,0.9176317179075,0.917007715770435,0.968815578534888
539,277.84341850211,1.17865053875632,0.774418131082478,0.772709177530073,0.966155672955885
540,147.211896819024,0.857939091133584,0.902427109518866,0.901687920954615,0.965872128698132
541,398.46539848309,1.41149813758838,0.683702258525947,0.68130606351478,0.962875172316355
542,163.892455095329,0.905241556423835,0.882717855263064,0.881829354166572,0.963304958957056
543,227.241841282735,1.06593114524986,0.832878265565944,0.831612191820232,0.969380475517841
544,196.455376029495,0.991098824612095,0.863062852292124,0.862025449657973,0.966627690621903
545,144.97948978744,0.851409096109032,0.903663185252039,0.902933360897888,0.971616255790962
546,273.762547851919,1.169962708491,0.814512097742364,0.813106886361625,0.964908317585398
547,194.968545548818,0.987341241792364,0.847598937676891,0.846444384174443,0.964572596897817
548,104.465515896232,0.722722339132507,0.927492281993854,0.926942981099868,0.967866612451828
549,113.126753451758,0.752086276472846,0.921318747404725,0.920722677309306,0.969195867551572
550,105.491116187799,0.726261372330234,0.931786850092244,0.931270083805064,0.969696931619579
551,112.757043395508,0.750856322459591,0.914220807349707,0.913570964981144,0.966102940183304
552,153.652970111358,0.876507187966414,0.900134191780438,0.89937763262726,0.970731182396545
553,272.000578260838,1.16619161860485,0.827022772333246,0.825712338790316,0.967178400372497
554,122.507083088619,0.782646417894502,0.918361263375635,0.917742788098178,0.971172053131284
555,250.848185293442,1.11992898277847,0.825993056203637,0.824674821780937,0.9642837782368
556,118.244482384538,0.768909885436966,0.916528440933449,0.915896080637491,0.965702346601843
557,223.152438479749,1.05629645100168,0.829091948749925,0.82779719078591,0.963734022449255
558,110.116405620216,0.742012148216644,0.923442474400223,0.922862493145679,0.962809555518743
559,122.503285560428,0.782634287392355,0.904411561911779,0.903687407077777,0.963705762783413
560,207.107823749441,1.01761442538282,0.865440354109972,0.86442096285323,0.965514821183881
561,208.543761219562,1.02113603701848,0.852686406118577,0.851570394043718,0.965198294124957
562,140.530897906151,0.838244886373163,0.904457025636946,0.903733215225105,0.968077289539053
563,170.593208195801,0.923561606488168,0.87814801581349,0.877224894721168,0.968993120704352
564,113.238182195217,0.752456584113717,0.920695669355184,0.920094878971511,0.967742644917066
565,217.357273038221,1.04249046287777,0.850951520733484,0.849822365587525,0.97267737456937
566,293.42264498969,1.21124449429025,0.778376705377919,0.776697741024721,0.969820761047862
567,178.478095013891,0.944664212865848,0.867882028145408,0.866881134419236,0.964966269461472
568,106.492516700818,0.729700338155388,0.917841872510779,0.917219462454043,0.965018447683167
569,116.274170262128,0.762476787391355,0.915979579702179,0.915343061366589,0.964092049327398
570,148.571257728335,0.861891111824269,0.900832823152447,0.900081556661178,0.968212142702782
571,162.073718196704,0.900204749478429,0.881952825178807,0.881058528399858,0.971166911873307
572,176.461947622445,0.93931343975918,0.87467352462577,0.87372408163051,0.96773765158864
573,359.529815423643,1.34076436301023,0.752074304143578,0.750196079174969,0.967651469006066
574,226.435201101802,1.06403759590957,0.845298919160574,0.844126941275427,0.968117932831407
575,199.355202297293,0.998386704381858,0.873212995524912,0.872252487915252,0.970689729983694
576,139.391387678321,0.834839468635502,0.901574723524159,0.900829077490251,0.968127576015947
577,209.500963231781,1.02347682736782,0.858933784646544,0.857865101196896,0.968972995214255
578,121.549546598872,0.779581767997661,0.918874885647767,0.918260301448129,0.967916080267057
579,131.652337995607,0.811333279225028,0.913785394623281,0.913132253673458,0.96922559686585
580,195.087355814563,0.987642029822959,0.863228527409911,0.862192379890289,0.96916867578956
581,327.520600078466,1.27968863415767,0.761900990430956,0.760097210055433,0.96799534280041
582,205.728893325926,1.01422111328331,0.841438880685274,0.840237660084405,0.961544267069045
583,204.773759353034,1.01186402088678,0.84876192489259,0.847616181899352,0.963274506162573
584,119.32783623423,0.772424223578696,0.915699480464461,0.915060840164949,0.970144644746389
585,321.737454223582,1.26834036091181,0.77691321047634,0.775223159040554,0.968698401912978
586,105.132869904436,0.725027137093626,0.92131629477103,0.920720206095053,0.963892207916224
587,104.38265964128,0.722435670635385,0.919973080062205,0.919366815517222,0.967766434908269
588,287.274387981122,1.19848735492103,0.810793055518592,0.809359669575551,0.968085992303706
589,132.859763001325,0.815045284022076,0.914914548807331,0.914269962055871,0.964775913545421
590,150.785460226503,0.868289871605397,0.891707191157576,0.890886791090588,0.967315401146491
591,146.182022284496,0.854932811057385,0.901032614218683,0.900282861296097,0.965843571715903
592,131.273841683081,0.810166160991315,0.910118164944465,0.90943724195162,0.967189421693953
593,124.589655977739,0.789270726613304,0.913102020782934,0.912443702758563,0.970613024692898
594,142.259144942182,0.843383498007231,0.893593945005265,0.892787838528032,0.97032010555017
595,129.312427435633,0.804090876193833,0.917914835842587,0.917292978538364,0.972738778980785
596,217.398185572851,1.04258857075275,0.839130339002913,0.837911629449904,0.967888784274985
597,121.370984604359,0.779008936419727,0.906356294452352,0.905646872440627,0.963103064071561
598,113.808652146672,0.754349561366189,0.926284663984778,0.925726214469511,0.969861300102531
599,229.157637313726,1.07041495998918,0.832863156382334,0.831596968173109,0.967890954939635
600,148.062586952537,0.860414397114952,0.895250900148783,0.894457346362031,0.965073144543112
601,137.529507623557,0.829245161648703,0.895209654175231,0.894415787918983,0.95749811455833
602,125.685393846138,0.792733857754726,0.912144981920357,0.911479413601572,0.967410436039141
603,235.657042300956,1.08548846677649,0.844236864148549,0.843056840392099,0.968244766938964
604,324.925819801802,1.27460939075821,0.744965035991492,0.743032952930821,0.958532356887699
605,176.18770984614,0.938583267073677,0.875922303339395,0.874982320788936,0.965902673039226
606,117.122151573625,0.765252087790764,0.923592042511361,0.923013194348568,0.971767800922924
607,99.5260663765248,0.705429182755168,0.935746368564744,0.935259598629628,0.973338150047832
608,297.373544453656,1.21937185561595,0.792231248892062,0.79065724320185,0.95887822493499
609,132.14232956855,0.812841711431415,0.912192515178085,0.911527306959737,0.969172066704787
610,172.398151667006,0.928434574073494,0.881916029238663,0.881021453702592,0.966919365120606
611,144.05104278711,0.84867851035333,0.902508858586201,0.901770289333066,0.967505892604429
612,93.1179175031132,0.682341254443527,0.934879450955053,0.934386113462288,0.972380152960557
613,292.821966152209,1.21000406229113,0.795106081481139,0.793553854825694,0.968476369585846
614,92.9917794177268,0.681878946066407,0.938921655788962,0.93845894106009,0.973002456797948
615,269.750101459362,1.1613571833406,0.811919671295347,0.810494820320312,0.966004381933596
616,283.658630860649,1.19092113689499,0.798856391466566,0.797332576250403,0.968083103766468
617,126.478314398284,0.795230515002675,0.911688885146559,0.911019861549185,0.968392862694402
618,109.874586580439,0.741196959587796,0.925616505928089,0.925052994609362,0.966958396483195
619,164.557458336475,0.907076232563933,0.889587667438862,0.888751210374005,0.966504038664526
620,206.78895701927,1.01683075538476,0.864099916006034,0.86307036991517,0.970145591564018
621,135.146290982052,0.822028865010384,0.908509691574406,0.907816583177242,0.969594745424931
622,151.662598985087,0.870811687407463,0.890279259828646,0.889448042100075,0.967271709638194
623,141.072713098219,0.839859253381835,0.911236779623433,0.910564330984216,0.96897838829871
624,126.359301449889,0.794856280876893,0.900034079418038,0.899276761837871,0.961870740971053
625,230.479190008175,1.07349706568806,0.844668001567979,0.8434912440041,0.966738851049148
626,223.021492655786,1.0559864882085,0.8463405225755,0.845176435625314,0.970354811264929
627,96.4972970767966,0.694612471370896,0.935966431058245,0.935481328263231,0.969392039309833
628,146.385379021449,0.855527261463505,0.894421234489482,0.893621395356827,0.961939114931261
629,127.327925240517,0.797897002251911,0.911907573318584,0.911240206449785,0.962148478213433
630,247.908861590308,1.11334824199418,0.824567794560712,0.823238762701324,0.965245537806183
631,330.4862661828,1.28546930376186,0.767253113836771,0.765489879850686,0.965203830954046
632,240.071488316062,1.0956082518767,0.831392324173691,0.830114993296219,0.973603268580722
633,107.038119895248,0.73156722143371,0.926805779557568,0.92625127788755,0.965175153413872
634,174.060784196881,0.932900809831573,0.860899476242819,0.859845684396173,0.961244415658477
635,146.559637295332,0.856036323105896,0.893578096119729,0.892771869575182,0.965955906746561
636,113.645255758905,0.753807852701551,0.908576755427887,0.90788415509022,0.966127836647582
637,142.994370349416,0.845560081689693,0.892005582007562,0.891187442477316,0.96404802221038
638,212.060189472936,1.02970915668682,0.849185168072815,0.848042631467306,0.969348888320531
639,136.606745686161,0.826458546105492,0.903192155102216,0.902458762337839,0.971079059350777
640,143.546903485032,0.847192137254094,0.906170599903861,0.905459771115254,0.966456813693956
641,174.343173757513,0.933657254450242,0.879644983645126,0.878733203218195,0.967434771638376
642,121.419555590945,0.779164795120213,0.912061787085857,0.911395588503174,0.965483950166607
643,401.948796122262,1.41765439392375,0.691851319723862,0.689516860024801,0.966116626866104
644,131.218023001812,0.809993898130759,0.904445338143897,0.903721439190441,0.964221614099231
645,149.317881551875,0.864054053725447,0.901076213799725,0.900326791176996,0.966567983344778
646,125.78037537463,0.793033339067881,0.910844063850361,0.910168640091652,0.967298692692296
647,124.825835090114,0.790018465259243,0.912381290721568,0.911717512620974,0.968152070361799
648,171.805069784678,0.926836203934324,0.882527984208948,0.881638044695379,0.9697643339469
649,135.667996729909,0.823613977327696,0.90105781647888,0.900308254482508,0.965291773840635
650,222.372185159739,1.05444816174087,0.841454409938518,0.840253306983507,0.966778356524531
651,231.129707518125,1.07501094766083,0.834523092880893,0.833269479948172,0.967483002496131
652,181.298728599139,0.952099597203829,0.861967288177049,0.860921585814754,0.965958105632627
653,209.795559406291,1.02419617116618,0.849022840153951,0.847879073791481,0.971092993566996
654,161.720321394758,0.899222779389953,0.890836494564956,0.89000949831166,0.96866221768067
655,108.878042903054,0.73782803858031,0.929165186518358,0.928628559143497,0.968572910056384
656,132.20013564957,0.813019482083824,0.909100558692483,0.908411926561366,0.970992241641212
657,130.88368105992,0.808961312609943,0.907967492609944,0.907270276644868,0.969217525855189
658,127.165817788974,0.79738891950219,0.895952305449845,0.895164065339616,0.967622921890687
659,315.17694578229,1.25534247475,0.769057350607169,0.767307785081466,0.966180689454358
660,114.634172665696,0.75708048669113,0.925552761889914,0.924988767661808,0.96930016084458
661,225.966864803717,1.06293665099035,0.838917489690333,0.837697167642532,0.961207099356379
662,143.308467989866,0.846488239699366,0.902681015775933,0.901943750743932,0.966867460537283
663,116.453307994294,0.763063916046009,0.921350288637024,0.920754457490335,0.965479173477239
664,145.434153117587,0.852743082990377,0.907135884632032,0.906432368606517,0.972616719055256
665,148.722545766246,0.862329826012779,0.902059479953382,0.901317506316665,0.966607795054285
666,127.88046478003,0.799626365185736,0.907360651867413,0.906658838623985,0.963047268761647
667,92.371366270184,0.67960049393075,0.936846274619383,0.936367837305893,0.969657131316933
668,186.631188079427,0.965999969149655,0.872871400730596,0.871908305281585,0.965907054253365
669,186.356233182148,0.965288125851934,0.866472461689762,0.865460889429836,0.970025730975842
670,130.806362739979,0.808722334117154,0.906506610545881,0.90579832729244,0.969165578194784
671,187.280258767151,0.967678300798234,0.872340382029372,0.871373263711413,0.966989631962021
672,401.823220775701,1.41743292747082,0.717731652657063,0.715593256086283,0.968522174559569
673,134.73418278135,0.82077458166463,0.903996898557076,0.903269602334023,0.965604297453992
674,256.181136698859,1.13177103845888,0.810184133789467,0.808746134803024,0.97046061894863
675,119.580175879853,0.773240505534509,0.927555804792545,0.927006985131882,0.970811134886593
676,119.330039568657,0.772431354777423,0.905672098491311,0.904957493176852,0.960539415114931
677,182.991471582391,0.95653403384927,0.866600636382226,0.865590035142697,0.96751793419117
678,192.065644870304,0.979963379086953,0.873661411884675,0.87270430136865,0.966441530783121
679,99.2397930679473,0.704413916202496,0.934179953435768,0.933681316719373,0.972092069735531
680,253.786849703279,1.12646981695756,0.816567945661637,0.815178308886346,0.964317629618164
681,173.148125739315,0.930451841148469,0.873132158807721,0.872171038798689,0.969673539616273
682,245.352952756626,1.10759413314767,0.800357390760824,0.798844946751437,0.961794354445435
683,97.9160456652965,0.699700098846986,0.941019806469664,0.940572986821707,0.972305490174046
684,300.371578098489,1.22550311729202,0.786702405476458,0.785086514608855,0.967819220755614
685,141.80423604026,0.84203395430428,0.897378588178261,0.896601153240218,0.964464878347431
686,115.887028521856,0.7612063732059,0.9183117354263,0.917692884937106,0.968870262710939
687,113.836341348303,0.754441320939884,0.921947467569653,0.921356160505787,0.968908708937585
688,238.50041845406,1.09201744137642,0.828910386018801,0.827614252579549,0.966404417016303
689,132.130147955384,0.812804244438301,0.902623697364892,0.901885998102505,0.961164445782194
690,133.741997360812,0.817746896541993,0.908129139027832,0.90743314765683,0.968005809274418
691,87.3177585627789,0.660748660849112,0.93990700281377,0.939451752835086,0.971613985212321
692,136.723564913775,0.826811843510284,0.896159805768039,0.895373137629918,0.967103265130099
693,243.828104298976,1.10414696553262,0.82129939233751,0.819945599855218,0.966263469864326
694,116.224732203438,0.762314673227003,0.912280984763005,0.911616446768785,0.968425314463101
695,235.342883515458,1.08476468304296,0.827200711984311,0.82589162646904,0.967019483610682
696,184.400771408009,0.960210319169736,0.876591781721583,0.875656870977049,0.969082524625579
697,136.081838562439,0.824869197395681,0.907458974415788,0.90675790604015,0.968247393252258
698,126.948093746018,0.796706011481078,0.918700703670967,0.918084799910899,0.969138175373189
699,185.39518869527,0.962795899179235,0.866966717349066,0.865958889450195,0.96317377338924
700,171.113100572233,0.924967838825309,0.883944287681871,0.883065077740067,0.967908276054898
701,145.779713467237,0.853755566503777,0.904088186994012,0.903361582350027,0.970513973984864
702,361.55619941056,1.34453746584199,0.713402989380259,0.711231799905867,0.963127563907515
703,322.320205958701,1.2694884913986,0.760434120956729,0.758619227933674,0.964814367213624
704,108.065221500324,0.735068777395437,0.926571264032408,0.926014985729623,0.967280157671638
705,129.132652634963,0.803531743725671,0.907930670573912,0.907233175654017,0.965011390254754
706,314.109791071203,1.25321544650392,0.772754256949618,0.771032698290146,0.964856279544238
707,172.738371660882,0.92935023446729,0.888876421039865,0.888034575744712,0.970811538462879
708,253.656644070687,1.12618081157221,0.820778992897663,0.819421257995372,0.970017873661881
709,216.961435141526,1.04154077006502,0.841175435432152,0.839972219033911,0.965706900336799
710,204.281093282738,1.01064606386889,0.854355628259952,0.853252261807376,0.963610179508274
711,139.073463775178,0.833886874147741,0.908984786954425,0.908295277764685,0.968191311647781
712,127.842390478402,0.799507318535616,0.914215865926583,0.913565986122996,0.967814919276345
713,116.849670033861,0.764361400235062,0.919496008075557,0.918886129348857,0.967748199707665
714,289.766389695042,1.20367435316833,0.780320313852508,0.778656073805936,0.969490556657207
715,284.494249915811,1.1926739913233,0.782853962334007,0.781208916594114,0.962337782978304
716,120.236130819885,0.775358403642746,0.915401064300891,0.914760163272867,0.963100621065268
717,234.580240869353,1.08300563449447,0.845828598360991,0.844660633197059,0.968432802816201
718,96.0581206936557,0.693030016282324,0.928431478596875,0.92788929282867,0.967016610783433
719,96.5583424328233,0.694832146754967,0.937439997691727,0.936966058280301,0.969950462289999
720,104.872283526793,0.724128039530279,0.919908650227222,0.919301897577429,0.966525777924745
721,161.549186159986,0.898746866920787,0.887428927845097,0.886576116692408,0.971137357680617
722,117.816834796652,0.767518191304455,0.916553308355486,0.915921136449088,0.964648184527675
723,247.094177696658,1.11151738109815,0.798999835737224,0.797477107220081,0.96166770537723
724,114.475321295045,0.756555752390546,0.917848667272446,0.917226308691177,0.96466949708363
725,124.471650212963,0.788896857050918,0.919744958258401,0.919136965517935,0.972309870981507
726,184.625394819454,0.960794969854272,0.875459603405795,0.874516115552809,0.966583742142017
727,256.700836250969,1.13291843539367,0.793342589738065,0.791777003296686,0.963304157541592
728,260.534139238753,1.14134600196162,0.81145622098596,0.810027859023733,0.965258436822892
729,137.124827147648,0.828024236202201,0.909056313049268,0.908367345723884,0.96400721342821
730,252.555305110437,1.12373329823058,0.818222357336402,0.81684525398289,0.963165186808071
731,236.238797595461,1.08682748768022,0.836769710916927,0.835533117817813,0.966201833519115
732,105.308262952285,0.725631666040991,0.923047289732443,0.922464314654659,0.970638603542217
733,122.325205769031,0.78206523311368,0.917525191761797,0.916900382608477,0.970614758696428
734,134.077663906264,0.818772446734329,0.89961658474863,0.898856104330059,0.96465174989519
735,103.117343752261,0.718043674689294,0.920855961809856,0.920256385762961,0.964380698660683
736,219.242603987298,1.04700191973868,0.833691979921618,0.8324320706786,0.960831742925956
737,265.105841642347,1.15131629373154,0.794444901842945,0.792887666250846,0.962156433699792
738,124.461042861913,0.788863241829384,0.911751060704793,0.911082508134375,0.964740358934727
739,131.750053012692,0.811634317327367,0.908836635913885,0.908146004367778,0.967221137622812
740,176.378934988155,0.939092474115716,0.875556315506617,0.874613560321061,0.969105757015822
741,135.832232084342,0.82411234696594,0.909758349168938,0.909074700299005,0.967788804270527
742,198.855643297429,0.997135004142941,0.852455585260925,0.851337824543205,0.967096751982103
743,214.296881438159,1.03512530989769,0.834447571822425,0.833193386760474,0.960440004411594
744,401.867064521138,1.41751025485027,0.692129164100361,0.68979680928294,0.962790408556331
745,379.216717833774,1.37698351085584,0.721599016550024,0.719489918190555,0.964748620607887
746,227.499929979182,1.06653628625374,0.837596145437395,0.83636581320586,0.966244042561201
747,123.051614068116,0.784383879449713,0.918933890103817,0.918319752907633,0.968596538499295
748,109.224048328094,0.738999486901356,0.921570306107401,0.92097614175973,0.968072781178439
749,177.530739832176,0.942153755583917,0.888493124537777,0.887648375481245,0.972464983050519
750,328.697614616573,1.28198598786526,0.780613229528619,0.7789512085402,0.959503476836974
751,146.022344559311,0.854465752851779,0.8900565173963,0.88922361222506,0.96303781291379
752,222.165666561071,1.05395841132625,0.825264829626843,0.823941078336138,0.963637763105814
753,90.9681351970082,0.674418769004126,0.934219297478078,0.933720958822609,0.969662583989731
754,152.327291358731,0.87271785635087,0.881057127897189,0.880156045532774,0.967324000868636
755,188.279148190188,0.970255502922266,0.860917603813535,0.859863949296971,0.961855558416826
756,288.195023109545,1.20040622938559,0.76795027014903,0.766192317650159,0.96196762153042
757,123.372729990095,0.785406678065876,0.917626573411021,0.917002532300499,0.967182388742093
758,292.118371090394,1.20854948407253,0.754406056127764,0.752545495946914,0.957486711233123
759,113.525660488635,0.753411111175815,0.923365468023113,0.922784903386925,0.968381524016269
760,174.374414295569,0.933740901684104,0.86568213058682,0.864664570970053,0.962026073404271
761,293.39174798912,1.21118072142253,0.773488222013031,0.771772223694948,0.965169035786834
762,186.581629044931,0.965871702258977,0.875615424566451,0.874673117176803,0.965885165537374
763,209.630315956175,1.02379274259045,0.847323629959107,0.84616699079213,0.963907496887657
764,174.154341482436,0.933151492209158,0.864085378421312,0.863055722197231,0.961871439527377
765,96.2797102853286,0.693828906450749,0.932447977046895,0.93193621929725,0.970440173017718
766,169.53430233197,0.920690779610531,0.873243184248887,0.872282905341682,0.958214035476859
767,97.0520479855705,0.696606230181623,0.933443098378709,0.932938879427033,0.970359010842836
768,221.973533537805,1.05350257127784,0.842679342302099,0.841487519137721,0.968069716318821
769,180.051417251254,0.94881878472987,0.869751136806044,0.868764402993969,0.965964254159248
770,104.212667952341,0.721847172025843,0.930919674557921,0.930396338759118,0.967393884201583
771,238.762980374802,1.09261836973117,0.818250937730479,0.816874050895104,0.965860787970866
772,156.974092723889,0.885929152708864,0.884859485450556,0.883987208825182,0.965456908375045
773,183.777072591913,0.958585083839491,0.865567543849945,0.864549116151838,0.968917472253939
774,139.896144206937,0.836349640422406,0.898780617798183,0.898013804296654,0.962358720750288
775,125.093975232105,0.79086653498585,0.91690060091338,0.916271060011208,0.966173172581194
776,187.268934503446,0.967649044084286,0.873537410990371,0.872579361073631,0.965663385621849
777,196.956556185008,0.992362222641027,0.86502299206222,0.864000438971782,0.9673293122055
778,116.495405843811,0.763201827316376,0.916228744675265,0.915594113953108,0.965483474315187
779,157.451607270403,0.887275625920163,0.881732493937719,0.880836527982702,0.958701064571826
780,107.692001851645,0.733798343728183,0.924175650425999,0.923601223535287,0.970138687162113
781,320.574422461262,1.26604585711036,0.788682798278409,0.787081910386579,0.96876281521369
782,121.620082647403,0.779807933556087,0.92138953972526,0.9207940059353,0.969398992623844
783,198.864757576632,0.997157855047615,0.872789964889842,0.871826252502643,0.969802095267322
784,152.238318799442,0.87246294706263,0.908576430777003,0.907883827979859,0.970215747453679
785,119.331774394073,0.772436969577689,0.91153149478659,0.910861278838004,0.967091382628026
786,120.311228780533,0.77560050535225,0.903348196468405,0.90261598583559,0.961345427038475
787,249.367555910233,1.11661890524528,0.823954895612066,0.822621220578825,0.965091513392641
788,198.65179533937,0.99662378894789,0.856844147416513,0.85575963338179,0.967059393407602
789,316.223345010337,1.25742463990956,0.763680388117538,0.76189008802752,0.968340299935976
790,185.715205166009,0.963626497056845,0.865027026036034,0.864004503506004,0.964186090554714
791,140.514592878193,0.838196256488279,0.90425382729089,0.903528477497639,0.965998810542325
792,277.130292957205,1.17713697791974,0.79724819522036,0.795712196699302,0.969471414091563
793,288.498601530943,1.20103830399147,0.771675611877283,0.769945881664232,0.967481368763014
794,223.804291393025,1.05783810527184,0.840166262688364,0.838955401042064,0.969038666021789
795,318.311211152271,1.26156888664922,0.783716869038867,0.782078360470979,0.969796329186552
796,144.676464410334,0.850518854612683,0.887875935060135,0.887026510325742,0.960867998038255
797,199.885616425217,0.999714000165089,0.858069436071376,0.856994204526462,0.968217620925526
798,175.973519001469,0.938012577211705,0.881243161733935,0.880343488716767,0.967689542350785
799,194.108225232246,0.98516045706333,0.853467355388567,0.852357259596056,0.96407743153453
800,100.842192184989,0.710078137196846,0.930529805686895,0.930003516336038,0.97042358382441
801,277.895752010596,1.17876153655138,0.804092838634636,0.802608693472777,0.968336384975947
802,320.470738011863,1.26584109984599,0.778317661032191,0.776638249373344,0.967926192439967
803,215.6303470603,1.03834085699326,0.847518054795614,0.846362888544065,0.961551121177088
804,141.551415444793,0.841282994731241,0.896474828884871,0.895690547285514,0.966338474536471
805,123.147151420522,0.784688318444087,0.913443874264123,0.912788146038851,0.964391873136002
806,133.403544805284,0.816711530484554,0.907937331779648,0.907239887323434,0.963662178979544
807,203.808727604349,1.0094769130702,0.841043175506754,0.839838957139381,0.963189260009507
808,132.089462421881,0.812679095405687,0.90493425745512,0.904214062435841,0.961481553459618
809,275.692418885869,1.17407925389615,0.810579422133889,0.809144417756115,0.966952874870474
810,119.348165020016,0.77249001618149,0.915693530093548,0.915054844715469,0.969699925794947
811,180.403974807127,0.949747268506541,0.859669491518938,0.858606381606203,0.960471529087247
812,212.730049655325,1.03133420784759,0.843252651565599,0.842065171653217,0.965331131455039
813,129.379056950351,0.804298007427442,0.902702776854064,0.901965676678716,0.965608487857721
814,141.094084946587,0.839922868323594,0.898860151194835,0.898093940219038,0.964809766701962
815,100.375211002739,0.708432110377344,0.928002531332148,0.927457095963452,0.970880556487059
816,147.643471120526,0.859195760931482,0.902507468931962,0.901768889151143,0.971037115140692
817,197.857235672823,0.994628663554452,0.848117000235192,0.846966371449095,0.966643780751833
818,113.235404082861,0.752447353915412,0.919648120845925,0.919039394488697,0.967072408831185
819,185.58781943692,0.963295955137672,0.865475194812348,0.86445606750032,0.970415652961143
820,205.335764122034,1.01325160775109,0.865119838263877,0.864098018856785,0.967911896333735
821,184.490048974534,0.960442733780973,0.881974030856613,0.881079894726738,0.967803396644928
822,145.597862446065,0.853222897155441,0.89184763632022,0.891028300231737,0.96592657638386
823,96.9049750935491,0.696078210740535,0.934840067849755,0.934346432000132,0.968196800553242
824,124.760448287369,0.78981152272985,0.914476698685346,0.913828794887507,0.965440112442039
825,114.90624560971,0.757978382309515,0.913635059526824,0.912980779674755,0.968606565228993
826,215.179505293058,1.03725480305723,0.836791933385266,0.835555508638185,0.966087647152335
827,127.678582845749,0.798994940052028,0.906844605159633,0.906138882471449,0.963970203971576
828,381.451240837791,1.38103446886345,0.699260187782292,0.696981855871552,0.961959061137402
829,152.413437810486,0.87296459782309,0.892843620793103,0.892031830041536,0.965528608284823
830,323.470658694568,1.27175205660256,0.745606583595757,0.74367936074421,0.965412335677219
831,137.619661684085,0.829516912678955,0.901187293528187,0.900438712418552,0.963108749322943
832,118.901615835525,0.771043500185057,0.913054455476246,0.912395777108642,0.969312291902761
833,113.095813664348,0.751983422903551,0.925974622904775,0.925413824593448,0.969708002986663
834,159.02279673072,0.891691641574374,0.898723464848731,0.897956218370312,0.970185813307577
835,130.800971052439,0.808705666644048,0.899585826887514,0.898825113454844,0.971096172364108
836,207.306380046778,1.01810210697842,0.848543966250879,0.84739657205581,0.960443041077682
837,289.848216977241,1.20384429428652,0.813942713757702,0.812533188861927,0.971693408017434
838,246.20788467392,1.10952215992724,0.820389632938202,0.819028948339249,0.965638804407772
839,117.623013573138,0.766886606915057,0.920377160655814,0.919773957327448,0.968676707602346
840,204.621621764841,1.01148806657528,0.862923659114953,0.861885201987036,0.967359518262735
841,136.908840940895,0.827371866033933,0.907559692981383,0.906859387625181,0.964492959614629
842,310.403251036755,1.24579944420592,0.762855922694752,0.761059376654561,0.961484876737416
843,273.703684100534,1.16983692047339,0.786065012960433,0.784444293361649,0.966728297796282
844,109.004317784086,0.738255774728807,0.926066591349858,0.925506489769175,0.968435682031021
845,367.30571934106,1.3551858163017,0.72231593329252,0.720212266120494,0.959840271757254
846,180.976254830326,0.951252476554794,0.876380242315597,0.875443728999806,0.966567459113434
847,210.57420114492,1.02609502762882,0.847526264710303,0.846371160655078,0.966182628707249
848,136.232329051119,0.825325175464553,0.906961427112322,0.90625658943893,0.968067615632473
849,132.371815673315,0.813547219506388,0.90120989397868,0.900461484084579,0.964566904126374
850,160.947317380857,0.897071115856643,0.883775610710014,0.882895122912362,0.964846780721808
851,282.076698476555,1.18759567714891,0.801793271483019,0.800291705357891,0.964406196031994
852,366.418845778241,1.35354875379175,0.713389852050991,0.711218563051378,0.960695964707962
853,127.211400102651,0.79753181786889,0.897759453124366,0.896984903526823,0.967688908939634
854,179.561499735178,0.947527043770198,0.87558945716141,0.874646953048996,0.968118777690639
855,404.59323152527,1.4223101481837,0.74668192789463,0.744762851590802,0.968579807752516
856,136.261314749851,0.825412971638593,0.905954938642919,0.905242476056881,0.964209721188523
857,117.650745779184,0.766977006758299,0.92565145109178,0.925088204509142,0.970813915039927
858,116.224655239197,0.76231442082384,0.919434806037458,0.918824463658954,0.96616520911486
859,178.932047018201,0.945864808041299,0.885242590652542,0.884373216339304,0.972214705841248
860,160.168160228782,0.894897089694625,0.892889990210821,0.892078550742721,0.965125909399225
861,116.980534098274,0.764789298102013,0.923499459193176,0.922919909641609,0.96688952454676
862,134.174710234745,0.819068709678085,0.909273897188881,0.90858657822819,0.970409089332764
863,205.185267199923,1.01288021799205,0.859028552223816,0.857960586710361,0.96513619277503
864,104.26548774227,0.722030081583411,0.929358970718855,0.928823811406119,0.968027462968429
865,138.006590424363,0.830682220901479,0.909965534306524,0.909283455020968,0.97032395465894
866,150.162085114659,0.866493176876366,0.889164810626444,0.888325150100887,0.963533241535823
867,224.310144744264,1.05903291909238,0.834362660018652,0.83310783168546,0.966700841102735
868,296.907541102128,1.21841606420411,0.79551929680368,0.793970200567344,0.969721852014979
869,125.996173497293,0.793713340877212,0.91288810771396,0.912228169136036,0.966396152526298
870,199.493251949487,0.998732326375508,0.848893524517787,0.847748778491406,0.96364698573671
871,203.039701886541,1.00757059774127,0.85857007166191,0.857498632810864,0.969621827752325
872,137.017799419829,0.827701031229965,0.908196630566734,0.90750115049527,0.969022907201977
873,452.270465830535,1.50377934855905,0.637572287468118,0.63482662297924,0.963325748092652
874,123.576466470412,0.786054916880532,0.915130021924708,0.91448706754535,0.970947027550406
875,171.85005704476,0.92695754229835,0.873824886120538,0.872869014045694,0.967383285797023
876,145.14798626312,0.851903710119637,0.898335495182867,0.897565309540313,0.969149971700456
877,264.112080166497,1.14915638658648,0.819106998195804,0.817736596666985,0.968235522672345
878,138.454770828191,0.832029959881828,0.91381844532317,0.913165554757436,0.971448945857343
879,107.878035657918,0.734431874505449,0.930119019637347,0.929589618270963,0.969097669532745
880,216.905892741964,1.04140744365969,0.835037001633056,0.833787281948458,0.965494083638533
881,146.06779385382,0.854598718270218,0.900455448408456,0.899701323017611,0.968676137705799
882,183.341751204024,0.957449087952,0.865104114744206,0.864082176219541,0.967400846287502
883,152.034617615959,0.87187905587862,0.881616857256429,0.880720015265948,0.965719582646503
884,125.430367609,0.791929187519315,0.916485616491909,0.915852931768362,0.96794901713155
885,225.325076925359,1.0614261088869,0.81832450895403,0.816948179476409,0.965271409971822
886,113.011794393011,0.751704045462745,0.921566956679699,0.920972766957575,0.968287180134263
887,107.227364850781,0.732213646590875,0.932021636723686,0.931506649123107,0.977252013301309
888,123.344076184244,0.78531546586147,0.912608065117328,0.91194600500458,0.966500860045906
889,111.809434357581,0.747694571190607,0.925811246207824,0.925249210194246,0.967907273089267
890,173.4498342072,0.931262138732161,0.879560145923712,0.87864772278677,0.967805560991967
891,204.137688555089,1.01029126630663,0.848992464939299,0.847848468461566,0.960891348222433
892,135.277953625139,0.822429187301676,0.894046226976128,0.893243546877462,0.964036558390117
893,165.450112800962,0.909533157177246,0.898955872842339,0.898190387030538,0.971977425023643
894,105.321993097478,0.725678968613112,0.930580900895149,0.930054998629203,0.969561403567134
895,148.719540765723,0.862321114103451,0.890478289960895,0.889648580036356,0.966827422505543
896,148.52368595309,0.861753114160576,0.891144521020243,0.890319858300699,0.965563347733181
897,142.510854279147,0.844129297794916,0.90072218281314,0.899970078137482,0.967868554894599
898,253.6014855451,1.12605835893416,0.827539398916542,0.826232879211364,0.969070616629893
899,231.216003339052,1.07521161484392,0.820391091822711,0.819030418275913,0.961521171453478
900,123.518501894594,0.785870542438747,0.914823186534429,0.914177907644538,0.969677531374623
901,229.758198271439,1.07181667805516,0.834804154536389,0.833552670858634,0.969629349411265
902,145.625126569063,0.85330277911496,0.893746756261966,0.892941807445769,0.9641916454763
903,204.110911476973,1.01022500334572,0.859003573952687,0.857935419209905,0.963901499542404
904,118.57320143168,0.769977926409841,0.916642411381966,0.916010914498496,0.965594310662571
905,140.640419572621,0.838571462585691,0.893756432188266,0.89295155667454,0.967303043866215
906,161.105798282562,0.897512669221339,0.893476844915647,0.892669851316523,0.966233020251548
907,158.129930138572,0.889184823696886,0.901342119717517,0.900594711533559,0.969898553959076
908,114.803584527838,0.75763970503082,0.916251243872184,0.915616783598489,0.966020644842909
909,145.598137761065,0.853223703846373,0.909107799634961,0.908419222359468,0.971406889717782
910,97.0510748899823,0.696602737900097,0.934601313659001,0.934105869065509,0.970288589994016
911,115.378033776145,0.759532862278338,0.924641531823748,0.924070634337564,0.967380447743254
912,197.979688431792,0.99493640106238,0.861378678043767,0.860328516513796,0.96652354639576
913,189.150388597957,0.972497785596341,0.857908436788937,0.85683198555249,0.966433793839369
914,87.0185493878774,0.659615605439552,0.940290393986544,0.939838048486442,0.971753275586878
915,234.615997840882,1.08308817240537,0.83211513342242,0.83084327837259,0.963220938113993
916,108.994660044617,0.738223069419458,0.918362161189472,0.917743692713635,0.967374520009482
917,204.6991227218,1.01167960027323,0.859423251533229,0.858358276166057,0.964359205806568
918,110.426085681891,0.743054795024873,0.925814656650494,0.925252646473604,0.971515490288915
919,124.740889442284,0.789749610453476,0.91062487878124,0.909947794529583,0.967477489783174
920,185.681328195464,0.963538603781561,0.862766361692151,0.861726712917091,0.965469028315437
921,176.413188968477,0.939183658739006,0.877202646844976,0.876272363866529,0.968133610427178
922,136.821848825885,0.827108967506352,0.902357844609834,0.901618131311424,0.969376012258114
923,280.701135423636,1.18469644935662,0.781203522437926,0.779545973365486,0.967030179459862
924,101.231642977904,0.711447970613115,0.928587303015365,0.928046297735178,0.970352212681753
925,141.270168837717,0.840446812230605,0.907270164568274,0.906567665815003,0.97172891399375
926,166.860307086781,0.913401081362348,0.885023142561615,0.88415210576284,0.966985305161721
927,155.540887605887,0.881875522978971,0.895389425474739,0.894596921122275,0.971035847389103
928,263.171768880498,1.14710890694933,0.81636401899008,0.814972837315763,0.96582415698745
929,155.184238450312,0.880863889742086,0.901415169029527,0.900668314249448,0.96703607369464
930,96.5157262368966,0.694678797131799,0.938714863829921,0.9382505824953,0.974402734742894
931,236.412685638583,1.08722740408477,0.827205834719767,0.825896788013099,0.964087093189914
932,134.661802377598,0.820554088337867,0.900304055333904,0.899548783025828,0.965042327268159
933,255.140556881156,1.1294701343576,0.810219948536494,0.808782220873892,0.965896128074315
934,195.586269527452,0.988904114480905,0.865344010206778,0.864323889071981,0.967517758790411
935,140.333477848782,0.837655889517833,0.890548157939949,0.889718977318282,0.966478123434327
936,110.360036854791,0.742832541205591,0.911016217843551,0.910342098281759,0.966336338661331
937,109.557196784317,0.740125654143664,0.919381522240488,0.918770776196855,0.966930644593305
938,123.953375582687,0.787252740810366,0.908948773750079,0.908258991733034,0.967167234179668
939,195.065183729531,0.987585904439536,0.875100506533611,0.874154298249775,0.970695186393547
940,113.546822338346,0.753481328031244,0.923039672396998,0.922456639612127,0.968346098865297
941,96.7731883807727,0.695604731082145,0.936506386328895,0.936025374104114,0.973199195036796
942,104.611196859851,0.723226094868857,0.931454775196169,0.930935493190079,0.96968440015268
943,124.103614294496,0.787729694420924,0.905583102262982,0.904867822734671,0.962450366643845
944,144.43733199041,0.849815662336281,0.894735332397852,0.893937872794806,0.966690789456744
945,214.143110931489,1.03475386187124,0.841654693004584,0.840455107345528,0.96550835912617
946,114.818719550508,0.757689644744165,0.924867310223276,0.924298123179513,0.966512508398042
947,199.24066701583,0.998099862277894,0.85042918314998,0.849296070901116,0.962169055766387
948,103.005169764902,0.717653014223802,0.930570794336134,0.930044815505347,0.966607591049777
949,131.480704886977,0.810804245447004,0.907241652449309,0.906538937695137,0.967914628771674
950,119.316629266562,0.772387950665216,0.908937528223501,0.908247661013073,0.964933829481882
951,250.854766061352,1.11994367282768,0.795574061700301,0.794025380349546,0.964127716327536
952,104.860164367966,0.724086197796802,0.92184750957383,0.92125544525242,0.968613277032669
953,136.045689778924,0.824759630980213,0.901438503717446,0.900691825715306,0.969262219220299
954,318.910387829324,1.26275569258136,0.755015689228266,0.753159747479995,0.966270505597389
955,116.59419699278,0.763525366287134,0.918771544158023,0.918156177068311,0.967299799057819
956,99.6952920267224,0.706028653904083,0.932911748321635,0.932403503990738,0.970243782965093
957,111.330532199223,0.746091590219401,0.923882068529607,0.923305417533619,0.96766508168932
958,314.497351278727,1.25398833981566,0.786087317061533,0.784466766433211,0.972069399908725
959,144.583903584743,0.850246739437275,0.899081069263613,0.89831653190955,0.967048222697438
960,156.516950542546,0.884638204416205,0.886929726913234,0.886073133935304,0.968268182059604
961,128.942895666067,0.80294114250693,0.913987200687884,0.913335588571884,0.967227651824986
962,241.781344174901,1.09950294264022,0.826935712041284,0.825624618950688,0.968517526843246
963,120.462059423335,0.776086526823313,0.915495438853498,0.914855252784206,0.962649006885239
964,163.845541908733,0.905111987294205,0.87485562289308,0.873907559430149,0.968143185333766
965,109.373175739202,0.739503805734634,0.914989316509647,0.914345296180175,0.963765402261301
966,121.158835292516,0.778327807843573,0.918527144757205,0.917909926156881,0.968836280358997
967,145.08520185761,0.851719442826128,0.895336348447271,0.894543441996114,0.965001603694666
968,140.627076408137,0.838531682192561,0.903679045139349,0.902949340935859,0.968473389575453
969,161.10017110616,0.897496994719648,0.889721680030051,0.888886238212097,0.96264938082653
970,114.23903004629,0.755774536638705,0.913059399975702,0.912400759066427,0.963837679627853
971,111.043507426034,0.745129208345888,0.927277535744297,0.926726607984784,0.969226216075858
972,94.1590428202175,0.686145184418784,0.938547241278189,0.938081690075751,0.97151545976076
973,126.544965049555,0.795440019893251,0.913653491540281,0.912999351324677,0.964860856100413
974,115.043790207983,0.758431902704465,0.920010559344022,0.919404578732991,0.968231677586533
975,192.196072042082,0.980296057428781,0.854319291466748,0.853215649735435,0.964419046588986
976,225.020136147719,1.06070763207332,0.839040803983268,0.837821416134657,0.966213748093718
977,141.004067493422,0.839654891885417,0.893133351535837,0.892323755714139,0.967101727077748
978,349.150288776422,1.32126887645252,0.737340943741058,0.735351102405763,0.96292224339652
979,108.447242501582,0.736366900741681,0.923949348337719,0.923373207037247,0.963189946476682
980,107.029607492516,0.731538131243053,0.922629752657331,0.922043614419886,0.966462872780481
981,136.226030266171,0.825306095537199,0.902224398629171,0.901483674376362,0.966073149455924
982,233.713989468407,1.08100413844815,0.83698364233434,0.835748669927782,0.965921795518295
983,138.688466791209,0.832731849970953,0.910774623006929,0.910098673181224,0.968108362429042
984,161.511609725387,0.898642336320149,0.884354418394249,0.883478315503297,0.969178244309813
985,127.035005193608,0.796978686018665,0.905731410038571,0.905017254054015,0.964813152077056
986,131.919409212816,0.812155801594792,0.917696293081252,0.917072780150049,0.974288689367886
987,124.637412978619,0.789421981511218,0.918708009174438,0.918092160759093,0.968311599956507
988,139.369458217081,0.834773796357676,0.904882227160791,0.904161637972615,0.972369510258999
989,237.84535199823,1.09051673989497,0.832646400476926,0.831378570177509,0.967472721555449
990,200.330362851328,1.00082556634842,0.866962424944801,0.865954564527716,0.96643573015667
991,180.845788940293,0.950909535498234,0.859195161881128,0.858128458562046,0.965241224061793
992,235.800716695031,1.08581931437747,0.834032650859608,0.832775322457029,0.967856159287858
993,339.957701389278,1.30375937463413,0.727666034311731,0.725602898208032,0.967439658295663
994,116.702050271968,0.763878427081063,0.9145944684108,0.913947456807851,0.965952268067255
995,118.736168660593,0.770506874273661,0.906889836548239,0.906184456522089,0.95907345497306
996,159.95824985779,0.894310488191295,0.884748254851269,0.883875135569839,0.96881504919272
997,156.583818760112,0.884827154759934,0.894959855904395,0.894164097237004,0.96331232010665
998,240.206164469359,1.09591551788758,0.840951712562254,0.839746801293786,0.966418191754086
999,228.355900815561,1.06854082939203,0.841003422567921,0.83979890304192,0.970271175430216
1000,385.82585389388,1.38893098081561,0.71619718261381,0.714047161269975,0.96810935702808
