ID,MLR,ANN,GWR,GWANN,AGWNN
1,0.684212684,0.687571614,0.943306439,0.952234567,0.97002253
2,0.70288813,0.70739608,0.945387093,0.956614676,0.96511116
3,0.648656831,0.649265639,0.936470088,0.937255626,0.964001629
4,0.624318647,0.628889039,0.942074899,0.948293247,0.971116255
5,0.693382856,0.702556654,0.94160075,0.94878305,0.96527703
6,0.701483998,0.711991834,0.945284541,0.951150988,0.963744773
7,0.658732085,0.661296014,0.944908071,0.950112189,0.97123085
8,0.699125242,0.698442184,0.944138253,0.952073336,0.966910606
9,0.683346884,0.685008769,0.943541608,0.948662264,0.969292516
10,0.6659701,0.672577231,0.942528553,0.948579291,0.961425588
11,0.700132551,0.699979425,0.945331556,0.951925348,0.96992546
12,0.643841809,0.646308479,0.940224399,0.945733874,0.960761846
13,0.656753818,0.659046491,0.942775993,0.950671645,0.966507516
14,0.732987241,0.740850592,0.946272469,0.952374067,0.971591558
15,0.710644149,0.718850807,0.946466915,0.953669135,0.963790587
16,0.692678178,0.69734517,0.94393376,0.953225793,0.968732857
17,0.653323097,0.661619379,0.944728812,0.954433119,0.96873496
18,0.719935522,0.725712735,0.945017323,0.95301073,0.965624552
19,0.738427414,0.745975617,0.948282658,0.957326156,0.971168834
20,0.720167166,0.730349564,0.944350708,0.950147373,0.965910898
21,0.687354673,0.689260749,0.943217895,0.948864862,0.970041756
22,0.664828782,0.670311944,0.939874515,0.946748821,0.963946457
23,0.684592494,0.691757505,0.942844569,0.951568708,0.966850926
24,0.683428043,0.689426579,0.94542579,0.954635449,0.967359142
25,0.690872037,0.692526935,0.943202224,0.950511772,0.96671949
26,0.667146176,0.67278647,0.939851654,0.948777253,0.965315804
27,0.660853054,0.668774668,0.939051322,0.947116206,0.964796052
28,0.692773094,0.695603332,0.943468946,0.953668898,0.968385996
29,0.677243916,0.686774435,0.944880276,0.954253333,0.968173407
30,0.690717352,0.69385329,0.939829478,0.949187465,0.968174698
31,0.67116669,0.679586261,0.940039929,0.94637963,0.961040711
32,0.707750434,0.716234902,0.944753977,0.956939903,0.967566283
33,0.682659862,0.68590195,0.940770271,0.946974456,0.968555848
34,0.70536859,0.712226109,0.941869642,0.949311238,0.968138629
35,0.698951087,0.705343222,0.947086936,0.955476045,0.967002279
36,0.686698751,0.691587087,0.941858606,0.948356788,0.966021488
37,0.675660993,0.682618829,0.940586171,0.949495257,0.966929746
38,0.671806074,0.67571877,0.942477363,0.947909774,0.966926724
39,0.662630682,0.666014234,0.942165188,0.947329539,0.963656234
40,0.668264442,0.673907224,0.94171402,0.946323639,0.965865542
41,0.708629266,0.714390116,0.943783596,0.954564997,0.971437386
42,0.662990134,0.665611992,0.941764953,0.949936827,0.968867177
43,0.735730797,0.74773949,0.946246117,0.954397011,0.967328959
44,0.71772963,0.726275595,0.945128673,0.954695969,0.967431961
45,0.672886274,0.681399914,0.943699308,0.947301577,0.967758713
46,0.675530923,0.684358668,0.936729636,0.946210645,0.96364871
47,0.63821251,0.637383304,0.938075619,0.944221666,0.96019065
48,0.653271605,0.65608776,0.940475409,0.950605855,0.968241558
49,0.703918732,0.708865767,0.945118163,0.952189455,0.968326721
50,0.688377963,0.700934659,0.942305992,0.951179929,0.969213153
51,0.684704945,0.691382235,0.940081939,0.943051662,0.963073872
52,0.736642115,0.744708262,0.94550709,0.953757477,0.973789814
53,0.682528423,0.691465923,0.937987169,0.945562616,0.966756478
54,0.708405092,0.718282427,0.946083801,0.953869302,0.965884077
55,0.701641126,0.705754167,0.945648175,0.951859012,0.96681197
56,0.655717885,0.659799047,0.938939191,0.944460785,0.963277413
57,0.712247963,0.720471962,0.947796436,0.958603172,0.967658926
58,0.678251114,0.685125459,0.942952185,0.949907823,0.968769528
59,0.683527878,0.690512959,0.940195483,0.945296484,0.970118148
60,0.723935376,0.735091379,0.943464263,0.953123179,0.971545045
61,0.737319147,0.747944906,0.945972972,0.954364165,0.972289843
62,0.692755095,0.697087394,0.943553516,0.95037827,0.96901483
63,0.693708085,0.698954182,0.942907081,0.95029637,0.966404616
64,0.654845628,0.659733815,0.936110625,0.944883854,0.95983828
65,0.691771121,0.6913553,0.944775013,0.950750519,0.967757898
66,0.687869073,0.696396047,0.946212445,0.952625697,0.969455661
67,0.625518104,0.62643957,0.940008364,0.9468394,0.962135147
68,0.681270798,0.687843796,0.943547772,0.952771882,0.963110457
69,0.63708653,0.639843564,0.941720089,0.951180966,0.964416105
70,0.702416897,0.709058818,0.943589083,0.953220937,0.963317538
71,0.700533759,0.70764321,0.944809026,0.951555268,0.971519183
72,0.717873521,0.725641164,0.945623571,0.950863434,0.965814478
73,0.67719912,0.679950853,0.944763474,0.950697391,0.9696383
74,0.711123304,0.720788667,0.946585443,0.956849117,0.967632078
75,0.670392574,0.675730864,0.942314304,0.94804869,0.968146171
76,0.700552324,0.707219895,0.94522767,0.9529937,0.970326299
77,0.671588834,0.67700815,0.943395679,0.94910552,0.967807312
78,0.707095895,0.717145066,0.942566044,0.94756287,0.966839824
79,0.686335867,0.693321385,0.946079797,0.955040132,0.962531468
80,0.679261247,0.688975885,0.9427109,0.95147443,0.966699686
81,0.709045178,0.715875754,0.944748878,0.949955063,0.970863296
82,0.696554012,0.706303708,0.943909902,0.952001581,0.96728946
83,0.672737845,0.674086199,0.94085254,0.946036397,0.956706039
84,0.683132574,0.691935059,0.945642265,0.952286566,0.970234953
85,0.64393682,0.655212846,0.944373813,0.953691222,0.963466609
86,0.710093063,0.720496334,0.944691827,0.951150368,0.964035973
87,0.697583309,0.703304614,0.944090742,0.951338292,0.966573692
88,0.677107004,0.681523839,0.944609551,0.951887941,0.968312912
89,0.676923353,0.685685012,0.941801013,0.949728523,0.967837005
90,0.689142691,0.695909558,0.943341285,0.951824839,0.964181237
91,0.696911393,0.700312099,0.94390104,0.949542375,0.967283068
92,0.716724919,0.723999868,0.948436342,0.957555346,0.968950515
93,0.705986254,0.71484216,0.949051827,0.959015383,0.972681203
94,0.687009476,0.695893462,0.944930104,0.952715433,0.971820123
95,0.649147912,0.655479622,0.939551355,0.949385825,0.963517858
96,0.657448541,0.663606362,0.944959682,0.954256358,0.961190266
97,0.735515029,0.74574147,0.948484338,0.956327623,0.975143564
98,0.654835758,0.662275551,0.943939872,0.950339745,0.962486154
99,0.688091407,0.697922808,0.946023862,0.953338916,0.971222351
100,0.695267748,0.701418935,0.941133586,0.946358423,0.971729962
101,0.71742142,0.722210303,0.946752763,0.953042227,0.971418678
102,0.692939574,0.698525006,0.938364256,0.948264691,0.966647546
103,0.690671536,0.702033294,0.946759469,0.956546252,0.96632096
104,0.676202436,0.683581009,0.941394535,0.949971401,0.965241069
105,0.685156782,0.690201858,0.943192771,0.948194513,0.97006339
106,0.722893532,0.726940131,0.947919215,0.956284176,0.968644352
107,0.632293447,0.634691854,0.938375214,0.94556237,0.965792132
108,0.664684992,0.671439482,0.939976032,0.943785487,0.963324496
109,0.704671055,0.711214256,0.944525478,0.951585906,0.968448952
110,0.693542442,0.698353137,0.941994882,0.950152225,0.964280092
111,0.687019365,0.693754308,0.941791438,0.947138549,0.962713356
112,0.697406381,0.70172184,0.946024464,0.952043401,0.970000789
113,0.701521965,0.706038473,0.942932791,0.948938084,0.962621938
114,0.702315138,0.710735939,0.943586833,0.952499605,0.970039771
115,0.680366177,0.688077592,0.943771713,0.952098807,0.966807614
116,0.687672285,0.692067229,0.942593197,0.947532239,0.967671372
117,0.657611289,0.665837753,0.943038126,0.948033055,0.968623559
118,0.697015538,0.706071551,0.944611017,0.953530607,0.969812284
119,0.736531055,0.743839593,0.946517751,0.958434158,0.97140376
120,0.71526461,0.721676611,0.942936256,0.950150703,0.972649632
121,0.674962119,0.677625747,0.942535275,0.947292729,0.968107068
122,0.648356808,0.650851715,0.939449647,0.94836938,0.96171141
123,0.666399142,0.674097155,0.941157382,0.950622063,0.964633411
124,0.652921454,0.65613373,0.943685648,0.952467633,0.966222058
125,0.72544872,0.726222989,0.944251179,0.954500747,0.964108398
126,0.681511876,0.686047996,0.940158695,0.948624352,0.964951188
127,0.667153214,0.674998068,0.941653349,0.945815984,0.963477596
128,0.725852385,0.734705952,0.945057099,0.953545167,0.971182811
129,0.654914674,0.65761014,0.942042879,0.952299712,0.968957478
130,0.674551765,0.67603314,0.943265918,0.948515687,0.968098955
131,0.667379552,0.669038012,0.943639885,0.948152969,0.964892232
132,0.699046644,0.707923727,0.945638173,0.955609755,0.969823888
133,0.690917098,0.695167925,0.945267111,0.954413717,0.963901708
134,0.69126469,0.693342921,0.942492471,0.950300142,0.967166463
135,0.724716976,0.729749496,0.946677089,0.953248088,0.96825602
136,0.665291336,0.671026164,0.942893649,0.946472824,0.968761063
137,0.697114187,0.701827493,0.939479916,0.946480417,0.96285315
138,0.680295459,0.682861684,0.943348163,0.949951151,0.9657571
139,0.689396429,0.691811684,0.944346971,0.9504958,0.96565353
140,0.684809079,0.688254714,0.941601058,0.949506792,0.965946632
141,0.722991151,0.729110334,0.946743428,0.954992009,0.96872765
142,0.691420162,0.693266068,0.9427465,0.951351743,0.969834298
143,0.689214664,0.698182994,0.944804746,0.94730811,0.967992313
144,0.667008911,0.67152486,0.93745131,0.947648982,0.965935441
145,0.712296576,0.720054118,0.945065945,0.95408037,0.966350481
146,0.712029871,0.723068982,0.943640301,0.947569847,0.967571853
147,0.705381185,0.712041714,0.945932663,0.95298381,0.969979115
148,0.683958352,0.691309027,0.939670877,0.946602883,0.962366364
149,0.653059,0.655128576,0.941598112,0.950492979,0.967841777
150,0.71478317,0.716794064,0.942905648,0.950608674,0.969480739
151,0.685407622,0.689912101,0.940022661,0.948509685,0.967314667
152,0.694181583,0.700064775,0.946967058,0.955062608,0.969091282
153,0.744585603,0.753987086,0.943831968,0.950373109,0.96689408
154,0.679397699,0.68588944,0.938673817,0.947246712,0.966803097
155,0.695309505,0.70213059,0.943838328,0.950391189,0.968125682
156,0.605506097,0.610002823,0.93851375,0.940943715,0.963186374
157,0.689961724,0.691282221,0.94558905,0.953866057,0.969771338
158,0.712233358,0.716316705,0.942083639,0.94776418,0.965034005
159,0.642940683,0.643799873,0.940026883,0.950765794,0.964851419
160,0.671335229,0.672871201,0.93704998,0.946021028,0.961112992
161,0.694896137,0.701940208,0.945440926,0.950900232,0.969019197
162,0.712628025,0.72126118,0.944940036,0.952705097,0.969489493
163,0.689928459,0.694218738,0.944464903,0.950673383,0.970262183
164,0.718118531,0.730620587,0.947322703,0.956273168,0.96886931
165,0.716163017,0.719930883,0.943548412,0.947250199,0.968187398
166,0.666853365,0.668018028,0.944836712,0.954522339,0.964825203
167,0.685134423,0.687617022,0.944590738,0.953838396,0.961010827
168,0.682544979,0.690062789,0.942614219,0.94623948,0.967261519
169,0.685253035,0.690295615,0.942756082,0.952465219,0.968931341
170,0.674214816,0.678436971,0.943639197,0.949721417,0.963182682
171,0.741414774,0.74965523,0.946447158,0.956066497,0.96680551
172,0.677443654,0.684660035,0.943792263,0.951512975,0.969207268
173,0.719906468,0.729025885,0.945212848,0.955260747,0.967470221
174,0.707157749,0.718402038,0.945897177,0.954251766,0.969179206
175,0.671459967,0.680654561,0.939132543,0.946777117,0.963615296
176,0.735472165,0.742742015,0.945893609,0.957301946,0.970764247
177,0.662186923,0.668134738,0.93857568,0.947852708,0.966205692
178,0.651662552,0.661498192,0.938551423,0.944123513,0.96707821
179,0.663863449,0.665383221,0.943040863,0.951612228,0.9676544
180,0.640492836,0.641218257,0.942512011,0.949179271,0.966510081
181,0.687040734,0.693348049,0.942872614,0.94930661,0.967642746
182,0.662821495,0.666936195,0.940054539,0.949121217,0.962908749
183,0.684345784,0.689742341,0.942891173,0.950577069,0.96414054
184,0.718697019,0.719902029,0.945077018,0.951269737,0.968895263
185,0.69160426,0.694443613,0.93939767,0.94546239,0.969333439
186,0.682042767,0.68848963,0.945178091,0.953933724,0.96218474
187,0.740373141,0.745574186,0.945319842,0.950152499,0.966396556
188,0.656375957,0.664920235,0.942415203,0.950800025,0.966914597
189,0.624786277,0.626909346,0.936544078,0.943515109,0.965634293
190,0.698168608,0.707727446,0.945520871,0.955325554,0.971121293
191,0.694061003,0.700525308,0.944662619,0.955795243,0.97030851
192,0.708589919,0.720573435,0.940861449,0.950783553,0.96166544
193,0.690199936,0.699355764,0.944402922,0.952753549,0.96838708
194,0.659185725,0.66924469,0.940694268,0.946187839,0.966121368
195,0.700997162,0.704814439,0.943653442,0.952273233,0.967157958
196,0.694152231,0.699003196,0.94458291,0.953036459,0.967461096
197,0.694099003,0.70170639,0.94164923,0.949907827,0.962332166
198,0.721782947,0.731638779,0.946839568,0.956899668,0.969522573
199,0.735123404,0.743685525,0.945156184,0.952839687,0.968475081
200,0.692796237,0.698585071,0.945697993,0.953974215,0.967634376
201,0.70507966,0.711374757,0.939853449,0.946324458,0.966841829
202,0.70104256,0.70884924,0.942161383,0.950018022,0.962650187
203,0.703874919,0.710924394,0.945426418,0.952777816,0.966098004
204,0.668150966,0.669861351,0.94095604,0.947189573,0.963177937
205,0.668025836,0.67885964,0.93968732,0.944379595,0.96748583
206,0.647197563,0.650541687,0.940394703,0.94763456,0.964504966
207,0.720407296,0.722628313,0.943531886,0.950622043,0.966758579
208,0.646625292,0.653072609,0.938202567,0.943634086,0.965293957
209,0.716203709,0.723784396,0.94765568,0.956478697,0.971160258
210,0.682422491,0.68617511,0.943912666,0.950256376,0.969321598
211,0.641114422,0.646203929,0.940689261,0.946910563,0.962113013
212,0.716475238,0.721313828,0.947298575,0.95317701,0.96982096
213,0.668638568,0.674980657,0.938111899,0.944546109,0.965657088
214,0.661092756,0.664514008,0.942431351,0.952575498,0.967783742
215,0.709308878,0.713810257,0.940158937,0.948310188,0.961880918
216,0.693721249,0.696729725,0.94075539,0.94837578,0.966444171
217,0.660107243,0.664376574,0.941338242,0.949547904,0.963394236
218,0.723222115,0.732995028,0.947914269,0.959672697,0.973466019
219,0.704492137,0.71361804,0.947174677,0.955639958,0.965323475
220,0.662402021,0.669067968,0.941157201,0.948809116,0.967974551
221,0.683376769,0.69277347,0.941452706,0.949721695,0.963517352
222,0.640018214,0.645501391,0.942696315,0.952263803,0.967296894
223,0.680138362,0.680881368,0.942267765,0.949613156,0.965459948
224,0.717065066,0.72685894,0.947046516,0.955394762,0.966545086
225,0.684260176,0.684648823,0.941446936,0.95115218,0.963088721
226,0.70789748,0.709935274,0.94415535,0.952747091,0.971980682
227,0.674892348,0.677978801,0.943492446,0.948079388,0.964483965
228,0.670623824,0.674851639,0.942044958,0.949421111,0.969177638
229,0.657325974,0.662852736,0.938675418,0.946615717,0.961933797
230,0.691902386,0.699777572,0.944962915,0.95362778,0.962761612
231,0.691558043,0.697597257,0.940831253,0.949797166,0.96455543
232,0.699380252,0.708876535,0.944688369,0.952505271,0.970586686
233,0.668520023,0.670188339,0.943480322,0.952517816,0.968820072
234,0.676344276,0.686768247,0.942371811,0.94966064,0.964713519
235,0.641905386,0.64305597,0.939460766,0.947573463,0.967177214
236,0.726232598,0.73414864,0.946952321,0.953419286,0.969042478
237,0.665846231,0.669237993,0.936009259,0.940796711,0.963315212
238,0.665865076,0.669262435,0.938036123,0.943447928,0.969493618
239,0.653853573,0.663777338,0.943208696,0.948760171,0.960490253
240,0.645395091,0.649351831,0.94148786,0.951338725,0.965172111
241,0.71081843,0.717073961,0.949496607,0.955884069,0.968295695
242,0.692159995,0.69467599,0.944944975,0.954601432,0.969766387
243,0.69406575,0.700796428,0.944698897,0.952975294,0.968458151
244,0.684380987,0.694897151,0.945307355,0.956006055,0.969101106
245,0.718592014,0.726593983,0.943759635,0.953648322,0.968132856
246,0.628191318,0.6293355,0.940584782,0.947098541,0.96484778
247,0.671208589,0.679702898,0.944103468,0.952388144,0.969936559
248,0.686713605,0.6911456,0.944532713,0.950868385,0.967406831
249,0.75588969,0.763462079,0.94990306,0.960889504,0.971184361
250,0.675200215,0.681994702,0.943195395,0.948678141,0.968663409
251,0.674564712,0.676982692,0.942631445,0.951395727,0.968652543
252,0.657204669,0.661265506,0.941096365,0.951307092,0.96271839
253,0.702586601,0.706016439,0.945409725,0.952975935,0.969659779
254,0.744077166,0.750733132,0.947552911,0.956921123,0.969503869
255,0.712841491,0.717731494,0.947434,0.955928358,0.971035915
256,0.71507958,0.727149578,0.944024103,0.952920531,0.968471831
257,0.7177099,0.725956123,0.945951383,0.954529629,0.968419793
258,0.735407292,0.743724349,0.945745403,0.952243913,0.967587913
259,0.733114296,0.739939933,0.947623545,0.956770967,0.968179288
260,0.645847022,0.645011315,0.940510773,0.947992302,0.967356459
261,0.67551127,0.683958504,0.943110577,0.952617286,0.969062779
262,0.625549287,0.63029559,0.938341103,0.944572507,0.966865883
263,0.670858139,0.679069611,0.945375297,0.950364796,0.967100632
264,0.711513121,0.721554686,0.940169777,0.948717078,0.966088169
265,0.686215647,0.690384318,0.941378088,0.948804698,0.967555492
266,0.669193831,0.675751628,0.944823546,0.95690982,0.96533445
267,0.69302532,0.696185409,0.944082442,0.951578322,0.968783629
268,0.673745312,0.678479329,0.94193474,0.950166717,0.971767419
269,0.699644885,0.704021842,0.944661586,0.952061866,0.965691229
270,0.648771864,0.653049058,0.944355112,0.953375514,0.968334712
271,0.659823263,0.66584263,0.940026918,0.948471634,0.965865386
272,0.67257106,0.676378235,0.942214315,0.94874653,0.967818978
273,0.704407943,0.708337921,0.94706691,0.956074445,0.969421462
274,0.714947522,0.725104733,0.948038494,0.958300161,0.967000252
275,0.662353069,0.666929924,0.940661397,0.950683436,0.965743384
276,0.671476527,0.680228479,0.935430349,0.941134383,0.961868015
277,0.670819396,0.67586593,0.939479569,0.9451908,0.963227959
278,0.653811948,0.654436923,0.942527528,0.948918915,0.966247382
279,0.66710975,0.670556897,0.942226369,0.952136057,0.96820131
280,0.681159157,0.68393774,0.946756271,0.954235478,0.966425333
281,0.707906423,0.714811358,0.945826201,0.952611143,0.971782473
282,0.696653146,0.706541597,0.94093759,0.947550141,0.966274126
283,0.667849377,0.672969941,0.945051343,0.954127976,0.968786791
284,0.679441132,0.688071364,0.943228344,0.951946808,0.970515119
285,0.670731289,0.680162382,0.940790237,0.949952455,0.965066528
286,0.702287535,0.710361617,0.941908283,0.952577083,0.972295488
287,0.731414052,0.736428609,0.947352683,0.954292737,0.967927622
288,0.715878752,0.722416245,0.94361864,0.951913037,0.96590742
289,0.682363567,0.68720069,0.944694832,0.950608461,0.963907609
290,0.69527294,0.702239394,0.941244137,0.947587746,0.964644936
291,0.724684888,0.731028145,0.941250008,0.94877595,0.967470474
292,0.698533406,0.704173072,0.945171746,0.952787503,0.965765036
293,0.683294575,0.69052272,0.943870423,0.951741168,0.963775409
294,0.66142375,0.667396722,0.943489236,0.950579268,0.967089196
295,0.675662519,0.682092995,0.942433385,0.945776666,0.964287876
296,0.646763297,0.648607407,0.940393926,0.946522369,0.961275673
297,0.681771345,0.690113761,0.944727237,0.953631818,0.970282775
298,0.728234693,0.735357085,0.943121708,0.949757654,0.96606845
299,0.687638057,0.698026652,0.946666712,0.952024944,0.973738791
300,0.694475332,0.700963975,0.941822795,0.949495879,0.965753033
301,0.68781492,0.696116121,0.944470363,0.951984992,0.965682431
302,0.636566326,0.639309007,0.938885208,0.947042014,0.963452162
303,0.616491377,0.624721438,0.937275062,0.941617348,0.963193418
304,0.722949326,0.726135397,0.94247367,0.9506546,0.966263691
305,0.697982808,0.706925022,0.944864546,0.952604056,0.96907638
306,0.631543697,0.636866263,0.936736203,0.945313062,0.962533305
307,0.681213118,0.689442453,0.94498537,0.952553483,0.963004089
308,0.658880775,0.66457279,0.943624818,0.951411657,0.966611327
309,0.692714785,0.701297133,0.944221735,0.94966485,0.966984615
310,0.666519869,0.669518277,0.942457119,0.949240107,0.966189022
311,0.663250956,0.669621026,0.938319863,0.94517266,0.962790737
312,0.683430302,0.691731194,0.945255364,0.95373435,0.969615757
313,0.678645439,0.683027557,0.939755811,0.948020693,0.967048956
314,0.693376216,0.697359704,0.943575691,0.949258824,0.968077084
315,0.702647361,0.706075974,0.944234523,0.95476994,0.972377751
316,0.694474096,0.703886424,0.945092134,0.949683894,0.970025086
317,0.676320401,0.681824281,0.938849902,0.945683257,0.967204224
318,0.657305303,0.663357332,0.939299433,0.946573622,0.962171335
319,0.685259186,0.69230366,0.941894008,0.949859789,0.97201983
320,0.72839821,0.739236601,0.946015196,0.955003312,0.970465402
321,0.710299122,0.718504162,0.940033982,0.944413583,0.963741282
322,0.656515639,0.663191516,0.940569002,0.94889251,0.966158603
323,0.707649012,0.71655101,0.94591345,0.952977175,0.972041753
324,0.707476253,0.71726443,0.947277944,0.958221348,0.966030099
325,0.695134126,0.698010904,0.946305375,0.953698932,0.968748838
326,0.686305522,0.694882478,0.946636357,0.955363016,0.968268397
327,0.687469823,0.693269208,0.942810354,0.948904306,0.968210409
328,0.72323317,0.733043695,0.945289799,0.953668312,0.972546431
329,0.693334114,0.700862063,0.942387682,0.949628007,0.96036617
330,0.65753876,0.657953907,0.940151042,0.949167822,0.965448204
331,0.667868264,0.669864685,0.942395606,0.949811237,0.968810275
332,0.690292152,0.693031934,0.941717494,0.949587227,0.960542676
333,0.710701708,0.721689753,0.943434067,0.947641433,0.966439409
334,0.702412178,0.703458065,0.941639333,0.949980508,0.968252675
335,0.70300087,0.713921396,0.947168413,0.956280509,0.964812555
336,0.701512038,0.707019724,0.944329718,0.951639873,0.971414489
337,0.734450673,0.743555069,0.94552762,0.949452344,0.968850985
338,0.697689193,0.701836874,0.942818618,0.949239908,0.967580787
339,0.73047243,0.737553025,0.945404805,0.955892468,0.968592362
340,0.714381731,0.717321161,0.946600473,0.954655548,0.971406524
341,0.670986999,0.680613927,0.940776453,0.945894409,0.964269391
342,0.660533864,0.662111914,0.940162778,0.944148497,0.957948521
343,0.706588428,0.713558133,0.947133746,0.955622382,0.974183888
344,0.651777142,0.659462416,0.942367916,0.950048634,0.971326411
345,0.681703069,0.688797738,0.943080814,0.946284808,0.968297142
346,0.700532565,0.708874275,0.944211477,0.955365219,0.964968051
347,0.720078057,0.729985188,0.946468359,0.954282537,0.972997313
348,0.684831724,0.692911967,0.945737654,0.95580849,0.968710699
349,0.67432417,0.675385611,0.94320702,0.953587552,0.968622583
350,0.670351967,0.677004633,0.944648294,0.954085379,0.969702057
351,0.687698042,0.695150851,0.942052985,0.952002875,0.966154252
352,0.723330104,0.730389633,0.946191352,0.954260031,0.964725085
353,0.726357929,0.730331506,0.944126373,0.948624861,0.968756277
354,0.695704844,0.703235736,0.941049843,0.949193475,0.967239887
355,0.728422872,0.731623722,0.940860592,0.948393729,0.962711033
356,0.667745925,0.671843233,0.941069277,0.950378609,0.967286204
357,0.724839994,0.732567699,0.944629643,0.955787935,0.968041343
358,0.65017393,0.656035356,0.940973896,0.949878127,0.962838279
359,0.647584683,0.647326129,0.940965285,0.94753908,0.965866502
360,0.677109363,0.677891857,0.945231458,0.953496041,0.964065667
361,0.72723497,0.732989368,0.944212265,0.955923518,0.968475341
362,0.717921308,0.724302531,0.945876765,0.955158195,0.968647981
363,0.707204925,0.712684698,0.94289018,0.953949803,0.966284295
364,0.707384791,0.715355233,0.941318422,0.953675193,0.971009934
365,0.691583573,0.697077325,0.946352332,0.953216837,0.966886749
366,0.734514989,0.740073969,0.946793819,0.954977696,0.970810381
367,0.726379638,0.729885422,0.944953447,0.95324305,0.968228008
368,0.691365543,0.695418665,0.943112767,0.951087922,0.970691885
369,0.639932489,0.641176816,0.94116481,0.94640894,0.967949761
370,0.66270093,0.666362366,0.94528448,0.953569974,0.96947087
371,0.693566425,0.697074885,0.943519594,0.950463554,0.961334123
372,0.678083333,0.680299649,0.944746527,0.952898828,0.965349055
373,0.712343088,0.720289271,0.946391964,0.95143068,0.969571731
374,0.714680122,0.721708948,0.941672486,0.94888404,0.96737254
375,0.714332916,0.722464056,0.944460356,0.952687124,0.966275229
376,0.649723197,0.655718314,0.936404341,0.943101191,0.964728702
377,0.682183372,0.687976905,0.94325052,0.952171209,0.966188669
378,0.675034014,0.674833086,0.939743552,0.94607098,0.967328757
379,0.668271279,0.674448992,0.939894579,0.947478758,0.966593764
380,0.69661575,0.705437695,0.945143908,0.952858075,0.970202999
381,0.657688299,0.661685211,0.94333507,0.951518838,0.967542625
382,0.688237199,0.693655752,0.942460694,0.950110842,0.966376072
383,0.661942751,0.669215285,0.94207675,0.951130733,0.964796892
384,0.6657667,0.672649723,0.943606484,0.95061875,0.9649662
385,0.670260989,0.6734134,0.942641575,0.948312074,0.966109228
386,0.731976479,0.739236084,0.946550799,0.955571296,0.969805652
387,0.699607967,0.70624218,0.945320617,0.952056306,0.966328662
388,0.678608878,0.685888626,0.94519665,0.951035036,0.965752079
389,0.67216596,0.675514474,0.943434731,0.95047867,0.970429498
390,0.707780093,0.713747361,0.946832075,0.955192209,0.969661564
391,0.682112326,0.687565042,0.947089763,0.951747787,0.971384966
392,0.647884827,0.652096327,0.93979547,0.94487263,0.959733909
393,0.69056389,0.697857767,0.94398023,0.954216518,0.967241437
394,0.696859399,0.705391721,0.944886645,0.955010281,0.967945962
395,0.659223061,0.66095842,0.941439581,0.948958994,0.967596147
396,0.712691878,0.721708552,0.947127077,0.954203078,0.97236742
397,0.716721044,0.726764951,0.942459344,0.948243068,0.964462124
398,0.667313054,0.670777491,0.940799667,0.949923427,0.966195249
399,0.674118003,0.680215925,0.946114189,0.956005629,0.968173469
400,0.650803524,0.649447645,0.940808015,0.947976872,0.961833429
401,0.676803344,0.684479002,0.943417243,0.951742811,0.966467654
402,0.706751824,0.717716126,0.945521589,0.956026417,0.966157108
403,0.706550536,0.712973015,0.948431118,0.957739504,0.963555949
404,0.69086399,0.699195895,0.942257531,0.950172239,0.967770249
405,0.694626377,0.701946205,0.94048334,0.948947529,0.966500874
406,0.666399127,0.673520723,0.939937727,0.944098047,0.968973794
407,0.712188201,0.71610743,0.947045619,0.954887263,0.973192226
408,0.664093426,0.663751949,0.940433877,0.949363042,0.966386149
409,0.680910302,0.687243888,0.941055733,0.94992501,0.966152955
410,0.687000077,0.693933974,0.94327114,0.950464996,0.969671251
411,0.695334462,0.695334991,0.938694723,0.944569759,0.964178773
412,0.664063192,0.666000989,0.944026194,0.951534378,0.966468192
413,0.728570664,0.735134647,0.946247499,0.95575022,0.968494405
414,0.711444922,0.718095716,0.94529434,0.950850071,0.970695144
415,0.682538941,0.683632697,0.942188257,0.949709379,0.963315484
416,0.649688314,0.652781787,0.941054907,0.94769197,0.966520492
417,0.72360776,0.731631746,0.947057513,0.95613181,0.971637629
418,0.686921967,0.692555355,0.943191613,0.950968462,0.970364329
419,0.665718451,0.668970527,0.940821202,0.94778191,0.965490421
420,0.639689067,0.649394575,0.939716646,0.952365901,0.965990836
421,0.672480217,0.674817218,0.942919314,0.951432731,0.970784516
422,0.677673497,0.685095922,0.942505173,0.950883699,0.967983327
423,0.65633288,0.657315274,0.937164419,0.946648155,0.963170354
424,0.692230734,0.696391117,0.944697395,0.951304337,0.964562826
425,0.69852375,0.704469305,0.938628398,0.944731631,0.961565348
426,0.704421114,0.713821029,0.945046192,0.952189065,0.966236004
427,0.71105254,0.716010029,0.947122315,0.95540174,0.971089071
428,0.681808158,0.687713422,0.941887798,0.948058293,0.965652914
429,0.69491844,0.700991356,0.944524132,0.957042889,0.969252406
430,0.638285654,0.645528561,0.939860874,0.946789009,0.963364882
431,0.624998558,0.629156245,0.939454963,0.945991159,0.964434722
432,0.66050105,0.664426205,0.940821948,0.948767967,0.967312521
433,0.696488099,0.70470626,0.945206456,0.955435366,0.96961977
434,0.664767878,0.670943184,0.940682386,0.94856007,0.964307105
435,0.708591116,0.715265708,0.943595307,0.952537241,0.962213568
436,0.687099543,0.694179036,0.946285175,0.952460745,0.972664332
437,0.722614532,0.732140955,0.94368735,0.951217523,0.968983251
438,0.70843252,0.71364665,0.946032842,0.955502352,0.97251795
439,0.712159491,0.719927571,0.943680652,0.951209332,0.965969632
440,0.684983237,0.687465139,0.939085971,0.946291847,0.968878408
441,0.701802913,0.707618519,0.945015229,0.9539253,0.969062928
442,0.719064465,0.727663288,0.942329322,0.951484678,0.964431797
443,0.72496439,0.730957971,0.947140074,0.955525528,0.962964391
444,0.696385437,0.703033295,0.942621646,0.951749871,0.966782579
445,0.675049204,0.680580091,0.944807816,0.952094808,0.962974766
446,0.678035152,0.687113722,0.944753898,0.954859975,0.971598085
447,0.696295351,0.704391612,0.944675338,0.95393901,0.966005084
448,0.702876929,0.71060659,0.941024164,0.9485398,0.964750226
449,0.688363579,0.694058572,0.944549839,0.95131289,0.965569756
450,0.720658549,0.726240514,0.945363052,0.950697007,0.967071335
451,0.668986092,0.674265683,0.94427185,0.949201179,0.966382471
452,0.677081264,0.682605667,0.947101063,0.954602618,0.967172622
453,0.705209334,0.711062154,0.944586151,0.952093194,0.967495442
454,0.712955685,0.715090757,0.944966435,0.953928388,0.967076715
455,0.707059901,0.717317439,0.943312541,0.952478228,0.960620189
456,0.700275503,0.704714026,0.944759658,0.95312211,0.963359185
457,0.688976986,0.694141726,0.944321626,0.950794817,0.966822315
458,0.678394033,0.685218927,0.941322531,0.949152765,0.968786542
459,0.647616775,0.649106556,0.943185646,0.945779663,0.966225113
460,0.719721302,0.726603734,0.945279523,0.953265036,0.972717098
461,0.687218458,0.697530567,0.944206782,0.95283152,0.970069792
462,0.657259013,0.663956541,0.938263045,0.946384104,0.963854549
463,0.673584437,0.679209077,0.942192955,0.951131246,0.970827869
464,0.679186794,0.682600674,0.937777685,0.94650108,0.960821506
465,0.705091095,0.709603787,0.943456967,0.952730648,0.969368386
466,0.687745983,0.692734572,0.94308109,0.950112559,0.968680275
467,0.713424359,0.723533702,0.941940507,0.948923313,0.965673652
468,0.698998718,0.707613189,0.943181732,0.95336785,0.966642865
469,0.714591105,0.720720195,0.940811559,0.947419435,0.966000178
470,0.700915099,0.709984467,0.942671011,0.951793825,0.964335955
471,0.679668545,0.685412386,0.941053325,0.946993865,0.965782825
472,0.678847875,0.688419813,0.946471467,0.956979211,0.970871812
473,0.692353426,0.701521399,0.94331436,0.952253742,0.967378998
474,0.70880959,0.711025868,0.943887983,0.952997243,0.966378424
475,0.702573228,0.710158998,0.946868736,0.953332263,0.970321025
476,0.719705269,0.722935358,0.944000026,0.950505601,0.971503682
477,0.652562854,0.655939016,0.942928579,0.948810336,0.965548891
478,0.705264625,0.71233479,0.945426588,0.953457654,0.966504256
479,0.65740997,0.66248829,0.9388293,0.94618005,0.967047037
480,0.718947521,0.723820444,0.947039455,0.954640139,0.970158393
481,0.676327353,0.681022138,0.944445364,0.952958888,0.969810691
482,0.723370065,0.732440663,0.940309725,0.94870622,0.964299079
483,0.721252709,0.729388294,0.947078571,0.954881092,0.971741318
484,0.699466461,0.705852418,0.943684983,0.952024253,0.966897624
485,0.698469439,0.698691056,0.943599937,0.951179472,0.969402904
486,0.694576982,0.702781223,0.943896088,0.952243619,0.966928252
487,0.697018227,0.705593652,0.938973095,0.947886448,0.966151918
488,0.713280083,0.721712644,0.942598555,0.949734599,0.963102069
489,0.699284935,0.706912075,0.939712744,0.944001502,0.961154015
490,0.703618541,0.715536758,0.942756297,0.952485768,0.969461173
491,0.709155999,0.716429427,0.947073202,0.95549533,0.965240898
492,0.637430302,0.644955261,0.94075198,0.950963407,0.962238146
493,0.689525684,0.695918059,0.942831515,0.948989381,0.969259976
494,0.73751138,0.744667845,0.946072876,0.95382707,0.969274485
495,0.67102236,0.673633722,0.941801346,0.951190537,0.965607269
496,0.67774974,0.684661593,0.945104587,0.951404687,0.96553843
497,0.654564548,0.661484848,0.939812966,0.943656134,0.966512456
498,0.712264936,0.720724885,0.945649851,0.955706443,0.970669899
499,0.676395439,0.677542424,0.944370744,0.952166551,0.966086985
500,0.679187827,0.686483187,0.946033591,0.953380767,0.968160777
501,0.689027563,0.698704823,0.943274217,0.953355438,0.970566724
502,0.669477161,0.674014394,0.93964282,0.951001501,0.96253507
503,0.715674921,0.721324992,0.942986264,0.948156019,0.96730698
504,0.695294437,0.701190087,0.943983312,0.952926514,0.96761621
505,0.680421743,0.686315458,0.942685221,0.951516758,0.966522632
506,0.730548537,0.738397366,0.945393305,0.955123333,0.972795416
507,0.660093332,0.66300184,0.940352296,0.945621466,0.970649776
508,0.738537192,0.748071886,0.942900102,0.951181986,0.963540809
509,0.67407838,0.679183453,0.939997841,0.949858464,0.959603947
510,0.65913793,0.657720559,0.94130202,0.948517791,0.968507018
511,0.674270832,0.682025043,0.946238935,0.955500268,0.967224641
512,0.612017256,0.612999006,0.939397009,0.947975836,0.966168225
513,0.655373823,0.662116453,0.940895777,0.948007151,0.964225074
514,0.678913181,0.685260587,0.939839896,0.943373574,0.962258767
515,0.733558285,0.743109433,0.94778965,0.956852933,0.969665254
516,0.666044508,0.672744415,0.941689621,0.947863777,0.966150783
517,0.701265527,0.707039677,0.945503297,0.955568346,0.970949164
518,0.69802008,0.700510194,0.945566857,0.952880059,0.969055137
519,0.668321453,0.668362091,0.940870141,0.949066027,0.969037908
520,0.71560877,0.725436893,0.945145491,0.952594841,0.971190472
521,0.681958567,0.688696514,0.939661001,0.949148326,0.962264831
522,0.669264129,0.674643145,0.941619258,0.950557562,0.966643736
523,0.717423682,0.726477367,0.946656083,0.951771252,0.970842254
524,0.654654333,0.661291584,0.938583478,0.945186013,0.966901514
525,0.701132157,0.708357463,0.944935224,0.952316307,0.965052849
526,0.668285223,0.672906671,0.94222324,0.949760004,0.968650593
527,0.669721886,0.67686694,0.943125689,0.952218431,0.968779529
528,0.681392395,0.686349968,0.945436868,0.951959786,0.96953066
529,0.660270961,0.665539837,0.943029699,0.951332484,0.964376128
530,0.649776854,0.656931879,0.941399075,0.94714084,0.962295086
531,0.689552716,0.696644737,0.944217938,0.953890167,0.970000804
532,0.723233631,0.731197811,0.941251212,0.947847679,0.967578496
533,0.721331746,0.729318852,0.943993416,0.953402898,0.965723036
534,0.64430582,0.646378993,0.937473071,0.938049066,0.967576342
535,0.641462891,0.646087682,0.938758892,0.948971824,0.966190736
536,0.705253213,0.710941492,0.948543112,0.958601362,0.971131273
537,0.659875249,0.662917923,0.94103762,0.949205307,0.968593414
538,0.714996716,0.727395769,0.944550988,0.953298269,0.968815579
539,0.689600982,0.693902251,0.936591707,0.945666595,0.966155673
540,0.69185938,0.699883625,0.946443163,0.953476701,0.965872129
541,0.642114329,0.64580026,0.937531482,0.943884785,0.962875172
542,0.706651977,0.712210286,0.942548149,0.949742974,0.963304959
543,0.663486739,0.670305214,0.94124391,0.944784099,0.969380476
544,0.677125165,0.686496555,0.942215452,0.94629562,0.966627691
545,0.714240767,0.718971648,0.94518764,0.952796677,0.971616256
546,0.686026241,0.690743946,0.944368558,0.949848772,0.964908318
547,0.695923613,0.698644575,0.943857016,0.95227213,0.964572597
548,0.700363418,0.704193632,0.945505278,0.954139389,0.967866612
549,0.703092042,0.70690671,0.945266516,0.951169247,0.969195868
550,0.702088734,0.71263118,0.943399007,0.951857314,0.969696932
551,0.699043402,0.704971524,0.942642649,0.949139331,0.96610294
552,0.701221921,0.711836449,0.94582837,0.953866705,0.970731182
553,0.761230583,0.767708703,0.947602071,0.954086347,0.9671784
554,0.678219882,0.68873323,0.943009785,0.949657701,0.971172053
555,0.71267519,0.718231339,0.940462284,0.949987921,0.964283778
556,0.665677834,0.668567126,0.941228041,0.946397748,0.965702347
557,0.658657395,0.662203307,0.94175185,0.947324465,0.963734022
558,0.690623149,0.693096885,0.943099021,0.949601448,0.962809556
559,0.698577331,0.704251628,0.941502644,0.947729878,0.963705763
560,0.730222564,0.74052329,0.946948235,0.958278257,0.965514821
561,0.695723361,0.701239001,0.94414361,0.95161975,0.965198294
562,0.728881233,0.739875009,0.94753553,0.954275281,0.96807729
563,0.715102318,0.719720109,0.9455086,0.9559988,0.968993121
564,0.69246774,0.697193468,0.94529213,0.951379117,0.967742645
565,0.698636236,0.709913662,0.944636113,0.952152808,0.972677375
566,0.675918941,0.679481469,0.940778612,0.947312776,0.969820761
567,0.668202659,0.669549196,0.944178548,0.950718576,0.964966269
568,0.677394544,0.68615502,0.940467443,0.947835541,0.965018448
569,0.728990496,0.736735979,0.946451534,0.953647139,0.964092049
570,0.698861852,0.709488139,0.939549262,0.946979067,0.968212143
571,0.653586499,0.661880229,0.941435102,0.948324007,0.971166912
572,0.711501611,0.717814153,0.946700313,0.956853144,0.967737652
573,0.705362035,0.707979252,0.942321527,0.948191573,0.967651469
574,0.687798172,0.691083155,0.941171535,0.948402204,0.968117933
575,0.741766371,0.747695364,0.948141059,0.9586644,0.97068973
576,0.668580814,0.677155348,0.943431601,0.951681793,0.968127576
577,0.703477014,0.711899507,0.946055233,0.956417162,0.968972995
578,0.698583995,0.702056696,0.948695467,0.957712756,0.96791608
579,0.657369793,0.658855193,0.944710042,0.950045884,0.969225597
580,0.680026676,0.683028225,0.938510351,0.945830588,0.969168676
581,0.677682025,0.685744209,0.942111159,0.948368712,0.967995343
582,0.622935136,0.621893166,0.941085531,0.949715776,0.961544267
583,0.687966476,0.689040211,0.940983527,0.949997879,0.963274506
584,0.701051597,0.707353414,0.947102543,0.954765143,0.970144645
585,0.699288942,0.703921157,0.943614107,0.951441273,0.968698402
586,0.678343142,0.682046798,0.942784374,0.949795649,0.963892208
587,0.618140601,0.625123552,0.944366286,0.953225345,0.967766435
588,0.70547047,0.711812312,0.945119283,0.956007863,0.968085992
589,0.706879257,0.715439086,0.94715088,0.956112902,0.964775914
590,0.64044583,0.645024965,0.94210144,0.949436572,0.967315401
591,0.700365616,0.706261497,0.942497614,0.95017634,0.965843572
592,0.714086502,0.724362728,0.943483348,0.950061532,0.967189422
593,0.663539648,0.669202578,0.944056274,0.953730583,0.970613025
594,0.70374192,0.713004768,0.943634065,0.951518479,0.970320106
595,0.759021603,0.767952471,0.947540439,0.958075503,0.972738779
596,0.668252473,0.672945455,0.943964161,0.948381244,0.967888784
597,0.666889474,0.670986318,0.941649447,0.947127584,0.963103064
598,0.683201684,0.690853818,0.94401606,0.954598606,0.9698613
599,0.632657449,0.636737331,0.93918453,0.944681623,0.967890955
600,0.713836533,0.723717512,0.94197058,0.949514328,0.965073145
601,0.661535926,0.665507426,0.937077381,0.941635002,0.957498115
602,0.672534059,0.677071096,0.94674018,0.9566865,0.967410436
603,0.703799902,0.707704259,0.944247794,0.950489261,0.968244767
604,0.657181736,0.661107006,0.937240743,0.944334421,0.958532357
605,0.698242233,0.706421504,0.94370436,0.951859537,0.965902673
606,0.683186803,0.689612825,0.945420541,0.954742495,0.971767801
607,0.698086725,0.704743215,0.944280302,0.95354865,0.97333815
608,0.72532107,0.732797385,0.941740358,0.947519153,0.958878225
609,0.665127419,0.670942572,0.942550739,0.951662839,0.969172067
610,0.683584749,0.692734569,0.946823601,0.954672735,0.966919365
611,0.726506953,0.735415882,0.944303791,0.95217369,0.967505893
612,0.652950627,0.658223475,0.942736845,0.948293166,0.972380153
613,0.694091423,0.70250044,0.945210264,0.952383714,0.96847637
614,0.722696577,0.72891493,0.946528848,0.957524468,0.973002457
615,0.667646253,0.668965292,0.945500004,0.951104803,0.966004382
616,0.678013032,0.688101946,0.942179219,0.950262603,0.968083104
617,0.6711831,0.681344014,0.942671383,0.94909672,0.968392863
618,0.657946763,0.661118045,0.938515882,0.945555512,0.966958396
619,0.693628268,0.699265547,0.943616795,0.95380166,0.966504039
620,0.724617763,0.732763654,0.947212877,0.955163927,0.970145592
621,0.704712066,0.708111866,0.944119912,0.951535349,0.969594745
622,0.668253163,0.673232312,0.944215634,0.952041849,0.96727171
623,0.709804725,0.716716157,0.94583734,0.952236248,0.968978388
624,0.623518991,0.623567457,0.938228622,0.945732828,0.961870741
625,0.740118443,0.747174641,0.94646471,0.955281893,0.966738851
626,0.708757684,0.712679345,0.944649021,0.95176282,0.970354811
627,0.726769105,0.73502645,0.944534196,0.953707988,0.969392039
628,0.635587946,0.637641797,0.941845059,0.949445832,0.961939115
629,0.699630715,0.709971818,0.944930639,0.954317777,0.962148478
630,0.696696601,0.701383251,0.943156256,0.950587043,0.965245538
631,0.699605401,0.704544422,0.944017455,0.951717646,0.965203831
632,0.707332305,0.716940669,0.941534462,0.950986007,0.973603269
633,0.706244714,0.712673906,0.944177789,0.953379718,0.965175153
634,0.632314539,0.635235059,0.93857435,0.950386616,0.961244416
635,0.642282232,0.647385115,0.942612628,0.950744084,0.965955907
636,0.601869072,0.603313966,0.939033696,0.945323662,0.966127837
637,0.683234567,0.688686111,0.943140342,0.950956422,0.964048022
638,0.694557635,0.6990167,0.942627251,0.951658122,0.969348888
639,0.691836226,0.699207319,0.945027838,0.952131205,0.971079059
640,0.676016232,0.679878369,0.94189357,0.950576881,0.966456814
641,0.683242384,0.685497093,0.946604475,0.951534991,0.967434772
642,0.685396674,0.691108686,0.943180987,0.947839449,0.96548395
643,0.663803275,0.666166531,0.940948203,0.946732138,0.966116627
644,0.690998588,0.700047351,0.943593762,0.950813242,0.964221614
645,0.661026626,0.661949805,0.941690481,0.947904973,0.966567983
646,0.699793834,0.703764429,0.943992311,0.952522979,0.967298693
647,0.721627195,0.730566933,0.943898147,0.951478687,0.96815207
648,0.677067708,0.67670513,0.945370686,0.951835849,0.969764334
649,0.650191092,0.656347903,0.939682479,0.946015334,0.965291774
650,0.726003614,0.728495798,0.946764252,0.953690901,0.966778357
651,0.698397108,0.702243569,0.938548019,0.945761823,0.967483002
652,0.674695008,0.681528032,0.941145853,0.94713555,0.965958106
653,0.64893113,0.656366989,0.939247903,0.945460303,0.971092994
654,0.714502275,0.717192208,0.943254292,0.952892746,0.968662218
655,0.715942557,0.719688618,0.945792687,0.955041215,0.96857291
656,0.663671493,0.66871416,0.944802866,0.952721916,0.970992242
657,0.700035131,0.708227261,0.944744193,0.951255034,0.969217526
658,0.672191793,0.681000335,0.939811866,0.944971257,0.967622922
659,0.670428815,0.670526937,0.94213676,0.949257231,0.966180689
660,0.726801411,0.734351363,0.94557813,0.955085462,0.969300161
661,0.708744799,0.712785797,0.94171129,0.947043423,0.961207099
662,0.688708255,0.696436165,0.944828947,0.951993224,0.966867461
663,0.666286502,0.668227939,0.944853737,0.953726958,0.965479173
664,0.714878125,0.725557791,0.948017395,0.95706896,0.972616719
665,0.677992086,0.684444272,0.94377482,0.951786498,0.966607795
666,0.654260339,0.65756045,0.940844767,0.9444804,0.963047269
667,0.705625163,0.714098032,0.944635257,0.953021447,0.969657131
668,0.662628174,0.65893399,0.940828472,0.945353891,0.965907054
669,0.652436784,0.655566146,0.942933699,0.949376027,0.970025731
670,0.680960217,0.685782354,0.943990538,0.953552815,0.969165578
671,0.688171555,0.69610967,0.945534606,0.951650184,0.966989632
672,0.683293971,0.683619418,0.946309331,0.953558511,0.968522175
673,0.665240922,0.667733871,0.940774214,0.949418774,0.965604297
674,0.688875535,0.695546428,0.942570137,0.949080103,0.970460619
675,0.70498169,0.712177489,0.946832069,0.956514983,0.970811135
676,0.678641804,0.687216978,0.941163655,0.947668905,0.960539415
677,0.694370034,0.704088834,0.939785027,0.948435717,0.967517934
678,0.691119754,0.699334917,0.945156266,0.951658567,0.966441531
679,0.711856796,0.721718364,0.948263232,0.959127509,0.97209207
680,0.645164856,0.647954368,0.942676498,0.948529968,0.96431763
681,0.688811715,0.69473299,0.942954211,0.951972186,0.96967354
682,0.665803011,0.676118958,0.941632144,0.951364391,0.961794354
683,0.743587971,0.752958469,0.949718507,0.959987494,0.97230549
684,0.699441827,0.700443975,0.940171891,0.950285763,0.967819221
685,0.679128824,0.682014025,0.945525807,0.951800299,0.964464878
686,0.701066143,0.705272969,0.944440178,0.953131532,0.968870263
687,0.633971347,0.638419734,0.942135099,0.947803148,0.968908709
688,0.685011106,0.688897099,0.942934401,0.950102229,0.966404417
689,0.650254405,0.654717824,0.940724482,0.948208807,0.961164446
690,0.697808835,0.700182275,0.940690133,0.944318907,0.968005809
691,0.715144698,0.717284632,0.94353972,0.950636366,0.971613985
692,0.704071129,0.709278367,0.947441835,0.953311234,0.967103265
693,0.703588974,0.713366739,0.9432435,0.950699359,0.96626347
694,0.630923285,0.630974211,0.940069518,0.94464519,0.968425314
695,0.67395956,0.677998821,0.943357318,0.952059822,0.967019484
696,0.710451213,0.719158509,0.946514176,0.952941412,0.969082525
697,0.697890402,0.705195165,0.941148499,0.948863821,0.968247393
698,0.688266791,0.696544648,0.943583187,0.951634786,0.969138175
699,0.709660564,0.712314508,0.941055386,0.946558742,0.963173773
700,0.691111324,0.697797628,0.941510986,0.950237459,0.967908276
701,0.688832401,0.696894385,0.94610458,0.952469833,0.970513974
702,0.660381624,0.665424547,0.941580872,0.948146222,0.963127564
703,0.677019178,0.68509014,0.939848704,0.947371498,0.964814367
704,0.665016287,0.669585301,0.941386387,0.949850806,0.967280158
705,0.684088397,0.692012944,0.941605286,0.949780698,0.96501139
706,0.68415422,0.688257373,0.939894217,0.946154394,0.96485628
707,0.686418589,0.694240261,0.942058622,0.950124482,0.970811538
708,0.738812929,0.745948774,0.945054647,0.952501332,0.970017874
709,0.696896515,0.700099546,0.941605339,0.949020711,0.9657069
710,0.68600031,0.68987224,0.942424829,0.951189934,0.96361018
711,0.680470899,0.687471122,0.946809649,0.953962735,0.968191312
712,0.684737247,0.686257515,0.942580833,0.950195909,0.967814919
713,0.682059605,0.683457338,0.946134643,0.952472613,0.9677482
714,0.645603072,0.643322723,0.939720269,0.949915914,0.969490557
715,0.650463625,0.651047651,0.936723223,0.944087191,0.962337783
716,0.694218714,0.695258956,0.942246875,0.944870728,0.963100621
717,0.729695402,0.736871985,0.945512239,0.95223249,0.968432803
718,0.697017333,0.701906502,0.943812145,0.951444517,0.967016611
719,0.702084815,0.704577082,0.945314778,0.956379949,0.969950462
720,0.690062496,0.691851342,0.940551375,0.945718158,0.966525778
721,0.681547995,0.689470653,0.947015688,0.956879099,0.971137358
722,0.701574669,0.70803614,0.941107138,0.947781643,0.964648185
723,0.670252926,0.672156988,0.937901718,0.943754175,0.961667705
724,0.673535215,0.681229205,0.941808236,0.949042306,0.964669497
725,0.706265135,0.71535309,0.947339908,0.956573629,0.972309871
726,0.685191728,0.688747482,0.945450672,0.951590003,0.966583742
727,0.644081337,0.648259792,0.940701997,0.947516736,0.963304158
728,0.662672455,0.667539405,0.943298004,0.953056912,0.965258437
729,0.711031301,0.718641083,0.942561787,0.952137794,0.964007213
730,0.684631598,0.693746553,0.94109789,0.949967193,0.963165187
731,0.665952511,0.667842217,0.943545763,0.950944058,0.966201834
732,0.672700884,0.674514189,0.942141047,0.949048022,0.970638604
733,0.691706791,0.697821568,0.944090986,0.951923504,0.970614759
734,0.625208453,0.630869472,0.940788399,0.946727124,0.96465175
735,0.633620179,0.63899706,0.938615377,0.948469228,0.964380699
736,0.648865271,0.650565886,0.941347944,0.947443728,0.960831743
737,0.652862358,0.657990161,0.939868134,0.949157637,0.962156434
738,0.670438817,0.676465583,0.940147224,0.946702039,0.964740359
739,0.677295169,0.682970158,0.943214865,0.951408893,0.967221138
740,0.691480844,0.696468465,0.942607265,0.952663981,0.969105757
741,0.722157099,0.730147737,0.946716872,0.956184346,0.967788804
742,0.6686155,0.674530551,0.943937847,0.954480721,0.967096752
743,0.672514792,0.685856845,0.935977021,0.941295112,0.960440004
744,0.681689188,0.684253599,0.941340194,0.948845341,0.962790409
745,0.676034029,0.681780544,0.94225324,0.9503085,0.964748621
746,0.675681985,0.677314369,0.941523542,0.952740762,0.966244043
747,0.734498373,0.74287103,0.946586246,0.953696663,0.968596538
748,0.71459376,0.722583771,0.945559638,0.952268192,0.968072781
749,0.703439315,0.712838319,0.947804462,0.955894536,0.972464983
750,0.703764646,0.710238405,0.944377771,0.950746188,0.959503477
751,0.670327005,0.67577615,0.938298052,0.943220011,0.963037813
752,0.666384335,0.671121319,0.939199862,0.944305021,0.963637763
753,0.661608341,0.666651995,0.941437731,0.947914932,0.969662584
754,0.632049766,0.633869506,0.940667558,0.946392664,0.967324001
755,0.682174586,0.68689594,0.94202485,0.950362735,0.961855558
756,0.624180321,0.628546966,0.936750368,0.943810653,0.961967622
757,0.72076486,0.730191537,0.943918569,0.95477785,0.967182389
758,0.608660039,0.612588983,0.938113376,0.946259279,0.957486711
759,0.694731704,0.696104343,0.943830927,0.954302148,0.968381524
760,0.658213426,0.664322741,0.940726591,0.94833048,0.962026073
761,0.638573621,0.63815001,0.938345904,0.946554275,0.965169036
762,0.670363096,0.677424239,0.945739223,0.955309473,0.965885166
763,0.66417464,0.664258014,0.941742328,0.949815205,0.963907497
764,0.708349506,0.715338808,0.940614331,0.946799398,0.96187144
765,0.682645595,0.689602602,0.944262397,0.953202928,0.970440173
766,0.644628881,0.649370964,0.940920249,0.947318557,0.958214035
767,0.707025667,0.716024152,0.944668024,0.953906049,0.970359011
768,0.707872046,0.712276309,0.945535257,0.950773734,0.968069716
769,0.688327881,0.693345561,0.944073985,0.955158136,0.965964254
770,0.70947655,0.712392298,0.943267117,0.949702819,0.967393884
771,0.685878315,0.694223975,0.94095649,0.94926181,0.965860788
772,0.626085707,0.628135715,0.940566925,0.94885729,0.965456908
773,0.659659376,0.66342287,0.943689413,0.95323958,0.968917472
774,0.659925849,0.662300541,0.941436394,0.951804924,0.962358721
775,0.709420184,0.714586424,0.941920385,0.947362159,0.966173173
776,0.682052628,0.687196713,0.946756744,0.952196552,0.965663386
777,0.651244813,0.657673509,0.945591136,0.952674977,0.967329312
778,0.672723637,0.681935341,0.943546479,0.951126636,0.965483474
779,0.676694588,0.678115896,0.939472525,0.947470864,0.958701065
780,0.688168591,0.697168134,0.943537628,0.95279494,0.970138687
781,0.706091031,0.708837393,0.942638332,0.953299868,0.968762815
782,0.684524623,0.691393602,0.942717982,0.949152238,0.969398993
783,0.720107797,0.731998795,0.946670232,0.954475519,0.969802095
784,0.750617088,0.760150745,0.946887927,0.953502251,0.970215747
785,0.668807805,0.672794529,0.941033936,0.946673246,0.967091383
786,0.66177481,0.666322448,0.938659515,0.947902435,0.961345427
787,0.688181143,0.690573364,0.943326153,0.950797433,0.965091513
788,0.697967479,0.703122992,0.942108611,0.951351609,0.967059393
789,0.660116833,0.667677879,0.941503091,0.952530608,0.9683403
790,0.688578283,0.695887161,0.943069166,0.950181933,0.964186091
791,0.68848447,0.695697336,0.943933904,0.952700713,0.965998811
792,0.663235001,0.667566147,0.945423758,0.956130177,0.969471414
793,0.629856931,0.630146512,0.94075789,0.947547163,0.967481369
794,0.711504707,0.714069746,0.946521443,0.954118668,0.969038666
795,0.650699035,0.655385551,0.941744319,0.949851139,0.969796329
796,0.654460291,0.664592216,0.936952413,0.943477896,0.960867998
797,0.714321625,0.72115509,0.94312014,0.949138754,0.968217621
798,0.689607701,0.695942774,0.944843651,0.950847664,0.967689542
799,0.665157682,0.670172727,0.942012504,0.949575059,0.964077432
800,0.686545973,0.688751709,0.942344134,0.95117602,0.970423584
801,0.665476589,0.670675523,0.942529808,0.95029092,0.968336385
802,0.740677121,0.748300642,0.946082805,0.954082892,0.967926192
803,0.699251639,0.706338969,0.944001924,0.952869885,0.961551121
804,0.656030705,0.66046925,0.93835262,0.946168377,0.966338475
805,0.704505698,0.712021647,0.946096096,0.953848575,0.964391873
806,0.680835851,0.686040166,0.940053718,0.947468817,0.963662179
807,0.646717016,0.651714288,0.944324203,0.952787867,0.96318926
808,0.699975947,0.704908319,0.941477494,0.946600621,0.961481553
809,0.680683973,0.688529573,0.942921802,0.951800136,0.966952875
810,0.708420011,0.715706153,0.944585728,0.952228519,0.969699926
811,0.647249152,0.650907727,0.938279718,0.94630144,0.960471529
812,0.716653795,0.722129857,0.945337786,0.951308021,0.965331131
813,0.648724763,0.654252309,0.943658548,0.951184277,0.965608488
814,0.67045845,0.673964608,0.940854141,0.951220556,0.964809767
815,0.658746392,0.664876882,0.942571055,0.949919215,0.970880556
816,0.715000155,0.72511917,0.945979094,0.954945194,0.971037115
817,0.655559599,0.662042014,0.937297975,0.941683492,0.966643781
818,0.709880486,0.717484318,0.942406125,0.952918656,0.967072409
819,0.679170123,0.685014726,0.943642289,0.952532792,0.970415653
820,0.690228129,0.698950666,0.944936781,0.951964099,0.967911896
821,0.662618196,0.665771742,0.944418832,0.953293117,0.967803397
822,0.610589433,0.606771534,0.940669821,0.948602588,0.965926576
823,0.713845728,0.717340749,0.945727619,0.955886951,0.968196801
824,0.705612431,0.713050419,0.941361174,0.949287779,0.965440112
825,0.68950876,0.695630491,0.943177688,0.951750553,0.968606565
826,0.669801383,0.675728802,0.941053939,0.945398565,0.966087647
827,0.662350044,0.669244095,0.938499402,0.946563323,0.963970204
828,0.608890174,0.607745812,0.939106801,0.946935844,0.961959061
829,0.722352988,0.730771445,0.944878982,0.951215362,0.965528608
830,0.684121039,0.687574545,0.941121183,0.947206037,0.965412336
831,0.668198958,0.672920906,0.942345999,0.949619379,0.963108749
832,0.659540174,0.666767024,0.941104359,0.948792989,0.969312292
833,0.691837102,0.693369717,0.9443464,0.950868608,0.969708003
834,0.714918352,0.725400684,0.946621396,0.953728144,0.970185813
835,0.640272468,0.6423656,0.939473112,0.94909884,0.971096172
836,0.69045331,0.699841176,0.940619918,0.948479676,0.960443041
837,0.718111438,0.730147736,0.947711706,0.954314355,0.971693408
838,0.71380805,0.726025068,0.9397271,0.946665584,0.965638804
839,0.700447431,0.704558318,0.946775209,0.958283033,0.968676708
840,0.727989337,0.734589476,0.945539581,0.955940714,0.967359518
841,0.724690302,0.735434188,0.942178232,0.952224246,0.96449296
842,0.660238977,0.661792723,0.942210211,0.948975393,0.961484877
843,0.630550822,0.638499588,0.942090677,0.949167927,0.966728298
844,0.697401684,0.701650947,0.948317759,0.953226561,0.968435682
845,0.663817963,0.672452304,0.935026526,0.941300219,0.959840272
846,0.721602391,0.729643241,0.945394468,0.954083887,0.966567459
847,0.695795431,0.704528879,0.94427584,0.952317863,0.966182629
848,0.648674143,0.656085189,0.940659724,0.945989857,0.968067616
849,0.681077327,0.685375688,0.945214875,0.952758883,0.964566904
850,0.647690935,0.654811383,0.940346419,0.947725076,0.964846781
851,0.692984118,0.697696811,0.939490715,0.949324491,0.964406196
852,0.645707195,0.649113253,0.939121112,0.947030334,0.960695965
853,0.666565787,0.666990356,0.941660323,0.950618968,0.967688909
854,0.680834327,0.690754384,0.944428061,0.952790069,0.968118778
855,0.682574009,0.683005653,0.945835182,0.954270588,0.968579808
856,0.701625466,0.705145999,0.946020567,0.952925575,0.964209721
857,0.742931674,0.751411216,0.947977065,0.958353782,0.970813915
858,0.705018247,0.708881456,0.944220643,0.95246004,0.966165209
859,0.724883823,0.733664189,0.946574935,0.957433884,0.972214706
860,0.693633051,0.7046446,0.943142716,0.950486544,0.965125909
861,0.711732983,0.722504367,0.946088384,0.955479646,0.966889525
862,0.662544782,0.66793104,0.94209844,0.948702759,0.970409089
863,0.6725186,0.680598809,0.94123362,0.948522971,0.965136193
864,0.681421466,0.68079573,0.943287384,0.950418525,0.968027463
865,0.705427295,0.713966663,0.945619958,0.954885334,0.970323955
866,0.700279766,0.706925441,0.940951001,0.946996964,0.963533242
867,0.683462142,0.689024066,0.942141301,0.949295408,0.966700841
868,0.697439034,0.701106212,0.947393519,0.953805953,0.969721852
869,0.709971856,0.712907975,0.947321542,0.953651536,0.966396153
870,0.657972942,0.663737429,0.939479525,0.944977997,0.963646986
871,0.682717934,0.690166171,0.94456095,0.95163747,0.969621828
872,0.711732479,0.717246305,0.945044312,0.952768372,0.969022907
873,0.682246409,0.684979114,0.943617424,0.948631293,0.963325748
874,0.710185955,0.721832898,0.946466222,0.956262881,0.970947028
875,0.69506325,0.704950401,0.943666698,0.952534098,0.967383286
876,0.652951279,0.657874119,0.937554475,0.945122102,0.969149972
877,0.675930867,0.678212553,0.941929207,0.952018549,0.968235523
878,0.70383968,0.713932727,0.945792672,0.953560916,0.971448946
879,0.691716073,0.693671497,0.943694305,0.951620715,0.96909767
880,0.641368787,0.647408044,0.937625712,0.943266454,0.965494084
881,0.709953832,0.715358552,0.947409167,0.958057056,0.968676138
882,0.708912275,0.719037699,0.947221357,0.956208582,0.967400846
883,0.660448107,0.66505286,0.940526439,0.949663881,0.965719583
884,0.718662119,0.729810155,0.947539342,0.958433693,0.967949017
885,0.6785411,0.681829122,0.939830239,0.946154515,0.96527141
886,0.681545257,0.68580378,0.943382138,0.948566467,0.96828718
887,0.733684682,0.743494126,0.947924226,0.957754187,0.977252013
888,0.723217092,0.730584801,0.945245431,0.953372451,0.96650086
889,0.687496762,0.696864303,0.945747779,0.952074338,0.967907273
890,0.695237202,0.700221128,0.942925215,0.950910358,0.967805561
891,0.662456207,0.667620984,0.937307487,0.94362429,0.960891348
892,0.625287071,0.631781258,0.938457158,0.945426421,0.964036558
893,0.767818568,0.77950921,0.946474975,0.955761276,0.971977425
894,0.706613256,0.714756413,0.945847945,0.95624403,0.969561404
895,0.67586221,0.685439545,0.942504752,0.951414614,0.966827423
896,0.664837974,0.667560567,0.940631159,0.947193085,0.965563348
897,0.724114328,0.728139393,0.942827106,0.951790855,0.967868555
898,0.70673014,0.718582113,0.94262627,0.952323204,0.969070617
899,0.64143135,0.648380111,0.941756789,0.950176424,0.961521171
900,0.698907785,0.709013057,0.945236691,0.95508835,0.969677531
901,0.647322179,0.648824259,0.942109541,0.949543607,0.969629349
902,0.640146227,0.645913693,0.942740218,0.950674704,0.964191645
903,0.677407767,0.683854434,0.943372827,0.952780083,0.9639015
904,0.693956298,0.698688562,0.942752131,0.953540304,0.965594311
905,0.694118974,0.69811084,0.942420699,0.951430401,0.967303044
906,0.71243869,0.717009341,0.942264926,0.949637913,0.96623302
907,0.741923497,0.749029126,0.947771077,0.956703113,0.969898554
908,0.658223238,0.663500772,0.939594388,0.946709695,0.966020645
909,0.736043163,0.745320176,0.946319028,0.954117916,0.97140689
910,0.725028687,0.729394288,0.947836474,0.954618978,0.97028859
911,0.706807563,0.716986809,0.943845073,0.949924883,0.967380448
912,0.698834638,0.706639006,0.941713944,0.947046862,0.966523546
913,0.660589638,0.66226514,0.940705746,0.947802983,0.966433794
914,0.684132579,0.691075181,0.944392042,0.952772567,0.971753276
915,0.659117118,0.661936719,0.937614021,0.946242841,0.963220938
916,0.672131528,0.676017542,0.940197562,0.946075257,0.96737452
917,0.699015787,0.706821257,0.940729287,0.948720709,0.964359206
918,0.715268231,0.721264388,0.943836654,0.953209833,0.97151549
919,0.694390342,0.699023104,0.943378664,0.950887631,0.96747749
920,0.674877576,0.675875068,0.940205771,0.946802296,0.965469028
921,0.717499067,0.724949053,0.944820541,0.953064991,0.96813361
922,0.711642669,0.718414515,0.943525211,0.95213319,0.969376012
923,0.640643877,0.640578729,0.942466034,0.951357867,0.967030179
924,0.703573228,0.710204293,0.943656739,0.949529992,0.970352213
925,0.72814214,0.731736738,0.944484295,0.952849175,0.971728914
926,0.65612637,0.660927035,0.939778779,0.948778387,0.966985305
927,0.661063044,0.660501414,0.945032128,0.953629499,0.971035847
928,0.719828482,0.725259094,0.943074582,0.951960274,0.965824157
929,0.70481436,0.709867023,0.944171221,0.951559043,0.967036074
930,0.693233636,0.702255341,0.946916686,0.954640062,0.974402735
931,0.708609042,0.71540334,0.941923042,0.948379254,0.964087093
932,0.680560749,0.687255194,0.944288591,0.950996902,0.965042327
933,0.653581956,0.654431851,0.941316102,0.953954817,0.965896128
934,0.681859723,0.685487508,0.944514472,0.948107002,0.967517759
935,0.633353687,0.632774187,0.940998565,0.948536703,0.966478123
936,0.643502402,0.645665574,0.940057491,0.943925374,0.966336339
937,0.633922421,0.636320179,0.942708925,0.951685577,0.966930645
938,0.667243054,0.673879905,0.945204935,0.954468513,0.967167234
939,0.711780317,0.720407738,0.945890821,0.951854782,0.970695186
940,0.679628818,0.680355691,0.940647782,0.950882162,0.968346099
941,0.717913047,0.724542298,0.945832308,0.954605747,0.973199195
942,0.669968237,0.675677744,0.9452608,0.953582596,0.9696844
943,0.667784776,0.672761751,0.939287116,0.948368599,0.962450367
944,0.692454909,0.697914788,0.943492375,0.952185885,0.966690789
945,0.699196557,0.702144428,0.942064605,0.946337051,0.965508359
946,0.715307694,0.723571278,0.946471395,0.956553319,0.966512508
947,0.658066993,0.665197686,0.940264733,0.9487005,0.962169056
948,0.702534207,0.706631684,0.94454591,0.954612419,0.966607591
949,0.681175937,0.690614706,0.942030176,0.947695623,0.967914629
950,0.672923937,0.680482141,0.940446615,0.945387236,0.964933829
951,0.611383909,0.615474861,0.939246049,0.945334832,0.964127716
952,0.683665296,0.690143667,0.942550144,0.949936956,0.968613277
953,0.710961872,0.713497551,0.946509487,0.955007622,0.969262219
954,0.702715765,0.706318783,0.942662425,0.946141425,0.966270506
955,0.660232919,0.659250722,0.94050612,0.945671663,0.967299799
956,0.704082964,0.70620753,0.944204862,0.952053788,0.970243783
957,0.673327549,0.678640581,0.943603724,0.951322317,0.967665082
958,0.725002146,0.733882582,0.944230448,0.952651211,0.9720694
959,0.704976254,0.708920813,0.942757816,0.948633007,0.967048223
960,0.690617145,0.697322185,0.942450565,0.946401259,0.968268182
961,0.686368668,0.69138072,0.943117334,0.951887919,0.967227652
962,0.685597215,0.691952011,0.941087402,0.948841356,0.968517527
963,0.667096501,0.674753519,0.938836774,0.948558839,0.962649007
964,0.640997393,0.645366174,0.940663755,0.949440783,0.968143185
965,0.701668862,0.708661145,0.944944808,0.951155274,0.963765402
966,0.706170474,0.712005362,0.943189398,0.951269665,0.96883628
967,0.682147129,0.686178238,0.943090409,0.953656412,0.965001604
968,0.670305135,0.67737978,0.94323184,0.952090291,0.96847339
969,0.690200573,0.695225348,0.944273087,0.950480864,0.962649381
970,0.677529525,0.68071144,0.943072044,0.9501226,0.96383768
971,0.7075818,0.718097869,0.944862243,0.952489539,0.969226216
972,0.734692063,0.742904341,0.94868507,0.955525218,0.97151546
973,0.712028908,0.715000469,0.9468431,0.953477536,0.964860856
974,0.671307946,0.674882757,0.941841572,0.94884873,0.968231678
975,0.683426597,0.689750288,0.941995362,0.95040748,0.964419047
976,0.691124387,0.699153454,0.942141446,0.951277183,0.966213748
977,0.654631605,0.661783241,0.940249879,0.950645136,0.967101727
978,0.666075295,0.668982927,0.942295861,0.946314233,0.962922243
979,0.702725499,0.713748621,0.941741938,0.949777229,0.963189946
980,0.691627126,0.700847989,0.94680801,0.955803832,0.966462873
981,0.665344607,0.67227583,0.940122005,0.947927627,0.966073149
982,0.698474866,0.706817136,0.945057471,0.955946868,0.965921796
983,0.712691232,0.720525127,0.947665936,0.954884235,0.968108362
984,0.691499098,0.693456596,0.942984402,0.950240638,0.969178244
985,0.655751446,0.660745443,0.945410007,0.95298203,0.964813152
986,0.702040595,0.706918286,0.944531353,0.95240325,0.974288689
987,0.705170781,0.708351233,0.94479886,0.953848947,0.9683116
988,0.680007677,0.684914386,0.944574877,0.954865305,0.97236951
989,0.671288972,0.674194987,0.944944058,0.951037658,0.967472722
990,0.738471582,0.743782974,0.944677132,0.953623448,0.96643573
991,0.631146554,0.634331296,0.938166167,0.94711394,0.965241224
992,0.663300746,0.667076153,0.944929024,0.954350009,0.967856159
993,0.662098771,0.661690102,0.937852381,0.942085154,0.967439658
994,0.66177536,0.667539572,0.940564954,0.949112267,0.965952268
995,0.658577223,0.659380559,0.941388981,0.946359563,0.959073455
996,0.708875371,0.715937019,0.944424452,0.952443417,0.968815049
997,0.712515129,0.718667446,0.943744744,0.953067939,0.96331232
998,0.722430167,0.733851861,0.944090519,0.952036023,0.966418192
999,0.725850758,0.735768925,0.945693319,0.955140842,0.970271175
1000,0.681183632,0.68255281,0.944917455,0.953101643,0.968109357
