UTM-X,UTM-Y,X1,X2,X3,X4,Y,LL-X,LL-Y
587091.6875,4517490,1,1,1,4.91,75.34782609,-73.96751,40.8038
588405.25,4507019.5,3,1,0,4.56,89,-73.95342,40.70935
589708,4504289.5,5,1,1,4.75,135,-73.93839,40.68462
588164.0625,4518543,2,1,1,4.89,54.93478261,-73.95465,40.81317
587667.875,4498980.5,1,1,1,0,150,-73.96327,40.63702
589005.5625,4511270,4,1,1,4.91,145.3913043,-73.94571,40.74757
588381.375,4503701,2,1,1,4.5,119.076087,-73.95417,40.67946
584829.9375,4510928,4,2,2,5,400,-73.99521,40.74493
587347.5,4503570,4,2,4,4.93,143.3695652,-73.96642,40.67839
589282.5625,4520706,2,1,1,4.89,75.02173913,-73.94108,40.83253
588756.6875,4513720.5,2,1,2,4.41,200,-73.94831,40.76967
588764.4375,4520177,1,1,1,5,99,-73.9473,40.82782
584184.8125,4509220,4,2,3,4.46,604.5652174,-74.00308,40.72961
586187.25,4502752.5,5,3,4,4.83,220,-73.98026,40.67115
585007.5,4512162.5,1,0,1,4.51,82.97826087,-73.99294,40.75603
588581.9375,4520063.5,6,1,1,4.78,180,-73.94948,40.82682
587553.625,4504659,2,1,1,4.5,125.6521739,-73.96383,40.68818
577654.125,4499903,2,1,1,4.8,70,-74.08156,40.64633
586934.875,4505172.5,2,1,1,4.69,110,-73.97108,40.69287
590926.25,4517819.5,1,1,1,0,60,-73.92201,40.80635
586656.375,4503765,2,1,1,4.69,121.2065217,-73.97457,40.68022
588347.6875,4514251,1,1,1,0,130,-73.95308,40.77449
592271.125,4514764,4,1,2,4.97,147.173913,-73.90652,40.77868
594731.6875,4507799.5,4,1,1,4.34,107.4130435,-73.87842,40.71567
586701.8125,4503639,2,2,1,4.72,81.23913043,-73.97405,40.67908
604379.8125,4503018,2,1,1,4.35,65,-73.76501,40.67144
589019.9375,4518424.5,2,1,1,4.66,74.94565217,-73.94452,40.81201
592986.125,4506338.5,9,1,3,5,195.2065217,-73.8993,40.70271
588932.3125,4518207,2,2,1,4.73,111.7391304,-73.94559,40.81006
585918.625,4508502.5,3,1,0,4.3,175,-73.98265,40.72297
588369.9375,4509275,4,2,2,4.79,289.3478261,-73.95352,40.72967
585839.1875,4508723.5,2,1,1,4.58,75,-73.98356,40.72497
585075.1875,4503753.5,4,1,2,4.87,190,-73.99328,40.68028
585616.4375,4508776.5,2,1,0,4.92,375.1956522,-73.98619,40.72547
585937.375,4503230.5,4,1,1,4.81,162.0652174,-73.98315,40.67548
587944.25,4517447,2,1,1,4.79,122,-73.95741,40.80332
584278.9375,4509261,2,1,1,4.83,200,-74.00196,40.72997
586332.9375,4514553.5,2,1,1,4.51,110,-73.97691,40.77743
588664.1875,4508609,3,1,1,4.67,75,-73.95013,40.72364
588347.375,4510174,4,1,1,4.67,370.0869565,-73.95366,40.73777
589176.0625,4504251,5,1,2,4.91,150,-73.94469,40.68433
588250.8125,4517848,2,1,1,5,90,-73.95372,40.8069
586087.8125,4503234.5,4,2,2,4.96,165,-73.98137,40.6755
588770.5,4517773.5,3,1,0,4.7,102.2282609,-73.94757,40.80617
585251.875,4502497.5,4,0,2,5,260,-73.99136,40.66895
586379.25,4508549,2,0,2,4.66,185,-73.97719,40.72334
588283.6875,4517845,5,1,2,4.9,544.2608696,-73.95333,40.80687
588482.5,4515333,4,1,2,0,250,-73.95133,40.78422
585787.75,4508204.5,5,2,2,4.97,250,-73.98424,40.7203
588568.875,4517634.5,8,1,2,4.83,350,-73.94998,40.80494
591323.0625,4504363.5,2,1,1,4.54,165,-73.91927,40.68511
587074.75,4495532,4,1,1,0,183.5869565,-73.97076,40.60602
589097.625,4520798,2,2,1,4.6,75,-73.94326,40.83338
591744.8125,4514602,2,1,1,4.87,50.54347826,-73.91278,40.77728
589323.5625,4508215,3,1,1,4.73,120,-73.94238,40.72002
586818.9375,4504608.5,2,1,0,4.75,157,-73.97253,40.6878
588282.8125,4508150.5,2,1,1,4.82,185,-73.95471,40.71955
572426.9375,4495530.5,3,1,1,5,76.09782609,-74.14388,40.60742
590951.875,4504306,4,1,1,4.9,145,-73.92367,40.68463
585779.875,4501938.5,5,2,3,4.92,300,-73.98519,40.66386
591383.6875,4514388,1,1,1,4.86,75,-73.91709,40.77539
588349.9375,4504783,4,1,1,4.62,136.9021739,-73.95439,40.68921
586572.1875,4515524.5,1,2,2,4.94,155.1956522,-73.97394,40.78615
588361.1875,4510151,4,1,1,4.77,313.0217391,-73.9535,40.73756
588361.1875,4510151,4,1,1,4.76,313.0217391,-73.9535,40.73756
588361.1875,4510151,6,1,2,5,722.9130435,-73.9535,40.73756
584064.25,4509424,2,1,1,4.56,145,-74.00448,40.73146
584063.3125,4509507,4,2,2,4.75,375,-74.00448,40.73221
585480.5625,4508035.5,2,1,1,4.91,120,-73.9879,40.71881
585783.3125,4512893,2,1,0,4.88,200,-73.98365,40.76253
589507.125,4507704.5,4,2,2,5,152.9673913,-73.94028,40.7154
588728.25,4511021.5,2,1,1,4.92,95.89130435,-73.94903,40.74536
585128.0625,4508717.5,4,1,1,4.77,250,-73.99198,40.72499
588498.3125,4514364,1,1,0,5,95.16304348,-73.95128,40.77549
584187.125,4510210,4,1,2,5,200,-74.00292,40.73853
588367.6875,4517949.5,2,0,1,4.93,130,-73.95232,40.8078
584931,4503646,4,1,2,4.98,266.4782609,-73.995,40.67933
584657.6875,4508047.5,2,0,1,4.7,109,-73.99764,40.719
588347.375,4510175.5,4,1,1,4.85,313.0217391,-73.95366,40.73778
588751,4517923,9,1,2,4.6,395,-73.94778,40.80752
587923.5625,4514078.5,1,1,1,5,60,-73.95813,40.77298
588922.5,4517900.5,10,1,2,4.5,225,-73.94575,40.8073
588734.1875,4517706,9,1,2,4.5,395,-73.94801,40.80557
588488.5,4517299,4,1,2,0,149,-73.95098,40.80193
588039.3125,4507170.5,4,1,2,4.68,232.3369565,-73.95773,40.71075
587988.4375,4508111.5,5,1,1,4.82,250,-73.9582,40.71923
587814.5625,4507672,2,1,2,4.67,200,-73.96032,40.71529
588684.875,4520688,2,1,1,4.54,200,-73.94817,40.83243
588588,4501543,2,1,1,4.44,83.45652174,-73.95203,40.66
592515.1875,4509005,3,1,2,5,134.4673913,-73.90448,40.72678
588123.0625,4510004,1,1,2,5,140,-73.95634,40.73626
587932.0625,4508238.5,2,1,1,4.97,227.9347826,-73.95885,40.72038
588846.625,4494392,3,1,1,5,50,-73.94998,40.59556
588673.375,4517711,4,1,1,4.89,180,-73.94873,40.80562
599931.5,4507477,2,1,1,4.77,75,-73.81692,40.71215
585414,4504349,5,1,2,4.88,333,-73.98919,40.68561
589289.4375,4521046,2,1,1,4.9,57.27173913,-73.94095,40.83559
587220.5625,4504375.5,2,1,1,4.85,150,-73.96781,40.68566
586123.5625,4509111,2,2,1,4.75,350,-73.98014,40.72843
584432.1875,4511005.5,4,1,1,5,125,-73.99991,40.74567
593459.6875,4511532.5,2,1,1,4.16,99,-73.89292,40.74944
586350.5,4514495,2,1,1,4.78,305.1630435,-73.97671,40.7769
587553.625,4504659,2,1,1,4.51,118.4565217,-73.96383,40.68818
585738.625,4507922,3,1,2,4.87,238.0434783,-73.98486,40.71776
584756.6875,4511281.5,4,1,1,4.45,139,-73.99603,40.74812
584353.9375,4509424,4,1,2,4.5,315,-74.00105,40.73143
589777.8125,4502430,7,1,3,4.9,250,-73.93783,40.66786
588927.375,4507227,5,1,2,4.85,326.0869565,-73.94721,40.71116
591129.5,4511242.5,1,1,1,5,125,-73.92056,40.74709
588839.125,4504295,2,1,1,4.71,55,-73.94867,40.68476
587170.6875,4506966,3,1,1,4.88,192.0326087,-73.96804,40.709
581673.9375,4496147,3,1,1,4.67,105,-74.03451,40.61211
587752.5625,4507631.5,2,1,1,4.98,120,-73.96106,40.71493
588060.875,4506563.5,1,0,1,0,190,-73.95756,40.70528
590583.4375,4504926.5,2,2,1,4.93,129.0326087,-73.92794,40.69026
588032.375,4504267.5,3,1,1,4.8,200,-73.95822,40.6846
585556,4509327.5,3,0,1,4.14,160,-73.98683,40.73044
584988.5625,4505856,16,6,5,4.95,950,-73.99402,40.69923
587162.125,4503307,2,1,1,5,125,-73.96865,40.67604
586127.4375,4504408.5,6,2,3,4.88,347.5,-73.98074,40.68607
585778.125,4502161.5,2,1,1,5,164.673913,-73.98518,40.66587
585448.3125,4501808,1,1,1,4.75,50.05434783,-73.98913,40.66272
586187.3125,4514954,1,1,2,4.77,125,-73.97858,40.78105
585953.625,4508832.5,2,1,1,4.8,90,-73.98219,40.72594
585960.5,4501527.5,1,2,1,4.8,51.76086957,-73.98311,40.66014
586269,4508586.5,2,1,2,4.88,274.4673913,-73.97849,40.72369
587784.5,4512638,2,1,1,4.67,97.82608696,-73.95998,40.76002
588678.1875,4504468.5,1,2,1,4.7,75,-73.95055,40.68634
586721.3125,4516697.5,4,1,1,5,165,-73.97201,40.7967
587603.625,4503786,3,1,1,4.66,175,-73.96336,40.68031
586168.25,4508537.5,2,1,1,5,120,-73.97969,40.72326
584103,4508390.5,2,2,1,4.79,169.8913043,-74.00416,40.72215
584001.75,4509501,4,2,2,5,300,-74.00521,40.73216
584937.6875,4512729,2,1,0,4.89,149,-73.99369,40.76114
589775.5625,4507228,2,1,1,5,90,-73.93717,40.71108
588546.5,4517459.5,4,1,2,4.65,155,-73.95027,40.80337
589681.9375,4507709,4,2,2,0,180,-73.93821,40.71542
585577.625,4514182,3,1,1,4.95,1000,-73.98591,40.77416
587918.0625,4503213.5,2,1,1,5,115,-73.95972,40.67512
590091.75,4516516,3,1,1,4.71,89,-73.93209,40.7947
588424.8125,4519589,10,2,3,4.5,510,-73.95141,40.82256
587210.5625,4507528.5,2,1,1,4.86,100,-73.96749,40.71406
585011.9375,4508679.5,2,1,1,4.78,285,-73.99336,40.72466
585734.0625,4509270,2,1,1,4.44,150,-73.98473,40.7299
585795.3125,4509451.5,2,1,1,4.6,131.1956522,-73.98398,40.73153
588371.9375,4503288,2,1,1,0,60,-73.95434,40.67574
584829.375,4512820,2,1,0,4.93,118.3695652,-73.99496,40.76197
584217.75,4500429.5,2,1,1,4.54,52.93478261,-74.00387,40.65043
587402.8125,4505551,6,1,2,4.78,356.076087,-73.96549,40.69623
584127.0625,4509400,2,1,1,4.88,275,-74.00374,40.73124
585517.5625,4509145,2,1,2,4.79,220,-73.98731,40.7288
584950.75,4503916,4,1,2,4.81,215,-73.99473,40.68176
588701,4507224,1,1,1,4.95,55,-73.94989,40.71116
587858.125,4504135.5,4,1,2,5,155,-73.9603,40.68343
586808.375,4516036,2,1,1,4.89,203.8043478,-73.97107,40.79073
586282.5625,4515254.5,2,1,1,4.71,155,-73.97741,40.78375
586486,4513082,2,1,1,4.75,165.7065217,-73.9753,40.76416
588984.375,4503528,3,1,2,4.67,150,-73.94706,40.67784
589702.125,4503796.5,4,1,1,4.47,125,-73.93853,40.68018
590472.8125,4512534.5,1,1,1,4.77,43,-73.92815,40.7588
590123.375,4506556,2,1,1,4.5,75,-73.93315,40.70499
584726.75,4512645.5,1,1,1,0,95,-73.9962,40.76041
592003.6875,4505364.5,1,2,1,4.87,33.07608696,-73.91107,40.69405
588430.125,4513922,2,1,1,4.79,85.08695652,-73.95215,40.77152
583771.625,4509689,5,1,1,4.69,350,-74.00791,40.73388
588207.875,4507844.5,6,1,2,4.69,225,-73.95564,40.7168
587965.9375,4503380.5,3,1,1,4.76,140.3804348,-73.95913,40.67662
584215.5,4509571,3,1,1,4.71,246.7391304,-74.00267,40.73277
588582.0625,4519632,6,1,1,4.87,233.1847826,-73.94954,40.82293
588365.9375,4516892.5,2,1,1,4.52,90,-73.95249,40.79828
586557.875,4501409,4,1,2,4.47,199,-73.97606,40.65901
590686.25,4506335.5,2,1,1,4.82,119.4021739,-73.92652,40.70294
591192.75,4504446.5,2,2,1,0,165,-73.9208,40.68587
585678.5,4508085.5,2,1,1,4.94,158,-73.98555,40.71924
588162.0625,4517296.5,4,1,0,4.76,135,-73.95485,40.80194
588094.1875,4519590.5,2,1,1,4.58,99,-73.95533,40.82261
590200.625,4504441,2,2,1,4.71,55,-73.93254,40.68593
585659.25,4509382,2,0,1,5,121,-73.9856,40.73092
586381,4503318.5,2,1,1,4.88,165,-73.97789,40.67623
587670.8125,4501815,2,1,1,4.71,70,-73.96284,40.66255
587678.1875,4503052,4,1,2,4.82,150,-73.96258,40.67369
583888.4375,4509365,3,1,1,4.38,392.1195652,-74.00657,40.73095
585698,4514645,2,1,0,4,150,-73.98442,40.77832
588384.6875,4504771,2,1,1,4.5,60,-73.95398,40.6891
586712.6875,4515633,7,2,2,4.95,350,-73.97226,40.78711
587437.25,4507290,1,1,1,4.82,69,-73.96484,40.71189
584412.375,4509335.5,2,1,1,4.58,120,-74.00037,40.73063
589519.6875,4506802,2,1,1,4.5,58,-73.94026,40.70727
588138.75,4502777.5,4,1,1,4.83,140,-73.95717,40.67117
587690.875,4518660.5,6,1,1,4.93,135,-73.960243,40.814278
587600.8125,4505240.5,2,1,1,4.66,96,-73.96319,40.69341
600484.5625,4511737.5,2,1,0,4.71,82.09782609,-73.80969,40.75046
586799.625,4511023,4,1,0,0,500,-73.97187,40.74558
593488.75,4511837,2,1,1,0,120,-73.89253,40.75218
587436,4503738.5,6,2,2,4.79,727.25,-73.96535,40.6799
585991.1875,4508944,10,2,4,4.77,2651.630435,-73.98173,40.72694
585576.6875,4502259,6,2,3,5,329,-73.98755,40.66677
587944.375,4504347.5,2,1,1,4.77,280.5434783,-73.95925,40.68533
584545.1875,4511021.5,4,1,2,4.84,560.5,-73.99857,40.7458
586599.875,4504407,5,1,2,4.7,199,-73.97515,40.68601
587482.4375,4504601.5,3,1,1,4.64,228,-73.96468,40.68767
586473.75,4500427.5,2,1,1,4.66,133.423913,-73.97719,40.65018
586008.125,4506097.5,2,1,1,4.71,85,-73.98192,40.7013
591265.375,4506099.5,2,0,1,0,60,-73.9197,40.70075
589030.375,4506810.5,2,0,1,4.85,99,-73.94605,40.7074
588590.625,4503377,2,1,0,4.47,69,-73.95174,40.67652
589440.8125,4507736,1,1,1,5,80,-73.94106,40.71569
588816.125,4501623.5,3,2,1,4.08,55,-73.94932,40.6607
587711.5,4507173.5,2,2,1,4.84,106.0326087,-73.96161,40.71081
583789.125,4509858,2,1,1,4.78,199,-74.00768,40.7354
591096.6875,4513224,4,1,1,4.52,91.43478261,-73.92066,40.76494
586810.375,4504765,2,1,1,4.8,99,-73.97261,40.68921
588990.625,4517710.5,2,1,0,4.67,169,-73.94497,40.80558
589301.625,4518010.5,6,1,2,4.55,165,-73.94124,40.80825
586787.125,4511442.5,2,1,1,4.67,363.9673913,-73.97196,40.74936
584756.8125,4508165,2,2,1,4.82,130.6630435,-73.99645,40.72005
591926.3125,4505469,1,2,1,4.89,45,-73.91197,40.695
588078,4513655,2,1,1,4.72,145,-73.95636,40.76915
589259.0625,4507256.5,2,1,1,4.69,83,-73.94328,40.71139
587844.25,4503808,4,1,2,4.54,100,-73.96051,40.68048
585600.125,4509236,2,1,1,4.69,150,-73.98632,40.72961
584463.125,4511182.5,3,2,1,5,254.3478261,-73.99952,40.74726
585260.9375,4504577,2,1,1,4.89,165,-73.99097,40.68768
586320.375,4510702,2,1,1,4.7,217.6086957,-73.97759,40.74274
589652.5625,4504822,3,1,1,4.35,98.54347826,-73.93897,40.68942
587837.1875,4507619,2,1,1,4.88,194.0108696,-73.96006,40.71481
585915.125,4508440.5,1,1,1,0,60,-73.9827,40.72241
589137.6875,4518104,3,1,2,4.9,160,-73.94317,40.80911
586830.1875,4503574,2,1,1,4.58,100.6304348,-73.97254,40.67848
587309.375,4503362,2,1,1,4.96,199,-73.9669,40.67652
589261.1875,4508483,2,1,1,4.91,75.45652174,-73.94308,40.72244
586719.75,4504779.5,3,1,1,4,138,-73.97368,40.68935
590437.25,4504439.5,2,1,1,4.69,117.9565217,-73.92974,40.68589
590393.625,4505800,4,1,2,4.69,150,-73.93006,40.69815
593828.5,4499646.5,4,1,1,4.84,99,-73.89033,40.64234
583976.6875,4508281.5,5,1,1,4.75,317.7826087,-74.00567,40.72118
587135.1875,4504885,1,1,1,4.92,75,-73.96875,40.69026
585692.625,4513144,2,1,1,4.73,90.08695652,-73.98469,40.7648
588227.125,4519688.5,2,1,1,5,95,-73.95374,40.82348
588491.75,4507276,2,1,1,4.68,108.5217391,-73.95236,40.71165
599192.75,4505610.5,4,1,2,4.62,95,-73.82596,40.69543
583948.75,4508214.5,2,1,0,4.78,181.2717391,-74.00601,40.72058
588050.8125,4517569.5,2,1,1,5,99,-73.95613,40.80441
587988.375,4509895.5,1,1,1,0,75,-73.95795,40.7353
589324.9375,4506838.5,2,1,1,4.98,999,-73.94256,40.70762
584969.375,4510624.5,5,2,3,5,350,-73.9936,40.74218
586691.5625,4515562.5,3,1,1,4.61,167.9347826,-73.97252,40.78648
585819.8125,4510759.5,1,1,1,4.75,110,-73.98351,40.74331
593497.8125,4506497,2,1,1,5,60.54347826,-73.89322,40.70408
583792.5,4506793,2,1,1,4.2,275,-74.00805,40.70779
585178.5,4503585.5,6,2,2,4.88,250,-73.99208,40.67876
584573.5,4509203,3,1,1,5,175,-73.99848,40.72942
587493.5625,4504162,1,0,1,5,55,-73.96461,40.68371
588690.0625,4504040,4,1,2,4.63,383.0434783,-73.95047,40.68248
584770.5625,4504076,5,2,3,4.67,450,-73.99684,40.68322
589088.8125,4518172.5,4,1,2,4.64,200.0869565,-73.94374,40.80973
587845.875,4518413,1,1,1,4.95,87.95652174,-73.95844,40.81203
587195.3125,4512344.5,4,1,1,4.35,245.5434783,-73.967,40.75744
589064.125,4500118.5,2,1,1,4.79,89.15217391,-73.9466,40.64712
585339.125,4504100.5,6,2,3,5,284.2391304,-73.99011,40.68338
589012,4505035,2,1,1,4.51,65,-73.94652,40.69141
589012,4505035,2,1,1,4.49,65.11956522,-73.94652,40.69141
588284.75,4518039.5,1,1,1,5,75.01086957,-73.95329,40.80862
589259.0625,4508939.5,3,1,1,5,240.8043478,-73.94304,40.72655
585126.375,4513129.5,3,1,1,4.91,85.95652174,-73.9914,40.76473
596420.0625,4508802.5,1,1,1,4.91,30,-73.85828,40.72451
591564.75,4504775.5,2,1,1,4.63,62,-73.91635,40.68879
588636.875,4501625.5,3,1,1,4.34,55,-73.95144,40.66074
586655.3125,4515057,2,1,1,4.74,165,-73.97302,40.78193
598660.625,4512129.5,2,1,1,4.57,61.64130435,-73.83123,40.75421
587167.5,4517714,3,1,1,5,107.173913,-73.96658,40.80581
587642.625,4507283.5,4,1,0,4.81,119.1956522,-73.96241,40.71181
589589.1875,4516281,2,1,1,4.9,133.9673913,-73.93808,40.79264
590678.4375,4502889,5,1,2,5,114.9456522,-73.92711,40.6719
585784.375,4508934,2,1,1,4.79,216.6304348,-73.98418,40.72687
588166.6875,4513575,2,1,1,4.86,114,-73.95532,40.76842
588486.6875,4504369.5,6,1,2,4.66,147.2282609,-73.95283,40.68547
588022.75,4518364,3,1,1,4.37,127.9347826,-73.95635,40.81157
586477.875,4503635,1,1,1,4.76,250,-73.9767,40.67907
586772.625,4515633.5,3,2,2,5,375,-73.97155,40.78711
579059.5625,4495921,2,1,1,4.88,88.26086957,-74.06544,40.61033
585368.5625,4513064.5,4,1,1,4.82,280,-73.98854,40.76412
585408.9375,4513367,6,1,2,4.44,225,-73.98802,40.76684
592083.75,4503882.5,4,1,1,4.83,120.6521739,-73.91034,40.68069
588421.375,4506871,2,1,1,4.52,114.173913,-73.95325,40.70801
589356.875,4508185.5,2,1,1,5,160,-73.94199,40.71975
586577,4503252,3,1,2,4.91,115,-73.97558,40.67561
589849.6875,4516577.5,2,1,1,4.29,56.04347826,-73.93495,40.79528
586805.3125,4512199,1,2,1,4.87,199,-73.97164,40.75617
589052.875,4516742,1,1,1,4.63,115,-73.94437,40.79685
587002.0625,4515854,7,2,2,4.77,519.5652174,-73.9688,40.78907
583149.25,4506973.5,1,0,1,4.58,55,-74.01564,40.70948
586771,4511234.5,1,1,1,4.54,151,-73.97218,40.74749
585885.5625,4513029.5,4,1,0,5,250,-73.98242,40.76375
588086.0625,4517725,3,1,1,4.56,164.673913,-73.95569,40.80581
589083.6875,4504977,2,1,1,4.11,80.86956522,-73.94568,40.69088
585718.1875,4508377,7,1,2,4.88,350.3804348,-73.98504,40.72186
586331.5,4501977,1,1,1,4.73,200,-73.97866,40.66415
588667.3125,4514414.5,2,2,2,0,550,-73.94927,40.77593
588072.5625,4504371,2,1,1,4.67,50,-73.95773,40.68553
589206.4375,4520028,2,1,1,5,115,-73.94208,40.82643
590807.4375,4510032,2,2,1,4.52,200,-73.92455,40.73622
588252.25,4492557.5,4,1,1,4.43,60,-73.95726,40.5791
588289.8125,4511106,1,1,1,4.8,60,-73.95421,40.74617
584965.1875,4512316,2,1,1,4.78,105,-73.99342,40.75742
588518.8125,4507699.5,1,2,1,4.8,80,-73.95198,40.71546
588411.0625,4509722,3,1,2,4,140,-73.95297,40.73369
588790.1875,4516766.5,1,1,1,4.84,65,-73.94748,40.7971
584766.1875,4510596.5,2,1,1,3,214.673913,-73.99601,40.74195
591378.6875,4512194,2,1,1,4,78,-73.91747,40.75563
585501.4375,4513688,2,1,1,4.55,150,-73.98688,40.76972
591804.3125,4505836.5,4,1,0,4.61,135,-73.91336,40.69832
590483.5625,4506463,7,1,2,4.62,167.6630435,-73.9289,40.70411
588760.625,4514444.5,4,1,0,4.5,260.326087,-73.94816,40.77619
587964.25,4508228,2,1,1,4.82,79,-73.95847,40.72028
589844.0625,4506456.5,2,1,1,4.81,50,-73.93647,40.70412
588316.375,4502270,4,1,1,4.63,155.8695652,-73.95514,40.66658
588032.875,4519218,4,1,2,4.18,150,-73.95611,40.81926
585843.375,4502294.5,5,2,3,4.73,196.0108696,-73.98439,40.66706
591309.375,4511308,1,1,1,5,51.4673913,-73.91842,40.74766
585169.5,4508860,3,1,0,5,350,-73.99147,40.72627
591185.1875,4513441.5,2,1,1,4.89,78,-73.91958,40.76689
586095.6875,4514559.5,3,1,1,4.33,120,-73.97972,40.77751
590618.125,4503605.5,2,1,1,4.58,73.48913043,-73.92772,40.67836
587252.8125,4516919,4,1,2,4.8,115,-73.96568,40.79864
585234.875,4502652.5,3,1,1,4.69,124,-73.99154,40.67035
585066.6875,4512153,2,1,1,4.67,119,-73.99224,40.75594
584726.3125,4511441.5,2,1,1,4.59,125,-73.996368,40.749565
585129.875,4512751,4,1,0,0,175,-73.99141,40.76132
585327,4509119.5,2,1,1,0,120,-73.98957,40.72859
585430.25,4514225.5,4,2,2,5,300,-73.98765,40.77457
586271.25,4514558.5,4,1,1,4.67,6000,-73.97764,40.77748
585690.6875,4502123,2,2,1,0,85.31521739,-73.98622,40.66553
583364.25,4507010,8,1,1,4.85,299.5326087,-74.01309,40.70979
585358.625,4513192.5,4,1,1,4.62,170,-73.98864,40.76527
590307.5,4504408,5,1,2,4.92,150,-73.93128,40.68562
588588.875,4507489,2,1,2,4.83,120,-73.95118,40.71356
589271.5,4518552,6,1,1,4.52,165,-73.94152,40.81313
586196.5,4515684.5,4,2,2,5,300,-73.97837,40.78763
588727.3125,4502902.5,2,1,1,0,150,-73.95019,40.67223
584968.375,4507690,2,1,1,4.65,185,-73.99401,40.71575
586389.75,4510622,3,1,1,4.77,125.7717391,-73.97678,40.74201
590840.9375,4506051,3,1,1,4.91,105,-73.92473,40.70036
588154.0625,4517962.5,2,1,1,5,95,-73.95485,40.80794
591766.4375,4506507.5,2,1,1,4,95,-73.91371,40.70437
584756.875,4495933,3,1,1,0,42.64130435,-73.9981,40.60987
586306,4515486,5,2,3,0,1000,-73.9771,40.78583
588658.75,4514781,3,1,1,4.6,175,-73.94932,40.77923
591383.625,4513366.5,1,1,1,0,65,-73.91724,40.76619
586436.375,4511257.5,2,1,0,4.47,175,-73.97614,40.74773
588345.4375,4517198.5,2,1,1,4.56,49.09782609,-73.95269,40.80104
589465.75,4509029.5,6,2,2,5,199,-73.94058,40.72734
589456.5,4508816.5,3,1,1,4.86,169,-73.94072,40.72542
586102.5,4510634,3,1,3,0,2750,-73.98018,40.74215
586093.75,4512912,3,1,2,4.92,311.4565217,-73.97997,40.76267
585612.5,4515107,6,5,4,0,800,-73.98537,40.78249
588323.0625,4502062.5,2,1,1,4.94,94.40217391,-73.95509,40.66471
588394.5625,4514991,2,1,1,4.81,115,-73.95242,40.78115
586185.4375,4513156.5,2,1,1,0,600,-73.97885,40.76486
585660.125,4513470,4,1,0,0,425,-73.98503,40.76774
585042.5,4513011,4,1,1,4.36,150,-73.99241,40.76367
586416.125,4515091,4,2,2,5,650,-73.97585,40.78226
588384.9375,4506948.5,1,1,1,4.75,55,-73.95367,40.70871
588438.4375,4514780.5,3,1,1,4.89,155,-73.95193,40.77925
589865.375,4504694.5,5,1,2,4.8,143.3586957,-73.93647,40.68825
585665.4375,4508192,2,1,1,0,75,-73.98569,40.7202
588225.6875,4502508,3,1,1,4.77,70,-73.95618,40.66873
583597.5,4508128.5,2,1,0,5,110,-74.01018,40.71984
589153.9375,4520953,2,1,1,4.83,113.5326087,-73.94257,40.83477
591145.5,4505266.5,3,1,1,4.26,80.76086957,-73.92124,40.69326
588315.5,4508598.5,4,1,2,4.96,325,-73.95426,40.72358
587742.4375,4500401.5,1,0,1,0,39,-73.96219,40.64981
587845.5,4507985.5,2,1,1,0,90,-73.95991,40.71811
596901.625,4503809.5,2,1,1,0,30,-73.85335,40.67948
584704.5,4511338.5,2,2,1,4.83,119,-73.99664,40.74864
604107.375,4502977.5,2,1,1,4.59,150,-73.76824,40.67111
588035.25,4510716.5,4,2,2,4.9,395,-73.95728,40.74269
585341.3125,4509345,4,1,1,4,245,-73.98937,40.73062
591306,4514458,4,1,2,5,150,-73.918,40.77603
585919.75,4510370,4,1,0,4.72,210,-73.98238,40.73979
588224.625,4504443,6,1,2,4.62,186.4456522,-73.95592,40.68616
588051.5,4517225,2,1,1,4.85,152.0434783,-73.95617,40.80131
589067.75,4522018,3,1,1,4.5,88.5326087,-73.94344,40.84437
588027.0625,4508274,2,1,1,5,89,-73.95772,40.72069
600437.4375,4493337.5,4,1,2,4.71,140,-73.81319,40.58474
588457,4514149,2,1,1,0,219,-73.9518,40.77356
587830.625,4500168.5,3,1,1,4.66,39.20652174,-73.96118,40.6477
588160.8125,4504550,4,1,0,4.95,99.88043478,-73.95666,40.68713
585508.0625,4509458,2,1,1,0,174,-73.98738,40.73162
587992.375,4513826,2,1,1,4.5,119,-73.95735,40.7707
591341.75,4514569.5,5,1,1,4.89,86.65217391,-73.91756,40.77703
585986.375,4509940,2,1,1,5,200,-73.98165,40.73591
586825.5625,4516731,2,1,1,4.83,142.826087,-73.97077,40.79699
588706.25,4507140,1,1,1,4.61,51.4673913,-73.94984,40.7104
595024.875,4511751,1,1,1,4.7,50,-73.87435,40.75123
586095.4375,4513126.5,2,1,1,4.84,125,-73.97992,40.7646
588463.9375,4517871.5,1,1,1,4.86,98.85869565,-73.95119,40.80709
588425.1875,4520263,4,1,1,4.73,90,-73.95131,40.82863
588202.1875,4514283.5,4,1,1,4.5,150,-73.9548,40.7748
590893.1875,4512263.5,1,1,1,4.82,70,-73.92321,40.75631
589704.5625,4504085.5,4,1,0,4.87,140.2173913,-73.93846,40.68278
585886.875,4513238.5,3,1,1,0,307.423913,-73.982376,40.765633
586620,4516557.5,2,1,1,4.58,140,-73.97323,40.79545
584935.75,4509209.5,3,2,1,5,200.9565217,-73.99419,40.72944
585940.1875,4513269,4,2,1,5,409,-73.98174,40.7659
584375.8125,4503711,6,2,4,4.92,325,-74.00156,40.67997
588142.875,4513945.5,2,1,1,4.7,117,-73.95555,40.77176
589722.1875,4503957,2,1,1,4.64,95.86956522,-73.93827,40.68162
585912.125,4508259.5,2,1,1,0,275,-73.98276,40.72078
589701.8125,4504036.5,2,1,0,5,120,-73.9385,40.68234
585132.9375,4513071,2,1,0,0,189,-73.99133,40.7642
592617.375,4510898,2,1,1,4,55,-73.90299,40.74382
586107.1875,4510372,3,1,1,0,269.4021739,-73.98016,40.73979
590420.6875,4517836.5,3,1,0,4.56,120,-73.928,40.80656
588120.9375,4514085,2,1,1,4.29,100,-73.95579,40.77302
585903.625,4514601,2,1,1,5,200,-73.98199,40.7779
591168.5625,4512803,2,1,1,4.87,65,-73.91987,40.76114
584451.1875,4509193,2,1,1,4.16,90.57608696,-73.99993,40.72934
588936.3125,4521309,2,1,1,4.6,45.0326087,-73.9451,40.838
591061.5625,4505564,1,1,1,0,56.63043478,-73.92219,40.69595
585451.9375,4507588,6,2,2,4.75,185,-73.9883,40.71478
588840.1875,4515413.5,6,2,3,4.57,429.3478261,-73.94708,40.78491
586234.9375,4504683.5,1,1,0,5,105.8695652,-73.97943,40.68854
588105.4375,4514040.5,2,1,1,4.89,119,-73.95598,40.77262
587337.6875,4517015.5,2,1,1,3.8,150,-73.96466,40.7995
591295.8125,4514258,2,1,1,4.4,47.06521739,-73.91815,40.77423
584792.9375,4503449,4,1,2,5,149,-73.99666,40.67757
589426.625,4521900,2,1,1,4.9,50,-73.9392,40.84327
595934.625,4505452,2,1,1,4.7,55.88043478,-73.86454,40.69439
596094.6875,4505424.5,2,1,1,4.51,44.02173913,-73.86265,40.69412
585009.8125,4512915,4,1,1,4.81,246.6521739,-73.99281,40.76281
585045.125,4502539.5,4,2,2,4.68,445,-73.9938,40.66935
588329.1875,4517358.5,2,1,1,4.8,82.75,-73.95286,40.80248
588956.3125,4521049.5,2,1,4,4.93,56.63043478,-73.9449,40.83566
591215.3125,4520646.5,1,1,4,4.8,30.05434783,-73.91817,40.83178
588865.8125,4514193,2,1,1,3.5,55,-73.94695,40.77391
585942.375,4509221,2,1,0,5,150.0434783,-73.98227,40.72944
588045.375,4513839,2,1,1,4.75,117,-73.95672,40.77081
588735.75,4519471.5,1,1,1,5,50,-73.94774,40.82147
587818.5625,4502978,3,1,1,5,135,-73.96093,40.67301
585821.3125,4514346.5,2,1,0,5,215,-73.983,40.77562
589530.5,4519173.5,4,1,2,5,150,-73.93836,40.8187
587459.9375,4499260,1,1,1,0,40,-73.96569,40.63956
588391.375,4504355,4,2,0,4.83,700,-73.95396,40.68535
600084.25,4493354,4,1,1,4.94,145.6521739,-73.81736,40.58493
587698.5,4507915,8,2,3,0,250,-73.96166,40.71749
587987.6875,4507391,4,2,2,4.68,130.2934783,-73.95831,40.71274
587651.375,4500451.5,2,1,1,4.5,60,-73.96326,40.65027
585253.75,4504246,2,1,1,4.95,125,-73.9911,40.6847
585411.9375,4508270,2,1,1,4.44,67.5,-73.98868,40.72093
587988.0625,4501510,12,2,4,4.5,542.423913,-73.95913,40.65977
587234.5,4504051.5,2,1,1,4.17,115,-73.96769,40.68274
589116.5625,4518597,2,2,1,4.97,80.83695652,-73.94335,40.81355
589193.5,4519979,3,1,2,4.83,62.26086957,-73.94224,40.82599
585052.75,4504899,2,1,1,0,120.8695652,-73.99339,40.6906
588515.375,4514628,2,1,0,4.86,125,-73.95104,40.77787
586843.375,4517295,2,1,1,0,135,-73.97048,40.80207
587205.6875,4517123,2,2,1,4,43.76086957,-73.96621,40.80048
589491.9375,4521102.5,1,2,1,5,45.01086957,-73.93854,40.83608
588994.0625,4495867,6,2,3,4.7,250,-73.94803,40.60883
586641.875,4500805,2,1,1,4.29,85.27173913,-73.97515,40.65356
586673.3125,4500210,3,1,1,4.92,150,-73.97486,40.6482
586444.5625,4516337,4,2,2,5,290,-73.97534,40.79348
585757.5,4504314,3,1,1,4.83,115,-73.98513,40.68526
589001.4375,4520382,2,1,1,4.63,100,-73.94446,40.82964
590254.5,4505707.5,1,1,1,0,34,-73.93172,40.69733
587849.375,4513214.5,4,1,2,4.92,274.7065217,-73.95913,40.76521
586406.8125,4503059.5,5,2,2,4.94,655.076087,-73.97762,40.67389
587949.5625,4517638,3,1,1,4.91,275,-73.95732,40.80504
588295.0625,4518944.5,5,1,3,0,200,-73.95304,40.81677
585700.375,4513349.5,2,1,1,0,150,-73.98457,40.76665
570758.625,4488200,3,1,1,4.86,72.09782609,-74.16442,40.54153
589555.625,4517381,4,1,2,4,70,-73.93832,40.80255
583220.1875,4503282.5,4,1,1,4.45,212.9782609,-74.01529,40.67623
588104.125,4507051.5,3,1,1,4.83,234.7608696,-73.95698,40.70967
589790.25,4507481.5,3,1,1,4.69,188.1521739,-73.93696,40.71336
592312.5625,4514685.5,1,1,1,4.5,100,-73.90604,40.77797
588241.8125,4508189,6,1,2,5,150,-73.95519,40.7199
590241.3125,4523954,2,1,1,4.68,80,-73.92924,40.86168
589170.8125,4505320,2,1,1,4.77,92.56521739,-73.9446,40.69396
585810.4375,4507924,3,1,1,4.76,105.6195652,-73.98401,40.71777
590541.8125,4506260.5,2,3,1,5,51.08695652,-73.92824,40.70228
588047.3125,4507850,2,1,2,4.86,200,-73.95754,40.71687
584347.1875,4509795.5,3,1,0,4.65,309.8695652,-74.00108,40.73478
585754.4375,4501727,2,1,0,0,150,-73.98552,40.66196
589429.375,4520980,2,1,1,4.33,75,-73.9393,40.83498
589505.5625,4522694,8,1,2,0,150,-73.93815,40.85041
591187,4513637,2,1,1,5,85,-73.91953,40.76865
585719.25,4511059.5,3,1,1,4.31,148,-73.98466,40.74602
585979.5625,4509365,4,1,1,4.6,160,-73.98181,40.73073
586256.9375,4510570.5,2,1,0,4.7,149.3478261,-73.97836,40.74156
583380.5,4506842.5,2,1,1,4.67,160,-74.01292,40.70828
585970.125,4502446,2,1,1,4.83,121.7391304,-73.98287,40.66841
593630.9375,4511811,1,1,1,5,50,-73.89085,40.75193
586202.8125,4514634.5,2,1,2,0,200,-73.97844,40.77817
585181.875,4512635,2,1,0,0,190,-73.99081,40.76027
591544,4510907,4,1,1,4.62,121.6304348,-73.9157,40.74402
591151.4375,4514190.5,2,1,1,4.39,45.84782609,-73.91987,40.77364
