X1,X2,X3,Y,U,V,Beta0,Beta1,Beta2,Beta3,Sigema
0.359904589926697,1.81456130847676,0.462884451335393,8.26771069867991,0,0,0,2.25,4,0,0.199680137437817
0.966012350087013,1.31615294982942,1.97292179502317,7.74993297282655,1.05263157894737,0,0.105263157894737,2.39958448753463,3.89163448340127,0.210859490603606,-0.211353924789675
1.12321190085067,1.64149343635763,0.951423735697654,9.24379118649488,2.10526315789474,0,0.210526315789474,2.53254847645429,3.57828101879279,0.754514512859201,-0.402911539783346
0.247407927691806,0.767757919345485,1.33249981216847,5.22645591285592,3.15789473684211,0,0.315789473684211,2.648891966759,3.09389631624485,1.40169542465297,0.0121872784980893
0.238206451012515,0.459223987608929,0.419236767633443,3.13382258366838,4.21052631578947,0,0.421052631578947,2.74861495844875,2.4909709742816,1.87947375120649,0.126174013502044
1.06559025797424,1.23991095844073,0.426920593326202,6.96407106088396,5.26315789473684,0,0.526315789473684,2.83171745152355,1.83484130905534,1.98636130340272,0.2972463494248
0.0383276689705696,0.867115184370548,1.456014542476,4.03093569197306,6.31578947368421,0,0.631578947368421,2.89819944598338,1.19660915069406,1.67728157162574,-0.191468808809353
1.63603210632174,1.07686604218863,1.5905177762456,8.03785996299252,7.36842105263158,0,0.736842105263158,2.94806094182825,0.645436856748518,1.08257934547233,0.0609847789257125
1.57521428144514,0.705818739894509,0.186478057604347,5.57545970465869,8.42105263157895,0,0.842105263157895,2.98130193905817,0.241052497587022,0.453051841877573,-0.217458547766432
1.30841798410319,1.66083537944524,0.661714091275195,5.20301691592659,9.47368421052632,0,0.947368421052632,2.99792243767313,0.0272773931945554,0.0541827582993655,0.251956108128544
1.05593280114277,1.83456483045913,0.744556983036921,4.61741075162238,10.5263157894737,0,1.05263157894737,2.99792243767313,0.0272773931945551,0.054182758299365,0.308790238180732
0.837439941311889,0.268436206968493,1.07823435141365,4.10476984728658,11.5789473684211,0,1.15789473684211,2.98130193905817,0.241052497587021,0.453051841877572,-0.10298948744959
1.78160632110792,0.200924692482429,1.89079051032911,8.78108992716987,12.6315789473684,0,1.26315789473684,2.94806094182825,0.645436856748518,1.08257934547233,0.0890330684040191
0.544508559603787,0.61126573516667,0.322053863138826,4.45428701127784,13.6842105263158,0,1.36842105263158,2.89819944598338,1.19660915069406,1.67728157162574,0.236150370949557
1.08979530449772,1.83811361641947,1.06045887811421,10.3328902917148,14.7368421052632,0,1.47368421052632,2.83171745152355,1.83484130905533,1.98636130340272,0.294112425374408
0.882430440523007,1.56383427593785,0.507269346301407,8.87063391781674,15.7894736842105,0,1.57894736842105,2.74861495844875,2.4909709742816,1.87947375120649,0.0173598296705961
1.05602973654132,1.77696100679922,1.64259618360138,12.3131630206549,16.8421052631579,0,1.68421052631579,2.648891966759,3.09389631624485,1.40169542465297,0.0314911404028198
1.31327696232749,0.270079377970491,1.05509706665461,7.39619718215654,17.8947368421053,0,1.78947368421053,2.53254847645429,3.57828101879279,0.754514512859201,0.518279966815765
1.19932866697737,0.0136714658319612,0.235403745108153,5.08667270498505,18.9473684210526,0,1.89473684210526,2.39958448753463,3.89163448340127,0.210859490603607,0.211203936495313
1.89713495160339,0.749795126673212,1.54240230332148,9.17839362033723,20,0,2,2.25,4,0,-0.08934052746325
1.65312723020544,0.369647590117004,1.72510702714055,5.92737416523429,0,1.05263157894737,0.105263157894737,2.39958448753463,3.89163448340127,0.210859490603607,0.0530040524324126
1.87756228212035,1.93204039355995,0.964109314829845,13.2179546272386,1.05263157894737,1.05263157894737,0.210526315789474,2.55911365014081,3.78326896680254,0.421718981207213,0.486521384698649
1.08693768205686,0.420941349402904,0.654402438127305,5.31534093494432,2.10526315789474,1.05263157894737,0.315789473684211,2.70091735023519,3.46991550219406,0.965374003462807,-0.0285513982100836
0.661087082555224,1.75297017037288,1.4141716062583,9.59007576272424,3.15789473684211,1.05263157894737,0.421052631578947,2.82499558781777,2.98553079964612,1.61255491525658,-0.212520769433798
1.12122530839914,0.436227522577277,0.231905327025139,5.06646293979232,4.21052631578947,1.05263157894737,0.526315789473684,2.93134836288856,2.38260545768287,2.0903332418101,-0.270672312003976
0.845723102327184,0.998799676051135,1.16044536095122,7.45514093846647,5.26315789473684,1.05263157894737,0.631578947368421,3.01997567544755,1.72647579245661,2.19722079400633,-0.00465934570005965
0.524595570610263,0.519984279618399,0.0451494563978467,2.84663920914271,6.31578947368421,1.05263157894737,0.736842105263158,3.09087752549474,1.08824363409533,1.88814106222935,-0.162781679980281
1.31972727676984,1.35630371155399,0.984585731091259,6.73916499014281,7.36842105263158,1.05263157894737,0.842105263157895,3.14405391303013,0.537071340149788,1.29343883607594,-0.254167255729988
1.43813614898283,0.429271626328857,1.13155105538236,6.24237911751674,8.42105263157895,1.05263157894737,0.947368421052632,3.17950483805373,0.132686980988291,0.66391133248118,-0.085758472077677
0.504510387513147,0.33903460953413,1.80136907588399,3.19211850974317,9.47368421052632,1.05263157894737,1.05263157894737,3.19723030056553,0.0810881234041754,0.265042248902972,0.0215204416559597
1.72783255785702,1.66236104968872,1.38412735219408,7.20052764025025,10.5263157894737,1.05263157894737,1.15789473684211,3.19723030056553,0.0810881234041756,0.265042248902972,0.0167043309909414
0.443948663833043,0.778902393989017,0.420290977351685,3.25553845398816,11.5789473684211,1.05263157894737,1.26315789473684,3.17950483805373,0.132686980988291,0.663911332481179,0.19845748480034
0.710714182658453,0.0302133399619242,0.707567855623289,4.40967262595451,12.6315789473684,1.05263157894737,1.36842105263158,3.14405391303013,0.537071340149787,1.29343883607594,-0.124694596316277
1.35555703354551,1.24811772112318,1.39218188709029,9.53879400098631,13.6842105263158,1.05263157894737,1.47368421052632,3.09087752549474,1.08824363409533,1.88814106222935,-0.111642930773124
0.996040741554086,1.41425952750246,1.6988618979488,11.3252227300574,14.7368421052632,1.05263157894737,1.57894736842105,3.01997567544755,1.7264757924566,2.19722079400633,0.563797023586032
1.07182382091796,0.935496993477503,1.29384807717529,9.52808508174889,15.7894736842105,1.05263157894737,1.68421052631579,2.93134836288856,2.38260545768287,2.0903332418101,-0.23150833519673
0.249767960112916,1.01358464625095,0.485156414779137,6.3227743992019,16.8421052631579,1.05263157894737,1.78947368421053,2.82499558781777,2.98553079964612,1.61255491525658,0.0192777889431502
1.69776206277869,1.96355459594252,1.62788216530528,14.4530231974834,17.8947368421053,1.05263157894737,1.89473684210526,2.70091735023519,3.46991550219406,0.965374003462808,-0.412112311503662
0.669760762569337,0.336274395821105,1.10351612602066,5.45373892255235,18.9473684210526,1.05263157894737,2,2.55911365014081,3.78326896680254,0.421718981207213,0.00215483028102556
0.586979824959026,1.67161285879902,0.948946710437403,10.0486408011662,20,1.05263157894737,2.10526315789474,2.39958448753463,3.89163448340127,0.210859490603607,-0.170530703368044
0.401745764350385,0.200166400119647,1.99858026406682,2.99887887065592,0,2.10526315789474,0.210526315789474,2.53254847645429,3.57828101879279,0.754514512859201,-0.453297513061695
1.93738708292202,1.05537824027152,1.0150156673498,10.0075330401752,1.05263157894737,2.10526315789474,0.315789473684211,2.70091735023519,3.46991550219406,0.965374003462807,-0.182921874858032
0.408113215773656,1.82312303449885,0.810255524699319,8.08725163528802,2.10526315789474,2.10526315789474,0.421052631578947,2.85057857137376,3.15656203758557,1.5090290257184,-0.474659849436604
0.777644617308316,0.24176569052552,1.73111241867317,7.67695733115564,3.15789473684211,2.10526315789474,0.526315789473684,2.98153213987001,2.67217733503764,2.15620993751217,0.453386523074465
0.427375162284764,0.340943698172679,0.0632801828034288,2.54413940698527,4.21052631578947,2.10526315789474,0.631578947368421,3.09377805572394,2.06925199307439,2.63398826406569,-0.281821124843347
1.20569581536703,0.215075058341748,0.368842106350986,5.95362346247578,5.26315789473684,2.10526315789474,0.736842105263158,3.18731631893555,1.41312232784812,2.74087581626192,0.0589696327984881
0.617738183371538,0.031315017094607,0.318209645360796,3.47682188550603,6.31578947368421,2.10526315789474,0.842105263157895,3.26214692950484,0.774890169486848,2.43179608448494,-0.178522764312873
0.957357095230986,0.674460317102626,1.98260568796821,8.07368343192937,7.36842105263158,2.10526315789474,0.947368421052632,3.3182698874318,0.223717875541305,1.83709385833153,0.156424228113893
1.3029386075538,1.99797242333548,0.513802820161886,6.63551922833747,8.42105263157895,2.10526315789474,1.05263157894737,3.35568519271645,0.180666483620191,1.20756635473677,0.229218206312753
1.44985531968764,0.58508820801581,0.119644507671788,6.51475196936936,9.47368421052632,2.10526315789474,1.15789473684211,3.37439284535877,0.394441588012657,0.808697271158566,0.136936506207416
0.553313973110003,1.64128975949196,0.65001514106656,4.12790002380655,10.5263157894737,2.10526315789474,1.26315789473684,3.37439284535877,0.394441588012658,0.808697271158566,-0.175414992944924
0.89456990495315,1.70863161056447,1.13530088133206,6.3661994507536,11.5789473684211,2.10526315789474,1.36842105263158,3.35568519271645,0.180666483620191,1.20756635473677,0.316239802538383
0.977215117727578,1.86420101340891,0.184233130509323,5.42179420554744,12.6315789473684,2.10526315789474,1.47368421052632,3.3182698874318,0.223717875541305,1.83709385833153,-0.0500621465390758
0.0819821195972894,1.09435008356707,1.88846227807084,7.55797566890509,13.6842105263158,2.10526315789474,1.57894736842105,3.26214692950484,0.774890169486847,2.43179608448494,0.271234285522023
1.23036516360805,1.80394663000244,0.469982210864762,9.58826100351539,14.7368421052632,2.10526315789474,1.68421052631579,3.18731631893555,1.41312232784812,2.74087581626192,0.145127376046503
1.8879776162804,0.67556771566493,1.04842894316792,11.4293044115785,15.7894736842105,2.10526315789474,1.78947368421053,3.09377805572394,2.06925199307438,2.63398826406569,-0.36062236568576
1.72495763175175,0.0336094666921898,1.73913184175338,11.2132710695197,16.8421052631579,2.10526315789474,1.89473684210526,2.98153213987001,2.67217733503764,2.15620993751217,0.335773793462503
0.00998646237805323,0.865496613992749,1.27473163786632,6.49819869324803,17.8947368421053,2.10526315789474,2,2.85057857137376,3.15656203758557,1.5090290257184,-0.185869299340886
1.0876053156662,0.446040401103546,1.16497195902082,7.33358459745888,18.9473684210526,2.10526315789474,2.10526315789474,2.70091735023519,3.46991550219406,0.965374003462808,-0.381566774122613
0.205270981406939,1.63413296618481,0.735061146627613,9.31786716923532,20,2.10526315789474,2.21052631578947,2.53254847645429,3.57828101879279,0.754514512859201,0.185480864171308
1.51106232340884,0.127269290339519,1.1747072979299,6.22582997544095,0,3.15789473684211,0.315789473684211,2.648891966759,3.09389631624485,1.40169542465297,-0.132940181360462
0.085891544681348,0.588209671434356,0.731765831119851,3.05247834440989,1.05263157894737,3.15789473684211,0.421052631578947,2.82499558781777,2.98553079964612,1.61255491525658,-0.547348200430846
1.65434732762971,0.0424414488536906,0.257616160045978,6.20817389093225,2.10526315789474,3.15789473684211,0.526315789473684,2.98153213987001,2.67217733503764,2.15620993751217,0.0804827715746559
0.469469887498071,1.55495842010079,1.10126378726452,7.943157236842,3.15789473684211,3.15789473684211,0.631578947368421,3.11850162291572,2.18779263248971,2.80339084930594,-0.641663715812923
0.889449868170771,1.94265905075046,1.72904110552844,12.3482095339318,4.21052631578947,3.15789473684211,0.736842105263158,3.2359040369549,1.58486729052645,3.28116917585946,-0.0189401558475794
0.639027182299864,0.92011222723003,1.5548330828958,9.55434002882396,5.26315789473684,3.15789473684211,0.842105263157895,3.33373938198755,0.92873762530019,3.38805672805569,0.459479149436476
0.429030330907179,1.54960277553955,1.20139222051393,6.80050156143492,6.31578947368421,3.15789473684211,0.947368421052632,3.41200765801367,0.290505466938915,3.07897699627871,0.240051277458306
1.44632865122331,1.16289551780544,0.453130920987384,7.71368302275979,7.36842105263158,3.15789473684211,1.05263157894737,3.47070886503326,0.260666827006628,2.4842747701253,0.212435772920884
0.319029545011549,1.8747916013726,1.2629837653053,5.79937496937065,8.42105263157895,3.15789473684211,1.15789473684211,3.50984300304632,0.665051186168124,1.85474726653054,-0.0676114484786293
1.93152889975452,1.73708152469729,1.54204397099424,12.2246708913839,9.47368421052632,3.15789473684211,1.26315789473684,3.52941007205285,0.878826290560591,1.45587818295233,0.372734356117553
0.873685415102275,1.10087252428253,1.18134338355977,7.18245764735617,10.5263157894737,3.15789473684211,1.36842105263158,3.52941007205285,0.878826290560591,1.45587818295233,0.0430747152618847
1.55019859904384,0.281776885515531,1.68763980851174,9.72795045782913,11.5789473684211,3.15789473684211,1.47368421052632,3.50984300304632,0.665051186168125,1.85474726653054,-0.504228832555558
0.357201368878521,0.422206677367424,1.99359075381864,7.60090205100516,12.6315789473684,3.15789473684211,1.57894736842105,3.47070886503326,0.260666827006628,2.4842747701253,-0.280469761581697
0.716139157933862,1.34866913051055,0.254188792586517,5.25373234416521,13.6842105263158,3.15789473684211,1.68421052631579,3.41200765801367,0.290505466938914,3.07897699627871,-0.0483876738151901
0.670101543029726,0.572335271047847,0.741156071302882,7.26030298014012,14.7368421052632,3.15789473684211,1.78947368421053,3.33373938198755,0.928737625300188,3.38805672805569,0.194257277575203
0.616440146689134,0.589204139347428,0.112883187652376,5.3141082907278,15.7894736842105,3.15789473684211,1.89473684210526,3.2359040369549,1.58486729052645,3.28116917585946,0.12043108571783
0.712815863691885,1.66226390268826,1.11663981999426,10.6988772677382,16.8421052631579,3.15789473684211,2,3.11850162291572,2.18779263248971,2.80339084930594,-0.291106732922542
1.22848308493961,0.205225820334902,0.118048161011254,6.71217435030326,17.8947368421053,3.15789473684211,2.10526315789474,2.98153213987001,2.67217733503764,2.15620993751217,0.14121298783347
1.12036323604094,0.123162698513704,0.891434232159875,7.03238126433683,18.9473684210526,3.15789473684211,2.21052631578947,2.82499558781777,2.98553079964612,1.61255491525658,-0.148358932499112
0.220201666135025,1.19203410508682,1.90166293989989,8.92546720671241,20,3.15789473684211,2.31578947368421,2.648891966759,3.09389631624485,1.40169542465297,-0.327194860119949
0.248487443588029,0.559719133474088,0.987762486157256,4.77373277953687,0,4.21052631578947,0.421052631578947,2.74861495844875,2.4909709742816,1.87947375120649,0.418966063132149
1.78216012542933,0.119992202627136,0.0480640157787897,6.55997726687671,1.05263157894737,4.21052631578947,0.526315789473684,2.93134836288856,2.38260545768287,2.0903332418101,0.423165424544409
1.18502255680808,1.87332342221119,0.018033000480586,8.19119177630037,2.10526315789474,4.21052631578947,0.631578947368421,3.09377805572394,2.06925199307439,2.63398826406569,-0.03046088957396
1.5297630547991,1.54128736096318,1.29533046870706,12.2261863192056,3.15789473684211,4.21052631578947,0.736842105263158,3.2359040369549,1.58486729052645,3.28116917585946,-0.153756560832019
1.18037725353068,0.144368639822638,0.85746934699678,8.47050729942879,4.21052631578947,4.21052631578947,0.842105263157895,3.35772630658144,0.981941948563197,3.75894750241298,0.300074396612471
0.793978090986844,0.0782977552813326,0.423357748350294,5.56049968021248,5.26315789473684,4.21052631578947,0.947368421052632,3.45924486460356,0.325812283336934,3.86583505460921,0.204425030664519
1.60909240257079,0.979500423112855,0.113166390151586,6.96237441035212,6.31578947368421,4.21052631578947,1.05263157894737,3.54045971102125,0.31241987502434,3.55675532283223,-0.495704551520067
0.232770678235417,1.7771380102132,0.783767973125651,5.53010051533959,7.36842105263158,4.21052631578947,1.15789473684211,3.60137084583452,0.863592168969883,2.96205309667882,-0.322372576538035
1.79337558651881,1.68311927108167,1.37797351823618,12.9540915508138,8.42105263157895,4.21052631578947,1.26315789473684,3.64197826904336,1.26797652813138,2.33252559308406,-0.188815485912516
1.53241603338317,0.177768711200317,1.66887947488143,10.4095654223172,9.47368421052632,4.21052631578947,1.36842105263158,3.66228198064779,1.48175163252385,1.93365650950585,-0.0614439944472545
1.90427316006655,0.244356665896431,1.37433730694189,11.5156988471928,10.5263157894737,4.21052631578947,1.47368421052632,3.66228198064779,1.48175163252385,1.93365650950585,0.0484571878885036
1.95910324933629,1.77828133682826,0.487102321887704,12.1932013856021,11.5789473684211,4.21052631578947,1.57894736842105,3.64197826904336,1.26797652813138,2.33252559308406,0.0882449285199651
1.87456445076209,1.38050225288059,0.836745744835293,12.1605069801735,12.6315789473684,4.21052631578947,1.68421052631579,3.60137084583452,0.863592168969884,2.96205309667882,0.0546184327901933
0.0475951869203239,1.91450157458234,1.5367515861978,8.02747901502824,13.6842105263158,4.21052631578947,1.78947368421053,3.54045971102125,0.312419875024341,3.55675532283223,0.00551876234296621
1.31884549039386,1.72613646965643,1.46533363278288,12.4809849291596,14.7368421052632,4.21052631578947,1.89473684210526,3.45924486460356,0.325812283336933,3.86583505460921,-0.203095991635957
1.31379498544598,1.29422403552966,0.734655637288407,10.4342814344753,15.7894736842105,4.21052631578947,2,3.35772630658144,0.981941948563196,3.75894750241298,-0.00946739385561055
0.628524275553495,1.91362199458146,0.197286908666319,7.74610066042406,16.8421052631579,4.21052631578947,2.10526315789474,3.2359040369549,1.58486729052645,3.28116917585946,-0.0731753672190528
0.730892464726339,1.17755112458089,0.796468059162866,9.25579313760924,17.8947368421053,4.21052631578947,2.21052631578947,3.09377805572394,2.06925199307439,2.63398826406569,0.249510221331279
0.88513094699875,0.328723823948816,1.1678833507797,8.07585969536174,18.9473684210526,4.21052631578947,2.31578947368421,2.93134836288856,2.38260545768287,2.0903332418101,-0.0590414984514634
1.35409350980035,0.890235270618348,0.502169627721842,9.19220767724802,20,4.21052631578947,2.42105263157895,2.74861495844875,2.4909709742816,1.87947375120649,-0.112091483854898
1.99768246481847,1.34715666535799,1.87004222363816,12.0619238072637,0,5.26315789473684,0.526315789473684,2.83171745152355,1.83484130905534,1.98636130340272,-0.307662488571172
0.543328735668141,0.806202516176887,1.0689587579833,6.03584367482229,1.05263157894737,5.26315789473684,0.631578947368421,3.01997567544755,1.72647579245661,2.19722079400633,0.0227976229913248
0.0828625310836892,1.60242904902205,0.154684603282126,3.58439571100558,2.10526315789474,5.26315789473684,0.736842105263158,3.18731631893555,1.41312232784812,2.74087581626192,-0.10495504805846
0.921748513697753,1.77599558667982,1.23502520210013,10.2501945519337,3.15789473684211,5.26315789473684,0.842105263157895,3.33373938198755,0.92873762530019,3.38805672805569,0.50145059936276
0.372184414480965,0.647273345618685,1.33101258083409,7.2035601813406,4.21052631578947,5.26315789473684,0.947368421052632,3.45924486460356,0.325812283336934,3.86583505460921,-0.387649963984242
1.4390041257005,0.878614653356576,1.31796066025136,11.4453105893502,5.26315789473684,5.26315789473684,1.05263157894737,3.56383276678356,0.330317381889328,3.97272260680544,-0.261804846152476
1.28374328104518,0.759710868426358,0.661154765911112,9.03061512687482,6.31578947368421,5.26315789473684,1.15789473684211,3.64750308852756,0.968549540250603,3.66364287502846,0.0322102477848207
0.0360163740988533,1.2056360683107,0.323283788972683,4.11658394207486,7.36842105263158,5.26315789473684,1.26315789473684,3.71025582983556,1.51972183419615,3.06894064887506,-0.10457413283858
0.648062713326359,0.170843452661311,1.51572155619749,8.04860549011091,8.42105263157895,5.26315789473684,1.36842105263158,3.75209099070756,1.92410619335764,2.4394131452803,0.222402135260912
0.439733205391166,1.00105710433231,0.737655495338233,6.70108040935196,9.47368421052632,5.26315789473684,1.47368421052632,3.77300857114356,2.13788129775011,2.04054406170209,-0.0770807560579153
0.36920981830924,1.2687901631348,0.043971255759178,5.50235601235109,10.5263157894737,5.26315789473684,1.57894736842105,3.77300857114356,2.13788129775011,2.04054406170209,-0.271871210461264
0.961167938566469,0.264028382413478,1.26408643826153,8.57511973746369,11.5789473684211,5.26315789473684,1.68421052631579,3.75209099070756,1.92410619335764,2.43941314528029,-0.307128071793996
0.399341706733775,1.30159220759238,1.9806188102797,10.8088396653246,12.6315789473684,5.26315789473684,1.78947368421053,3.71025582983556,1.51972183419615,3.06894064887506,-0.518753588283062
1.90763405333488,1.58415821551532,1.68897425496732,16.6285334807032,13.6842105263158,5.26315789473684,1.89473684210526,3.64750308852756,0.968549540250604,3.66364287502846,0.0535613306395439
0.227625906822118,0.244550770734994,1.85872074137037,10.4299111550008,14.7368421052632,5.26315789473684,2,3.56383276678356,0.33031738188933,3.97272260680544,0.153729210390924
1.99051465629092,0.808891698454456,1.99003606299737,17.4775288327179,15.7894736842105,5.26315789473684,2.10526315789474,3.45924486460356,0.325812283336933,3.86583505460921,0.529890048613216
0.492106165089839,1.23169347797894,1.50160388452251,10.4914100428257,16.8421052631579,5.26315789473684,2.21052631578947,3.33373938198755,0.928737625300189,3.38805672805569,0.408890804690372
1.05106319268533,1.77391675935747,0.267922897785372,9.185427927978,17.8947368421053,5.26315789473684,2.31578947368421,3.18731631893555,1.41312232784812,2.74087581626192,0.278462816460558
0.406365324221946,1.02255892934993,1.95710136969703,9.87283770274444,18.9473684210526,5.26315789473684,2.42105263157895,3.01997567544755,1.72647579245661,2.19722079400633,0.158964613310292
1.88699569655873,0.594139860306515,1.5301148095651,11.8815686379348,20,5.26315789473684,2.52631578947368,2.83171745152355,1.83484130905534,1.98636130340272,-0.117699002964348
0.593781860065601,0.528261229737037,0.289245485502675,3.5836094284078,0,6.31578947368421,0.631578947368421,2.89819944598338,1.19660915069406,1.67728157162574,0.113863879192454
1.33086604495122,0.891410177988543,1.36882581894243,8.19030578373378,1.05263157894737,6.31578947368421,0.736842105263158,3.09087752549474,1.08824363409533,1.88814106222935,-0.214687956661902
0.388533050502604,1.39557109661624,0.942176667540046,5.60681040288684,2.10526315789474,6.31578947368421,0.842105263157895,3.26214692950484,0.774890169486848,2.43179608448494,0.124657387415872
1.86554442787653,0.0393149933055428,0.101184690892746,7.35951668327162,3.15789473684211,6.31578947368421,0.947368421052632,3.41200765801367,0.290505466938915,3.07897699627871,-0.276070168182734
0.759925010256129,1.99051584673148,1.53223045795881,9.67181477849999,4.21052631578947,6.31578947368421,1.05263157894737,3.54045971102125,0.31241987502434,3.55675532283223,-0.142946231877072
0.764012687904472,0.0236838699367681,0.743468059630688,7.06935028626422,5.26315789473684,6.31578947368421,1.15789473684211,3.64750308852756,0.968549540250603,3.66364287502846,0.377976449800491
0.752506309363025,1.80935198061797,0.834335925462349,9.65658980383099,6.31578947368421,6.31578947368421,1.26315789473684,3.73313779053261,1.60678169861188,3.35456314325148,-0.121844025453896
0.787689091913086,1.96145188304674,0.0356237793485783,8.16945869570942,7.36842105263158,6.31578947368421,1.36842105263158,3.7973638170364,2.15795399255742,2.75986091709807,-0.521144012200611
1.1736748235577,0.0242173523496156,0.936446558083283,8.11416245351857,8.42105263157895,6.31578947368421,1.47368421052632,3.84018116803892,2.56233835171892,2.13033341350331,0.0763578448170836
0.131161733244137,1.50979817574237,0.087104581983702,6.16352816584924,9.47368421052632,6.31578947368421,1.57894736842105,3.86158984354018,2.77611345611138,1.73146432992511,-0.264101527897115
1.63435169302629,0.327971683120128,0.925324194180172,10.6894645019013,10.5263157894737,6.31578947368421,1.68421052631579,3.86158984354018,2.77611345611138,1.73146432992511,0.181405638449578
1.61712204883589,1.6603095904277,0.131143607321227,12.7222468738048,11.5789473684211,6.31578947368421,1.78947368421053,3.84018116803892,2.56233835171892,2.13033341350331,0.189077003310801
0.47686502142375,0.672681260242774,1.06684463965605,7.97726674191049,12.6315789473684,6.31578947368421,1.89473684210526,3.7973638170364,2.15795399255742,2.75986091709807,-0.124258115021376
1.19862004985186,0.949761827033328,0.442971454597987,9.40811767527829,13.6842105263158,6.31578947368421,2,3.73313779053261,1.60678169861188,3.35456314325148,-0.0785317661379927
1.94434788882946,0.850123819492369,0.423341582642417,11.7104956252402,14.7368421052632,6.31578947368421,2.10526315789474,3.64750308852756,0.968549540250604,3.66364287502846,0.138858130191409
0.818138039901227,1.48704459920424,1.72662934684057,11.8614873309828,15.7894736842105,6.31578947368421,2.21052631578947,3.54045971102125,0.312419875024341,3.55675532283223,0.148595839096583
1.04120661377777,1.88736355024865,1.42408435003398,11.0465328665541,16.8421052631579,6.31578947368421,2.31578947368421,3.41200765801367,0.290505466938914,3.07897699627871,0.245126069122009
1.18577856912424,1.0944429894645,1.34130928792548,10.2178096698808,17.8947368421053,6.31578947368421,2.42105263157895,3.26214692950484,0.774890169486848,2.43179608448494,-0.181290668099704
1.72323557836506,0.0194653051582254,1.7221070105072,11.2790986423157,18.9473684210526,6.31578947368421,2.52631578947368,3.09087752549474,1.08824363409533,1.88814106222935,0.153708778024718
0.884724278081104,1.87180873881303,1.20497981639605,9.50706325695219,20,6.31578947368421,2.63157894736842,2.89819944598338,1.19660915069406,1.67728157162574,0.0504629915662178
1.62237088675301,0.832966253732433,0.267211004290054,6.6133017146794,0,7.36842105263158,0.736842105263158,2.94806094182825,0.645436856748518,1.08257934547233,0.266707130306433
1.58270731491607,0.434640878566412,1.92020524265864,8.32366605535559,1.05263157894737,7.36842105263158,0.842105263157895,3.14405391303013,0.537071340149788,1.29343883607594,-0.211657527672455
1.685744350205,0.230319063044246,0.501956324082268,7.71214728513776,2.10526315789474,7.36842105263158,0.947368421052632,3.3182698874318,0.223717875541305,1.83709385833153,0.197356777288445
0.856906387625977,0.384745334050672,0.277771195760453,4.62995206535678,3.15789473684211,7.36842105263158,1.05263157894737,3.47070886503326,0.260666827006628,2.4842747701253,-0.187102428555519
1.46671828191062,0.441222350370815,0.684625727971791,9.17265958599175,4.21052631578947,7.36842105263158,1.15789473684211,3.60137084583452,0.863592168969883,2.96205309667882,0.323634465464685
1.5385587692528,0.0136028833792152,0.595616578042923,8.88680640885143,5.26315789473684,7.36842105263158,1.26315789473684,3.71025582983556,1.51972183419615,3.06894064887506,0.066617344570557
1.58187602334381,0.426019051148394,1.6146485264776,12.7601733255169,6.31578947368421,7.36842105263158,1.36842105263158,3.7973638170364,2.15795399255742,2.75986091709807,0.00925862339535466
0.101843744407036,1.02180597629711,1.0259409717408,6.83142863313462,7.36842105263158,7.36842105263158,1.47368421052632,3.86269480743702,2.70912628650296,2.16515869094467,-0.0251733215358341
0.453313392494875,1.76411583283125,0.603143080960957,10.078470686826,8.42105263157895,7.36842105263158,1.57894736842105,3.90624880103744,3.11351064566446,1.53563118734991,0.309969671214388
0.13565726423101,0.819065826422282,1.96583786589044,7.17399851447776,9.47368421052632,7.36842105263158,1.68421052631579,3.92802579783765,3.32728575005693,1.1367621037717,-0.00303328611865617
0.978866573922582,1.46643333535478,0.53143846965937,11.1682819040471,10.5263157894737,7.36842105263158,1.78947368421053,3.92802579783765,3.32728575005693,1.1367621037717,0.0504332118980829
0.360418943142078,0.374335365862291,1.03003736778825,5.64580513965741,11.5789473684211,7.36842105263158,1.89473684210526,3.90624880103744,3.11351064566446,1.53563118734991,-0.404072419740161
1.21182619004935,0.431837449081904,1.88268740438618,11.6056728737166,12.6315789473684,7.36842105263158,2,3.86269480743702,2.70912628650296,2.16515869094467,-0.321461038846177
1.25536584826018,1.59850636151226,1.76269257946449,15.2180447874182,13.6842105263158,7.36842105263158,2.10526315789474,3.7973638170364,2.15795399255742,2.75986091709807,0.0314112363204539
0.342840341423912,0.614603569143884,1.97908438054083,10.5159711108565,14.7368421052632,7.36842105263158,2.21052631578947,3.71025582983556,1.51972183419615,3.06894064887506,0.0257004531978619
1.86920999770538,1.00591097112099,1.28062913885848,13.6885151508178,15.7894736842105,7.36842105263158,2.31578947368421,3.60137084583452,0.863592168969884,2.96205309667882,-0.0209810571388761
1.92967690194608,0.309652615413818,1.30703312100914,12.3916939628254,16.8421052631579,7.36842105263158,2.42105263157895,3.47070886503326,0.260666827006629,2.4842747701253,-0.0544509699631281
0.796739823093719,0.522169676118732,1.72640899766752,8.58999333063366,17.8947368421053,7.36842105263158,2.52631578947368,3.3182698874318,0.223717875541305,1.83709385833153,0.131485720873669
1.59114277465925,1.82604506801837,0.725133375008973,9.51128207359918,18.9473684210526,7.36842105263158,2.63157894736842,3.14405391303013,0.537071340149788,1.29343883607594,-0.0415676810522531
1.30911119533255,1.08502038837083,0.707715328394075,7.90903449932733,20,7.36842105263158,2.73684210526316,2.94806094182825,0.645436856748518,1.08257934547233,-0.153617335377539
0.408443117791832,0.963132775201698,0.134354320014366,2.47174241770305,0,8.42105263157895,0.842105263157895,2.98130193905817,0.241052497587022,0.453051841877574,0.118909862360395
0.80266460010714,1.6263940123036,0.641601328212439,4.31214406321975,1.05263157894737,8.42105263157895,0.947368421052632,3.17950483805373,0.132686980988291,0.66391133248118,0.170931958666792
0.624607773565279,0.724292306349772,0.979776216180094,4.67232615573022,2.10526315789474,8.42105263157895,1.05263157894737,3.35568519271645,0.180666483620191,1.20756635473677,0.209707381842503
0.965739939594052,0.44531934413546,1.53312501222718,7.58662268529533,3.15789473684211,8.42105263157895,1.15789473684211,3.50984300304632,0.665051186168124,1.85474726653054,-0.100587205012197
0.246777434245418,1.62736770273557,0.512429781165499,5.57536389944933,4.21052631578947,8.42105263157895,1.26315789473684,3.64197826904336,1.26797652813138,2.33252559308406,0.154728322965616
1.99727017902659,1.3721689488381,1.11714398596606,14.2685839873214,5.26315789473684,8.42105263157895,1.36842105263158,3.75209099070756,1.92410619335764,2.4394131452803,0.0408489926264556
0.465521974971211,0.361878986751236,1.40037689927502,7.05961749413313,6.31578947368421,8.42105263157895,1.47368421052632,3.84018116803892,2.56233835171892,2.13033341350331,-0.112281544443534
0.351940473113966,0.500185474891337,0.974533029213615,5.57955262513238,7.36842105263158,8.42105263157895,1.57894736842105,3.90624880103744,3.11351064566446,1.53563118734991,-0.428017908070565
0.822421833303128,0.343121468418642,0.937422990057035,6.69658153431002,8.42105263157895,8.42105263157895,1.68421052631579,3.95029388970312,3.51789500482596,0.906103683755147,-0.292904659187478
1.29081139087049,0.881762035115109,1.06416094027238,10.7184956438397,9.47368421052632,8.42105263157895,1.78947368421053,3.97231643403596,3.73167010921842,0.507234600176939,-0.028713620512055
1.6729248607226,1.61643569329413,1.82703186727782,15.9630374943238,10.5263157894737,8.42105263157895,1.89473684210526,3.97231643403596,3.73167010921842,0.507234600176939,0.464175196214146
0.589151323742953,1.33704426788353,0.5081651122335,9.67684057845846,11.5789473684211,8.42105263157895,2,3.95029388970312,3.51789500482596,0.906103683755146,0.185488072796904
1.07613654659565,1.49548721458602,1.37330690105074,12.6546137531898,12.6315789473684,8.42105263157895,2.10526315789474,3.90624880103744,3.11351064566446,1.53563118734991,-0.419414769721733
1.65988591012547,1.49468133231152,1.13040246509101,15.0211663579157,13.6842105263158,8.42105263157895,2.21052631578947,3.84018116803892,2.56233835171892,2.13033341350331,0.198363985499239
0.302485206715372,0.337013141108135,0.42848455887091,5.14481858813536,14.7368421052632,8.42105263157895,2.31578947368421,3.75209099070756,1.92410619335764,2.4394131452803,0.000377158003682793
1.37669600233469,0.91348470567194,0.278445286949734,9.12200867984387,15.7894736842105,8.42105263157895,2.42105263157895,3.64197826904336,1.26797652813138,2.33252559308406,-0.120698798999806
1.88196150312105,0.886679672764868,1.69398597332925,12.6624505729192,16.8421052631579,8.42105263157895,2.52631578947368,3.50984300304632,0.665051186168125,1.85474726653054,-0.200857851983402
0.0639457473897735,1.09707944345938,1.52667944223407,4.66494665540655,17.8947368421053,8.42105263157895,2.63157894736842,3.35568519271645,0.180666483620191,1.20756635473677,-0.222986303826899
1.74748873024622,1.8730516033642,1.57314888824486,9.7922110534662,18.9473684210526,8.42105263157895,2.73684210526316,3.17950483805373,0.132686980988291,0.66391133248118,0.20625913886921
0.453713524668454,0.99118658213897,1.85212870508864,5.62960613438328,20,8.42105263157895,2.84210526315789,2.98130193905817,0.241052497587022,0.453051841877574,0.356805537920323
0.683718384058093,0.803644759849266,0.750180977504872,3.41415209526335,0,9.47368421052632,0.947368421052632,2.99792243767313,0.0272773931945554,0.0541827582993655,0.35448078090527
1.79455243155777,1.45446984593377,1.35366979227706,7.44625845833085,1.05263157894737,9.47368421052632,1.05263157894737,3.19723030056553,0.0810881234041754,0.265042248902972,0.179309552881574
1.98733862443752,0.0941786629634747,0.731482051974503,8.94283069075622,2.10526315789474,9.47368421052632,1.15789473684211,3.37439284535877,0.394441588012657,0.808697271158566,0.450179197597545
1.1094869785611,0.650836562116298,0.316534906634674,6.48903794454693,3.15789473684211,9.47368421052632,1.26315789473684,3.52941007205285,0.878826290560591,1.45587818295233,0.277236986506912
0.490773834787651,0.252323306609624,0.968901560525033,5.96207326929663,4.21052631578947,9.47368421052632,1.36842105263158,3.66228198064779,1.48175163252385,1.93365650950585,0.548896763876588
0.727958681798578,0.667477047345392,1.79232894704955,9.17966201794507,5.26315789473684,9.47368421052632,1.47368421052632,3.77300857114356,2.13788129775011,2.04054406170209,-0.124929424161545
0.74100789304474,1.53778631439458,1.39313372599113,11.030259174416,6.31578947368421,9.47368421052632,1.57894736842105,3.86158984354018,2.77611345611138,1.73146432992511,-0.0913873811538048
0.865752515644683,0.569761270699016,1.76761758792999,8.81355498802041,7.36842105263158,9.47368421052632,1.68421052631579,3.92802579783765,3.32728575005693,1.1367621037717,-0.176472999140853
1.95544903714242,1.29755741178743,0.394065102347969,14.3935503823788,8.42105263157895,9.47368421052632,1.78947368421053,3.97231643403596,3.73167010921842,0.507234600176939,-0.205525311187483
0.657132292909895,1.84761253527713,1.42415930782464,11.8654692733368,9.47368421052632,9.47368421052632,1.89473684210526,3.99446175213511,3.94544521361089,0.108365516598731,-0.0981411719178038
0.363287332409816,0.668111691215282,1.11775682779191,5.79128977872654,10.5263157894737,9.47368421052632,2,3.99446175213511,3.94544521361089,0.108365516598731,-0.416971945957901
0.133002927802872,1.53673143946465,0.695754330705936,8.69780512346786,11.5789473684211,9.47368421052632,2.10526315789474,3.97231643403596,3.73167010921842,0.507234600176938,-0.023273198616553
0.461370482605317,1.27021651016352,1.40741439766842,9.69500172768199,12.6315789473684,9.47368421052632,2.21052631578947,3.92802579783765,3.32728575005693,1.1367621037717,-0.154068391468222
1.69879935953257,1.7713107030395,1.34599454644518,15.972470201621,13.6842105263158,9.47368421052632,2.31578947368421,3.86158984354018,2.77611345611138,1.73146432992511,-0.151286648152354
1.66322806540073,0.466122306210985,0.329924449054774,10.3292391161772,14.7368421052632,9.47368421052632,2.42105263157895,3.77300857114356,2.13788129775011,2.04054406170209,-0.0369267981668914
1.7125584813382,1.18165175682066,1.14068408082509,13.0152484355327,15.7894736842105,9.47368421052632,2.52631578947368,3.66228198064779,1.48175163252385,1.93365650950585,0.260454961127812
0.389571116975145,0.0483017971094757,0.643491241107775,5.43295137376666,16.8421052631579,9.47368421052632,2.63157894736842,3.52941007205285,0.878826290560591,1.45587818295234,0.447122454334422
1.38474886541488,0.642189750794113,1.32452962126186,8.90333163310856,17.8947368421053,9.47368421052632,2.73684210526316,3.37439284535877,0.394441588012658,0.808697271158567,0.169353028378917
0.211884600095848,0.299233847339103,0.556415382030835,3.61897666207093,18.9473684210526,9.47368421052632,2.84210526315789,3.19723030056553,0.0810881234041754,0.265042248902972,-0.0723103600540183
0.134348111070444,0.773373550839539,1.03678163226234,2.94101745856447,20,9.47368421052632,2.94736842105263,2.99792243767313,0.0272773931945554,0.0541827582993655,-0.486387482147858
1.07417382680481,1.57188202755109,0.132469497635238,4.52103767738222,0,10.5263157894737,1.05263157894737,2.99792243767313,0.0272773931945551,0.054182758299365,0.198061874202114
1.07489063167503,0.577997832145059,1.40720982038891,5.11622805395185,1.05263157894737,10.5263157894737,1.15789473684211,3.19723030056553,0.0810881234041756,0.265042248902971,0.101821604709759
1.71528028149984,0.817444708999642,0.954699807923776,8.03371662516061,2.10526315789474,10.5263157894737,1.26315789473684,3.37439284535877,0.394441588012658,0.808697271158566,-0.111968097828188
1.9039757717849,0.460035140344704,0.353244885121776,9.34361476026108,3.15789473684211,10.5263157894737,1.36842105263158,3.52941007205285,0.878826290560591,1.45587818295233,0.336709944342328
1.98614448380628,0.72890102181694,0.914368147288776,11.4796434174801,4.21052631578947,10.5263157894737,1.47368421052632,3.66228198064779,1.48175163252385,1.93365650950585,-0.115986146168247
0.980664697384078,0.158506801142449,0.644541148004481,7.04749711523813,5.26315789473684,10.5263157894737,1.57894736842105,3.77300857114356,2.13788129775011,2.04054406170209,0.114410100357214
1.72093597646131,1.67903939358256,1.16588124369839,15.1635515739532,6.31578947368421,10.5263157894737,1.68421052631579,3.86158984354018,2.77611345611138,1.73146432992511,0.153906519293438
1.84284019746987,1.51371802789475,0.603967114861583,15.2700850219532,7.36842105263158,10.5263157894737,1.78947368421053,3.92802579783765,3.32728575005693,1.1367621037717,0.51874814887138
1.80470987369909,0.885572017512035,1.36380550923104,13.2690024036989,8.42105263157895,10.5263157894737,1.89473684210526,3.97231643403596,3.73167010921842,0.507234600176938,0.208954902128021
1.2109555458328,0.629673105053375,1.01526242174201,9.45244510026469,9.47368421052632,10.5263157894737,2,3.99446175213511,3.94544521361089,0.108365516598731,0.0209693136119897
1.25501508220362,0.265660630707556,1.58782276276524,8.32451522940344,10.5263157894737,10.5263157894737,2.10526315789474,3.99446175213511,3.94544521361089,0.10836551659873,-0.0140723705306146
0.223921347686984,0.822960326825739,0.893924429957532,6.30968457866673,11.5789473684211,10.5263157894737,2.21052631578947,3.97231643403596,3.73167010921842,0.507234600176937,-0.314774039977367
1.6685581143074,1.09417900647946,1.41522975383518,14.0849238164429,12.6315789473684,10.5263157894737,2.31578947368421,3.92802579783765,3.32728575005693,1.1367621037717,-0.0344307439926224
0.783561984731568,1.80451330221884,0.482815109196203,11.4476858309816,13.6842105263158,10.5263157894737,2.42105263157895,3.86158984354018,2.77611345611138,1.73146432992511,0.1553273978352
0.923880988663037,0.579142618919793,0.249008407128853,7.6185110189673,14.7368421052632,10.5263157894737,2.52631578947368,3.77300857114356,2.13788129775011,2.04054406170209,-0.139866459647933
0.250908421450319,0.713114272842266,1.00364316903538,6.99951332066649,15.7894736842105,10.5263157894737,2.63157894736842,3.66228198064779,1.48175163252385,1.93365650950585,0.451677597641354
1.26841869207444,0.544290041418188,1.14529739888451,9.42080229897146,16.8421052631579,10.5263157894737,2.73684210526316,3.52941007205285,0.878826290560592,1.45587818295233,0.0614405922040232
0.428915519051619,0.0908078318437624,0.476092878513438,4.81268121928414,17.8947368421053,10.5263157894737,2.84210526315789,3.37439284535877,0.394441588012658,0.808697271158566,0.102413100306837
0.894734665713196,0.79904157676468,0.206318724455884,6.16809717230448,18.9473684210526,10.5263157894737,2.94736842105263,3.19723030056553,0.0810881234041756,0.265042248902972,0.240580006364905
1.22921555163539,1.99293003330901,0.302610405294448,7.11567040092173,20,10.5263157894737,3.05263157894737,2.99792243767313,0.0272773931945551,0.054182758299365,0.307187736413111
1.10133818554853,1.45185524020953,1.11311416904871,5.2440789599157,0,11.5789473684211,1.15789473684211,2.98130193905817,0.241052497587021,0.453051841877572,-0.0515092013559063
0.504608186985937,0.640828260832728,1.23072469898452,4.12935477680998,1.05263157894737,11.5789473684211,1.26315789473684,3.17950483805373,0.132686980988291,0.663911332481179,0.359671068147653
0.740737878001319,0.531792790683138,0.500926139044558,4.33236483630853,2.10526315789474,11.5789473684211,1.36842105263158,3.35568519271645,0.180666483620191,1.20756635473677,-0.222718030441966
0.667224328422338,0.198021926202092,0.205075288636858,3.79659508311519,3.15789473684211,11.5789473684211,1.47368421052632,3.50984300304632,0.665051186168125,1.85474726653054,-0.530999315926727
0.437273293644195,0.892262656545883,1.28579095528659,7.93336757683275,4.21052631578947,11.5789473684211,1.57894736842105,3.64197826904336,1.26797652813138,2.33252559308406,0.631371959336213
0.105034833775623,0.9616420920337,1.32301232597915,6.79494763974105,5.26315789473684,11.5789473684211,1.68421052631579,3.75209099070756,1.92410619335764,2.43941314528029,-0.361038304531557
1.85294704837675,1.76506051247703,0.0605431302529469,13.398077277117,6.31578947368421,11.5789473684211,1.78947368421053,3.84018116803892,2.56233835171892,2.13033341350331,-0.158708065203673
0.467157143021209,0.0142082165591628,1.59106652928526,5.84763565403544,7.36842105263158,11.5789473684211,1.89473684210526,3.90624880103744,3.11351064566446,1.5356311873499,-0.359462034924374
0.718233159497327,0.592523689228858,0.0233396420643828,6.71840652084505,8.42105263157895,11.5789473684211,2,3.95029388970312,3.51789500482596,0.906103683755146,-0.224409802730713
1.44178815106386,0.354873195387171,1.70362316585517,9.95854473960557,9.47368421052632,11.5789473684211,2.10526315789474,3.97231643403596,3.73167010921842,0.507234600176938,-0.0623634963323009
0.852991960503486,1.0937023745559,0.904100449298932,10.227558568505,10.5263157894737,11.5789473684211,2.21052631578947,3.97231643403596,3.73167010921842,0.507234600176937,0.0887507804756485
1.59819458078572,0.226928176786193,1.17430868068852,10.136294798166,11.5789473684211,11.5789473684211,2.31578947368421,3.95029388970312,3.51789500482596,0.906103683755145,-0.355187883560597
1.42569649018034,0.437608916036386,1.90248729133365,12.5052618339861,12.6315789473684,11.5789473684211,2.42105263157895,3.90624880103744,3.11351064566446,1.5356311873499,0.231065160171104
0.983377910695788,0.766617092036108,0.312493037482559,9.13452990023654,13.6842105263158,11.5789473684211,2.52631578947368,3.84018116803892,2.56233835171892,2.13033341350331,0.201818041799847
1.66809366079932,1.93615693337172,0.70446687420492,14.7423693522773,14.7368421052632,11.5789473684211,2.63157894736842,3.75209099070756,1.92410619335764,2.43941314528029,0.408093908404492
1.5571700592882,1.85198997921854,0.144413113482676,10.4768076114285,15.7894736842105,11.5789473684211,2.73684210526316,3.64197826904336,1.26797652813138,2.33252559308406,-0.616341118126223
0.803025658440059,0.0794588136801742,1.78863082737131,8.91505432714962,16.8421052631579,11.5789473684211,2.84210526315789,3.50984300304632,0.665051186168125,1.85474726653054,-0.115847240739505
0.494953822987195,0.0700142545644393,1.35313464302092,6.226654047937,17.8947368421053,11.5789473684211,2.94736842105263,3.35568519271645,0.180666483620192,1.20756635473677,-0.0282726855084191
1.62427924455813,1.63381113391351,0.240649982868659,8.72945786044257,18.9473684210526,11.5789473684211,3.05263157894737,3.17950483805373,0.132686980988291,0.663911332481179,0.135866847420424
0.559411255682645,0.243058104022216,0.228615759399547,4.77360126040988,20,11.5789473684211,3.15789473684211,2.98130193905817,0.241052497587021,0.453051841877572,-0.214231891641388
0.400720611416724,0.263647067296939,0.583073945998183,3.28279728928593,0,12.6315789473684,1.26315789473684,2.94806094182825,0.645436856748518,1.08257934547233,0.0368992662181263
1.56228194232248,0.607895975232548,1.93620913285019,9.22867066283264,1.05263157894737,12.6315789473684,1.36842105263158,3.14405391303013,0.537071340149787,1.29343883607594,0.117499362902607
1.67015196002236,0.851365009913696,1.78129087166116,10.9594193249562,2.10526315789474,12.6315789473684,1.47368421052632,3.3182698874318,0.223717875541305,1.83709385833153,0.480856066493671
0.754760844681528,1.69866525755349,1.89221115266327,9.13024848607009,3.15789473684211,12.6315789473684,1.57894736842105,3.47070886503326,0.260666827006628,2.4842747701253,-0.211812146111072
0.12491418442044,0.515778677948103,0.676591783596076,4.86850554580835,4.21052631578947,12.6315789473684,1.68421052631579,3.60137084583452,0.863592168969884,2.96205309667882,0.284909502503771
0.992496906576582,1.98447819806354,0.0273800625773992,8.30389260353487,5.26315789473684,12.6315789473684,1.78947368421053,3.71025582983556,1.51972183419615,3.06894064887505,-0.267881148491089
0.0166952681360579,1.69119415976643,1.68036311932837,10.2351486011073,6.31578947368421,12.6315789473684,1.89473684210526,3.7973638170364,2.15795399255742,2.75986091709807,-0.0100739369586784
0.00745287079057944,1.73232188110104,1.61180136550123,10.7121174660419,7.36842105263158,12.6315789473684,2,3.86269480743702,2.70912628650296,2.16515869094466,0.500444821372111
1.41765399536568,1.68988767841906,1.79601902005605,15.6202895766211,8.42105263157895,12.6315789473684,2.10526315789474,3.90624880103744,3.11351064566446,1.53563118734991,-0.0421888979633951
0.713595274616741,1.12006826222705,0.373970079736929,8.82097487158274,9.47368421052632,12.6315789473684,2.21052631578947,3.92802579783765,3.32728575005693,1.1367621037717,-0.344474274704857
0.579208475961197,1.57922348615988,1.77827713933281,11.8492603530591,10.5263157894737,12.6315789473684,2.31578947368421,3.92802579783765,3.32728575005693,1.1367621037717,-0.0176808201789591
0.0971272718721867,1.1236303076415,1.72432644061581,8.70660477871468,11.5789473684211,12.6315789473684,2.42105263157895,3.90624880103744,3.11351064566446,1.5356311873499,-0.240215526177765
0.370238285820828,0.389825766647365,0.784745799570313,7.15181371711027,12.6315789473684,12.6315789473684,2.52631578947368,3.86269480743702,2.70912628650296,2.16515869094466,0.440194003779562
0.289977722105992,0.412587839495493,1.56303741892569,9.33104345149614,13.6842105263158,12.6315789473684,2.63157894736842,3.7973638170364,2.15795399255742,2.75986091709807,0.394202134480989
0.313499979427311,1.68050747714712,0.659453313319906,8.32353416405929,14.7368421052632,12.6315789473684,2.73684210526316,3.71025582983556,1.51972183419615,3.06894064887505,-0.15420005236054
1.35259755568505,0.362645926736448,0.540743013385476,9.66092554122961,15.7894736842105,12.6315789473684,2.84210526315789,3.60137084583452,0.863592168969885,2.96205309667882,0.0327271751362471
1.742929633998,0.941119595275693,0.736691245344839,10.8134511991274,16.8421052631579,12.6315789473684,2.94736842105263,3.47070886503326,0.260666827006629,2.4842747701253,-0.258580686687906
1.9559924020435,0.90318545621157,0.250660884862247,10.2740364740194,17.8947368421053,12.6315789473684,3.05263157894737,3.3182698874318,0.223717875541305,1.83709385833153,0.0683479037378518
1.78159447004525,1.38963341915015,1.79360804336695,11.4897138193998,18.9473684210526,12.6315789473684,3.15789473684211,3.14405391303013,0.537071340149787,1.29343883607594,-0.335864565149827
1.92344397199051,1.45417607909116,0.60214456338864,10.3885598619175,20,12.6315789473684,3.26315789473684,2.94806094182825,0.645436856748518,1.08257934547233,-0.135476185400058
0.0936952498850114,1.48170612796084,1.47421791844788,5.46803556892641,0,13.6842105263158,1.36842105263158,2.89819944598338,1.19660915069406,1.67728157162574,-0.41763466354368
1.52088815605601,1.64260940818094,1.20524946413794,10.0678076905937,1.05263157894737,13.6842105263158,1.47368421052632,3.09087752549474,1.08824363409533,1.88814106222935,-0.169995775504045
0.747245873036008,1.42185885195275,1.83301702624554,9.91106045604482,2.10526315789474,13.6842105263158,1.57894736842105,3.26214692950484,0.774890169486847,2.43179608448494,0.335179183320002
0.94902409420909,0.586772020521704,0.456039520778492,6.8218462048136,3.15789473684211,13.6842105263158,1.68421052631579,3.41200765801367,0.290505466938914,3.07897699627871,0.324962527737609
0.641409220698781,1.0658981399685,1.03709637304075,8.75842374120898,4.21052631578947,13.6842105263158,1.78947368421053,3.54045971102125,0.312419875024341,3.55675532283223,0.67636074405657
0.56380274098603,0.42626213449657,0.0160437926922838,4.11778798625337,5.26315789473684,13.6842105263158,1.89473684210526,3.64750308852756,0.968549540250604,3.66364287502846,-0.305055816097157
0.188407599276648,0.772528959351318,1.9940624731216,10.2787905655449,6.31578947368421,13.6842105263158,2,3.73313779053261,1.60678169861188,3.35456314325148,-0.355054834546246
0.470171338784473,0.154025193768167,1.69845322557417,9.31016014111252,7.36842105263158,13.6842105263158,2.10526315789474,3.7973638170364,2.15795399255742,2.75986091709807,0.39961139488231
0.781760277624059,0.211108597934804,0.136088899599308,6.37763616098143,8.42105263157895,13.6842105263158,2.21052631578947,3.84018116803892,2.56233835171892,2.13033341350331,0.334162362249906
1.52757478230884,0.617041853415889,0.194768953118261,10.2018099771312,9.47368421052632,13.6842105263158,2.31578947368421,3.86158984354018,2.77611345611138,1.73146432992511,-0.0630604483177732
1.47327507597719,1.02793604419986,0.211679031300066,11.8160369407771,10.5263157894737,13.6842105263158,2.42105263157895,3.86158984354018,2.77611345611138,1.73146432992511,0.485618462649434
0.380949363341465,1.47229069120612,1.26846331348416,10.590526285671,11.5789473684211,13.6842105263158,2.52631578947368,3.84018116803892,2.56233835171892,2.13033341350331,0.126539241642334
1.0286194067476,1.11905156389372,0.636105427030991,11.1795206538569,12.6315789473684,13.6842105263158,2.63157894736842,3.7973638170364,2.15795399255742,2.75986091709807,0.471475292404766
0.96417293748118,1.18923035159221,1.26596957320452,12.5512656172863,13.6842105263158,13.6842105263158,2.73684210526316,3.73313779053261,1.60678169861188,3.35456314325148,0.0574246473815252
1.55138596960558,1.1740970692218,0.270024916207833,10.527070311702,14.7368421052632,13.6842105263158,2.84210526315789,3.64750308852756,0.968549540250605,3.66364287502846,-0.100166104039943
1.96603276627582,1.25366433102907,1.40021213173949,15.1433496442112,15.7894736842105,13.6842105263158,2.94736842105263,3.54045971102125,0.312419875024342,3.55675532283223,-0.136560182669917
1.14077412356581,0.0947627865452159,0.598594191247888,9.09262251593743,16.8421052631579,13.6842105263158,3.05263157894737,3.41200765801367,0.290505466938913,3.07897699627871,0.27707403880763
0.52266668305317,1.40995614852427,0.334902481743123,7.14844203442167,17.8947368421053,13.6842105263158,3.15789473684211,3.26214692950484,0.774890169486847,2.43179608448494,0.378556079616974
1.64226974082725,1.85587854756706,1.78582076335563,14.0285674698483,18.9473684210526,13.6842105263158,3.26315789473684,3.09087752549474,1.08824363409533,1.88814106222935,0.297825414271004
1.88441431028495,0.70861322393316,1.95041130978857,12.6484765036062,20,13.6842105263158,3.36842105263158,2.89819944598338,1.19660915069406,1.67728157162574,-0.30067507415637
1.91303329050814,0.175988787895134,0.0257258890050573,6.78091965868417,0,14.7368421052632,1.47368421052632,2.83171745152355,1.83484130905533,1.98636130340272,-0.483946714295401
0.386464679655278,0.0683354081566081,1.0439721609487,4.98166884316906,1.05263157894737,14.7368421052632,1.57894736842105,3.01997567544755,1.7264757924566,2.19722079400633,-0.176209225580802
1.87854919987664,1.84483755153433,1.73567112141726,14.9998174262471,2.10526315789474,14.7368421052632,1.68421052631579,3.18731631893555,1.41312232784812,2.74087581626192,-0.0361637577614077
0.247037730122449,0.674266218153357,0.686590295866421,6.21010725057188,3.15789473684211,14.7368421052632,1.78947368421053,3.33373938198755,0.928737625300188,3.38805672805569,0.644650879019474
1.96482846337632,1.00081622061861,1.36199909387686,14.0675344241196,4.21052631578947,14.7368421052632,1.89473684210526,3.45924486460356,0.325812283336933,3.86583505460921,-0.215367249242608
0.00996457971373399,0.471394234130488,0.088349730197175,2.48530620955738,5.26315789473684,14.7368421052632,2,3.56383276678356,0.33031738188933,3.97272260680544,-0.0569045658488343
1.57082067071259,0.860583451904898,1.63389504679163,14.5403813308348,6.31578947368421,14.7368421052632,2.10526315789474,3.64750308852756,0.968549540250604,3.66364287502846,-0.113980728419269
0.54405184886837,1.31756283744077,1.6760749128845,10.9972262929943,7.36842105263158,14.7368421052632,2.21052631578947,3.71025582983556,1.51972183419615,3.06894064887505,-0.377975009486947
0.832417584855028,0.00638936403842427,1.28653604385806,8.64568029351938,8.42105263157895,14.7368421052632,2.31578947368421,3.75209099070756,1.92410619335764,2.4394131452803,0.0558975470118642
0.376851798569626,1.29975458896828,0.440653383195934,7.07221719763681,9.47368421052632,14.7368421052632,2.42105263157895,3.77300857114356,2.13788129775011,2.04054406170209,-0.448594171765754
0.277084699908868,0.824502382669898,0.0079109547627827,5.38211461314914,10.5263157894737,14.7368421052632,2.52631578947368,3.77300857114356,2.13788129775011,2.04054406170209,0.0315250003625859
1.0476254359216,1.74270393394049,0.548365401694939,11.2765730416302,11.5789473684211,14.7368421052632,2.63157894736842,3.75209099070756,1.92410619335764,2.43941314528029,0.0233709327091427
1.88075879329942,1.76160684688534,1.09330508843734,16.4214041547221,12.6315789473684,14.7368421052632,2.73684210526316,3.71025582983556,1.51972183419615,3.06894064887505,0.674024956096964
1.69883227613027,0.833753482031152,0.567536533796914,11.8601670152045,13.6842105263158,14.7368421052632,2.84210526315789,3.64750308852756,0.968549540250605,3.66364287502846,-0.0652169520959242
0.806218216194183,0.966865986404288,1.77682507808665,13.3160128529129,14.7368421052632,14.7368421052632,2.94736842105263,3.56383276678356,0.330317381889331,3.97272260680544,0.117211738489041
1.49565255289804,1.84520877235529,0.214146410558203,9.59120018056969,15.7894736842105,14.7368421052632,3.05263157894737,3.45924486460356,0.325812283336932,3.86583505460921,-0.0643061953304559
1.12243825447284,0.731096007800742,0.527994898586006,9.45270587908271,16.8421052631579,14.7368421052632,3.15789473684211,3.33373938198755,0.928737625300188,3.38805672805569,0.0850214907704177
1.51127092896615,1.65899149382989,1.90105445035869,16.1485474397578,17.8947368421053,14.7368421052632,3.26315789473684,3.18731631893555,1.41312232784812,2.74087581626192,0.513578960767917
1.92609263818486,1.58301903064601,0.195462712516036,12.1494933334239,18.9473684210526,14.7368421052632,3.36842105263158,3.01997567544755,1.7264757924566,2.19722079400633,-0.198199406986089
0.460358298923839,1.65344280904861,1.02899073050748,10.106677251066,20,14.7368421052632,3.47368421052632,2.83171745152355,1.83484130905533,1.98636130340272,0.251635874680288
0.71005827703507,0.812305942126115,1.50130507292646,8.45725299292612,0,15.7894736842105,1.57894736842105,2.74861495844875,2.4909709742816,1.87947375120649,0.0815348216850696
0.985315829561148,1.76447694470889,0.665324513143013,10.2039557418153,1.05263157894737,15.7894736842105,1.68421052631579,2.93134836288856,2.38260545768287,2.0903332418101,0.036638926754321
0.0119130906672771,0.778966388828953,1.43816757389558,7.17024144044466,2.10526315789474,15.7894736842105,1.78947368421053,3.09377805572394,2.06925199307438,2.63398826406569,-0.0560829662711802
1.45144130042903,1.16745929644234,0.805460257651806,11.4908909900748,3.15789473684211,15.7894736842105,1.89473684210526,3.2359040369549,1.58486729052645,3.28116917585946,0.406309962768717
1.96568879067321,0.681112623061195,0.0985193227939398,9.87718968592883,4.21052631578947,15.7894736842105,2,3.35772630658144,0.981941948563196,3.75894750241298,0.237802704297738
1.02047294458328,1.39061145221058,1.61984865541293,12.6108732426964,5.26315789473684,15.7894736842105,2.10526315789474,3.45924486460356,0.325812283336933,3.86583505460921,0.260398284048953
0.601108679352223,1.08750963820467,1.50791243069072,10.1062781255492,6.31578947368421,15.7894736842105,2.21052631578947,3.54045971102125,0.312419875024341,3.55675532283223,0.0645155590882181
0.424370406120832,1.82215880058973,1.41472939005703,9.74297316926759,7.36842105263158,15.7894736842105,2.31578947368421,3.60137084583452,0.863592168969884,2.96205309667882,0.134762845555037
0.234399194084191,1.70455362673793,0.101444056879882,5.63302466417219,8.42105263157895,15.7894736842105,2.42105263157895,3.64197826904336,1.26797652813138,2.33252559308406,-0.0396595871261695
1.55405437817268,1.81846237560937,1.6704184664086,14.2033324332331,9.47368421052632,15.7894736842105,2.52631578947368,3.66228198064779,1.48175163252385,1.93365650950585,0.0611061627186467
1.64402945139546,1.42417540672395,1.01359954815169,13.0177153603881,10.5263157894737,15.7894736842105,2.63157894736842,3.66228198064779,1.48175163252385,1.93365650950585,0.295009379290615
1.39319960445872,0.774618756112938,0.857812030761289,11.1278351376727,11.5789473684211,15.7894736842105,2.73684210526316,3.64197826904336,1.26797652813138,2.33252559308406,0.333923431723447
0.0489720705514953,0.0466813147726255,0.10682251038859,3.32333806385205,12.6315789473684,15.7894736842105,2.84210526315789,3.60137084583452,0.863592168969885,2.96205309667882,-0.051861352016539
0.88687164295296,1.88006314613002,1.70311134635422,12.4814327830032,13.6842105263158,15.7894736842105,2.94736842105263,3.54045971102125,0.312419875024342,3.55675532283223,-0.250788398444703
0.063501510765489,1.93267028204213,0.44697520879025,6.28035620558213,14.7368421052632,15.7894736842105,3.05263157894737,3.45924486460356,0.325812283336932,3.86583505460921,0.650437203412477
0.808872854503284,0.00127159276072231,1.1609930791985,10.563494992505,15.7894736842105,15.7894736842105,3.15789473684211,3.35772630658144,0.981941948563195,3.75894750241298,0.324265927772403
0.996338004474611,1.64269167620785,0.357970716194437,10.3034474002709,16.8421052631579,15.7894736842105,3.26315789473684,3.2359040369549,1.58486729052645,3.28116917585946,0.0382245488036857
1.93895478653459,0.262205458084602,0.56465754370973,11.2231842444364,17.8947368421053,15.7894736842105,3.36842105263158,3.09377805572394,2.06925199307438,2.63398826406569,-0.173803087900947
1.04924534647024,0.972444133356036,1.07233391116496,10.8067473414512,18.9473684210526,15.7894736842105,3.47368421052632,2.93134836288856,2.38260545768287,2.0903332418101,-0.301126417973214
0.636681245225583,0.601948511044883,1.21039563225665,9.70573752315523,20,15.7894736842105,3.57894736842105,2.74861495844875,2.4909709742816,1.87947375120649,0.602455471917178
1.54059110763996,1.43010201217685,0.397355895767995,11.0188834523604,0,16.8421052631579,1.68421052631579,2.648891966759,3.09389631624485,1.40169542465297,0.27225422857163
0.0391434086541955,0.374275243716669,0.0338766081264468,3.06965472418865,1.05263157894737,16.8421052631579,1.78947368421053,2.82499558781777,2.98553079964612,1.61255491525658,-0.00243707536982061
0.0236748282898964,1.19152136858837,1.13208210176946,7.46543493509608,2.10526315789474,16.8421052631579,1.89473684210526,2.98153213987001,2.67217733503764,2.15620993751217,-0.124852241731266
1.14700330320998,1.62799241451376,0.164447378530103,9.5694197785728,3.15789473684211,16.8421052631579,2,3.11850162291572,2.18779263248971,2.80339084930594,-0.0302319703632016
1.39087072284359,1.91169818796272,1.00212690799236,12.9891217879071,4.21052631578947,16.8421052631579,2.10526315789474,3.2359040369549,1.58486729052645,3.28116917585946,0.0651985948157458
1.39945101357947,0.523912455618423,0.234521075961904,7.82347211458515,5.26315789473684,16.8421052631579,2.21052631578947,3.33373938198755,0.928737625300189,3.38805672805569,-0.333607077516422
0.633955559751051,1.73511906612645,1.04943226369697,8.27784223310258,6.31578947368421,16.8421052631579,2.31578947368421,3.41200765801367,0.290505466938914,3.07897699627871,0.0637521611320972
0.613474062706355,0.112258781296926,1.27754971636212,8.05778603476295,7.36842105263158,16.8421052631579,2.42105263157895,3.47070886503326,0.260666827006629,2.4842747701253,0.304496867017635
0.0778312062173494,1.57795760415536,0.695328036305677,5.43067743899516,8.42105263157895,16.8421052631579,2.52631578947368,3.50984300304632,0.665051186168125,1.85474726653054,0.292105983914314
0.965133606128916,1.51539133112175,0.501821698092938,8.34380151163939,9.47368421052632,16.8421052631579,2.63157894736842,3.52941007205285,0.878826290560591,1.45587818295234,0.243513289659875
0.439279418860138,0.876754478236716,0.961774781230681,6.46307168044673,10.5263157894737,16.8421052631579,2.73684210526316,3.52941007205285,0.878826290560592,1.45587818295234,0.00509056306441069
1.62450254388779,0.0379607425190363,1.39453915056678,11.1081940058176,11.5789473684211,16.8421052631579,2.84210526315789,3.50984300304632,0.665051186168125,1.85474726653054,-0.0474236588594315
1.71037864467786,0.0166823292614018,1.25042113017381,11.6748665968364,12.6315789473684,16.8421052631579,2.94736842105263,3.47070886503326,0.260666827006629,2.4842747701253,-0.319466344421309
1.31525321613278,1.03462441280659,1.81027656452246,13.2056731637823,13.6842105263158,16.8421052631579,3.05263157894737,3.41200765801367,0.290505466938913,3.07897699627871,-0.20897640805317
1.8316619772343,1.31878283106552,0.0401990749357335,10.4086277082407,14.7368421052632,16.8421052631579,3.15789473684211,3.33373938198755,0.928737625300188,3.38805672805569,-0.216550677704611
1.47849349730413,0.641664928406533,0.77695892028949,11.036326373497,15.7894736842105,16.8421052631579,3.26315789473684,3.2359040369549,1.58486729052645,3.28116917585946,-0.577382014450289
0.211742545246576,0.923746311893828,0.567408953178628,7.54910623053642,16.8421052631579,16.8421052631579,3.36842105263158,3.11850162291572,2.18779263248971,2.80339084930594,-0.0912687356929952
1.30431239319194,0.825864149443788,1.46674070338452,12.7631335871867,17.8947368421053,16.8421052631579,3.47368421052632,2.98153213987001,2.67217733503764,2.15620993751217,0.0311437135727384
0.601403813030276,1.91478846050542,1.37057293506128,13.5186468270375,18.9473684210526,16.8421052631579,3.57894736842105,2.82499558781777,2.98553079964612,1.61255491525658,0.313952293512488
0.35459039198011,0.185895087064487,1.79838331580384,8.21268747329858,20,16.8421052631579,3.68421052631579,2.648891966759,3.09389631624485,1.40169542465297,0.493279515565446
0.163001480630861,0.42852132464829,1.55140664479618,4.80519397575036,0,17.8947368421053,1.78947368421053,2.53254847645429,3.57828101879279,0.754514512859202,-0.101017410873486
0.313554377298177,1.5277614413194,1.22760274491773,8.92257497125753,1.05263157894737,17.8947368421053,1.89473684210526,2.70091735023519,3.46991550219406,0.965374003462808,-0.305345214146259
0.380985408304404,1.24641221598269,1.90080679284661,9.37778016952733,2.10526315789474,17.8947368421053,2,2.85057857137376,3.15656203758557,1.5090290257184,-0.510998778233395
1.84916350086731,0.829285007279166,0.656768573913077,11.5598598020553,3.15789473684211,17.8947368421053,2.10526315789474,2.98153213987001,2.67217733503764,2.15620993751217,0.309128707995143
1.99691618522653,1.98047941044563,0.642285941992417,14.4847083508213,4.21052631578947,17.8947368421053,2.21052631578947,3.09377805572394,2.06925199307439,2.63398826406569,0.306281961368238
1.8124857522455,0.601603634898071,0.0597076187721766,9.64224993749778,5.26315789473684,17.8947368421053,2.31578947368421,3.18731631893555,1.41312232784812,2.74087581626192,0.535704350514999
0.911712720976788,1.2489078640866,1.85865799768974,10.8322030368893,6.31578947368421,17.8947368421053,2.42105263157895,3.26214692950484,0.774890169486848,2.43179608448494,-0.0506341156686654
0.345350062383712,0.76564257877371,1.37573425201316,6.32119646839414,7.36842105263158,17.8947368421053,2.52631578947368,3.3182698874318,0.223717875541305,1.83709385833153,-0.0497249099270303
1.97076169561198,1.71539679541264,1.13381784655864,10.7221328541005,8.42105263157895,17.8947368421053,2.63157894736842,3.35568519271645,0.180666483620191,1.20756635473677,-0.201776924550707
0.706478400368636,0.463940844291333,1.75568943192811,6.26243570041609,9.47368421052632,17.8947368421053,2.73684210526316,3.37439284535877,0.394441588012658,0.808697271158567,-0.461160880419914
0.275197241615396,0.893523649724894,0.998320338251148,4.83853271111599,10.5263157894737,17.8947368421053,2.84210526315789,3.37439284535877,0.394441588012658,0.808697271158567,-0.09197797582152
0.998572687794211,0.159009900103834,1.72654934722534,8.17864622500843,11.5789473684211,17.8947368421053,2.94736842105263,3.35568519271645,0.180666483620192,1.20756635473677,-0.233268439340922
0.208633548327132,1.33392633393368,1.18618256783939,5.76853985922674,12.6315789473684,17.8947368421053,3.05263157894737,3.3182698874318,0.223717875541305,1.83709385833153,-0.453946016436517
0.844457049620969,0.845159457008116,1.6430157144612,11.0084586964324,13.6842105263158,17.8947368421053,3.15789473684211,3.26214692950484,0.774890169486847,2.43179608448494,0.445436052012161
0.273239150280355,0.394738560701267,0.591571179339367,6.26316032343002,14.7368421052632,17.8947368421053,3.26315789473684,3.18731631893555,1.41312232784812,2.74087581626192,-0.0501341868058928
1.84581511625293,1.86990367595176,1.57426550686146,16.7953252168103,15.7894736842105,17.8947368421053,3.36842105263158,3.09377805572394,2.06925199307438,2.63398826406569,-0.299536915324947
0.714295799348871,0.390690800044036,0.341609419729151,7.16106312029808,16.8421052631579,17.8947368421053,3.47368421052632,2.98153213987001,2.67217733503764,2.15620993751217,-0.222893699814201
0.834110438897575,1.58931912129722,1.69687886496476,13.771620399697,17.8947368421053,17.8947368421053,3.57894736842105,2.85057857137376,3.15656203758557,1.5090290257184,0.237551823739805
1.8278054490806,1.30175492309835,1.10092842287916,14.0387022471328,18.9473684210526,17.8947368421053,3.68421052631579,2.70091735023519,3.46991550219406,0.965374003462808,-0.162046996296475
0.772465756819816,0.834294132709141,1.63215659246657,10.0321353569279,20,17.8947368421053,3.78947368421053,2.53254847645429,3.57828101879279,0.754514512859202,0.0695300017320622
0.959446076981733,1.12894777591599,0.934590809227366,8.20477869072374,0,18.9473684210526,1.89473684210526,2.39958448753463,3.89163448340127,0.210859490603607,-0.58274951100315
1.17499561364855,0.889760865904223,1.31853825805452,8.61411205437625,1.05263157894737,18.9473684210526,2,2.55911365014081,3.78326896680254,0.421718981207213,-0.31509254208761
1.4501623352093,0.459304083288679,1.83353104362813,9.42679128109648,2.10526315789474,18.9473684210526,2.10526315789474,2.70091735023519,3.46991550219406,0.965374003462807,0.0409699484923343
0.0918502895373137,1.15686315257217,0.318572141573468,6.42977035919649,3.15789473684211,18.9473684210526,2.21052631578947,2.82499558781777,2.98553079964612,1.61255491525658,-0.0077982650137286
1.62408689165637,0.157243567155592,0.312809222558213,7.83990617333294,4.21052631578947,18.9473684210526,2.31578947368421,2.93134836288856,2.38260545768287,2.0903332418101,-0.265172648945587
1.44702307223301,0.994446046333178,0.260494465927449,8.75478863997117,5.26315789473684,18.9473684210526,2.42105263157895,3.01997567544755,1.72647579245661,2.19722079400633,-0.325489354720637
1.49387406477867,0.0646769092933195,1.60557151539458,10.2670585238335,6.31578947368421,18.9473684210526,2.52631578947368,3.09087752549474,1.08824363409533,1.88814106222935,0.0214312202421959
0.406214858481839,1.07630497012608,0.273731012096915,5.14207075965779,7.36842105263158,18.9473684210526,2.63157894736842,3.14405391303013,0.537071340149788,1.29343883607594,0.301223522548544
0.46870758890203,1.87924119097451,1.27153497031324,5.07831399192805,8.42105263157895,18.9473684210526,2.73684210526316,3.17950483805373,0.132686980988291,0.66391133248118,-0.242323476497941
0.926039033637176,0.997817471958919,1.69267454387728,6.64133068631917,9.47368421052632,18.9473684210526,2.84210526315789,3.19723030056553,0.0810881234041754,0.265042248902972,0.308923951238988
0.525843417285721,1.93538519613434,0.282467553748219,4.87566979909718,10.5263157894737,18.9473684210526,2.94736842105263,3.19723030056553,0.0810881234041756,0.265042248902972,0.0152562816394091
0.902654150366012,0.00363665852057649,1.55255155343418,6.89148013606487,11.5789473684211,18.9473684210526,3.05263157894737,3.17950483805373,0.132686980988291,0.663911332481179,-0.062383788886704
1.21366285320178,1.84997624150868,1.60842198688216,10.0106600450694,12.6315789473684,18.9473684210526,3.15789473684211,3.14405391303013,0.537071340149787,1.29343883607594,-0.0370208163851748
0.254945650145663,1.56963914093523,0.762806759973992,7.36221660963733,13.6842105263158,18.9473684210526,3.26315789473684,3.09087752549474,1.08824363409533,1.88814106222935,0.162616365639958
1.5157220160756,1.96002471144225,1.75009507585123,15.2154491876365,14.7368421052632,18.9473684210526,3.36842105263158,3.01997567544755,1.7264757924566,2.19722079400633,0.040304006646056
0.144275562069135,1.54599118710768,1.48962377028063,10.9262371149332,15.7894736842105,18.9473684210526,3.47368421052632,2.93134836288856,2.38260545768287,2.0903332418101,0.232333846990214
0.641455509759966,0.808183246876087,1.86049430266009,10.7477664605981,16.8421052631579,18.9473684210526,3.57894736842105,2.82499558781777,2.98553079964612,1.61255491525658,-0.0562951005441914
0.550855917557716,1.37940986631468,1.00914301872265,10.9919138898804,17.8947368421053,18.9473684210526,3.68421052631579,2.70091735023519,3.46991550219406,0.965374003462808,0.0592509432976615
1.05117089653001,0.225180048883501,0.268525707906466,7.43151766564494,18.9473684210526,18.9473684210526,3.78947368421053,2.55911365014081,3.78326896680254,0.421718981207213,-0.0131808873565673
0.18862782384739,1.56764837696491,1.23806066092578,10.1817000449714,20,18.9473684210526,3.89473684210526,2.39958448753463,3.89163448340127,0.210859490603607,-0.527436519099361
1.43194388567459,1.13528852679671,0.125915981094661,10.0597463963231,0,20,2,2.25,4,0,0.29671854636839
0.394103323543358,1.96809466884231,1.28273273398621,10.813802324309,1.05263157894737,20,2.10526315789474,2.39958448753463,3.89163448340127,0.210859490603606,-0.16672650598008
1.1663157847455,0.248516255093045,1.31904744149837,7.12727333341048,2.10526315789474,20,2.21052631578947,2.53254847645429,3.57828101879279,0.754514512859201,0.0784943176779783
1.50502524335262,1.60175844715757,1.52048292186134,13.3724763753681,3.15789473684211,20,2.31578947368421,2.648891966759,3.09389631624485,1.40169542465297,-0.0168908892132808
0.0917813843134831,0.147876264431891,0.261725751675257,3.95937857478511,4.21052631578947,20,2.42105263157895,2.74861495844875,2.4909709742816,1.87947375120649,0.425792094601523
1.76168809183149,0.214462170060377,1.26660557684178,10.9202667542949,5.26315789473684,20,2.52631578947368,2.83171745152355,1.83484130905534,1.98636130340272,0.495907697671744
1.21640224649594,1.93564584663586,1.75266477803793,11.426347851897,6.31578947368421,20,2.63157894736842,2.89819944598338,1.19660915069406,1.67728157162574,0.0134687216131076
0.975450957745611,1.30656472533632,0.255398120390308,6.65069491276621,7.36842105263158,20,2.73684210526316,2.94806094182825,0.645436856748518,1.08257934547233,-0.0816298211623185
0.568363337710855,0.992590190666446,1.74276114934428,5.59249514485044,8.42105263157895,20,2.84210526315789,2.98130193905817,0.241052497587022,0.453051841877573,0.027099667681976
4.89137054204836e-05,0.975756764044745,0.824875862484791,2.55727889304086,9.47368421052632,20,2.94736842105263,2.99792243767313,0.0272773931945554,0.0541827582993655,-0.461546317905847
0.485948223205814,0.417387767240631,0.905129760855019,4.74969609221967,10.5263157894737,20,3.05263157894737,2.99792243767313,0.0272773931945551,0.054182758299365,0.179801754072617
1.44621565309371,1.28025277103134,0.887179299623565,8.05611944931279,11.5789473684211,20,3.15789473684211,2.98130193905817,0.241052497587021,0.453051841877572,-0.123927162163795
1.15513943250407,1.95006334264982,0.770035562113022,8.54169272944285,12.6315789473684,20,3.26315789473684,2.94806094182825,0.645436856748518,1.08257934547233,-0.219153957788032
0.200796297343245,1.62613498043958,1.86552592541629,9.26247685211936,13.6842105263158,20,3.36842105263158,2.89819944598338,1.19660915069406,1.67728157162574,0.237247827823568
1.52075163518725,1.86880370711099,1.49164077183983,14.2151840248047,14.7368421052632,20,3.47368421052632,2.83171745152355,1.83484130905533,1.98636130340272,0.0432651214022953
1.65783791934603,1.17725269634516,1.84667549929719,14.7514478899643,15.7894736842105,20,3.57894736842105,2.74861495844875,2.4909709742816,1.87947375120649,0.212461993829457
0.257653673671508,0.209305873917381,1.47482369826326,7.09961008321423,16.8421052631579,20,3.68421052631579,2.648891966759,3.09389631624485,1.40169542465297,0.0180785081972529
1.73027202404883,1.28954808698874,0.457491475188002,12.8030568696907,17.8947368421053,20,3.78947368421053,2.53254847645429,3.57828101879279,0.754514512859201,-0.327963992907203
1.94485911076869,0.262186256852197,1.24062876058636,10.2935169196363,18.9473684210526,20,3.89473684210526,2.39958448753463,3.89163448340127,0.210859490603607,0.449994898164713
0.592656719408909,0.137820072694613,0.894685432370452,5.64583266865091,20,20,4,2.25,4,0,-0.23892524079759
