LON,LAT,U,V,Y,AGWNN_YH,AGWNN_BH0,AGWNN_BH1,AGWNN_BH2,AGWNN_BH3,AGWNN_BH4,AGWNN_BH5
-80.4828,25.4719,1570162.87238458,-1208508.39342854,5.962068961,6.01997210946306,-0.101367100217119,0.513599874802968,0.176967680969863,-0.248765165104083,-0.34145744415172,0.182553399995239
-80.3264,25.9419,1577381.76746218,-1155058.30133549,5.180769196,5.26914762661589,-0.0978779390281308,0.60620675033908,0.204063500698708,-0.303661736249256,-0.447784403344715,0.174627498420214
-80.2569,26.0539,1582284.5894323,-1141774.39616424,4.799999988,4.82816906230834,-0.0956989850694645,0.618707850477916,0.204940519131737,-0.313890362145146,-0.469574996039023,0.167612790502112
-98.1521,26.2886,-216690.281502313,-1244900.30662057,6.814814802,6.78844509718421,-0.144191476308959,-0.0829283173045085,0.179452579680459,-0.107643221703243,-0.188933712489102,0.353078711958154
-80.0928,26.4569,1591247.05867364,-1095367.7486143,5.386206874,5.3947614980642,-0.0793979714599315,0.654692975190372,0.203572356850496,-0.349199965893094,-0.556066353983973,0.128835166242665
-82.2304,27.9657,1355029.09954868,-964273.181091206,7.09666667,7.03953987190466,0.189344313279689,0.812070174591307,0.202869487128416,-0.533906952187401,-1.09400558457771,-0.0130725852084288
-81.3106,28.7461,1431565.13525057,-865494.904341357,6.012500077,6.03592532879185,0.268281267920549,0.474693677603797,-0.0901145165899713,-0.5532165710865,-1.24159885072114,-0.310244360618276
-98.6202,29.5151,-253992.730104759,-887690.21308649,6.624999881,6.50500978818538,-0.27090552886227,0.0130811062087764,-0.20587093301533,-0.154085413490815,-0.182887687839576,0.438433578093889
-90.7797,29.6793,504847.166190232,-859117.717238122,8.141379241,8.21988937639891,-0.490848324500705,0.694961806979372,0.398383695865572,-0.838017143964336,0.773039626397607,-0.178312787287527
-95.2576,29.7337,71784.6207669702,-866673.955119888,9.753409047,9.66832559535343,-0.648404605974521,1.04105242733038,-0.351552179419643,-0.392437530909287,0.571418139554709,0.409060197065866
-95.3877,29.8145,59147.358758926,-857801.897439955,10.09999992,9.99430666005322,-0.643484987680321,0.98772761767331,-0.388791824455076,-0.391294339360766,0.560559510029011,0.432835513050562
-90.1098,29.9003,568035.553718558,-830864.966553494,8.379999955,8.38529243504143,-0.400187156155963,0.190282847985676,0.211219791875072,-0.928321972398677,0.781436150707824,-0.281278012573265
-89.9762,29.9432,580601.015346452,-825307.083535848,8.119999886,8.14928244127897,-0.376181704076645,0.084496851814611,0.161879501289187,-0.936486304698049,0.787769707437676,-0.304392584600576
-90.1182,29.996,566569.719175462,-820316.736829374,7.693333308,7.88683394446298,-0.400636135510344,0.154387753921087,0.197008421388352,-0.958692417459159,0.834674607383723,-0.279090848265881
-90.2728,30.0412,551393.896051602,-816219.319866888,7.039999914,7.04122629920045,-0.422064474441059,0.232747305002109,0.232434120106823,-0.97424260357913,0.8935992346849,-0.254703228358276
-81.634,30.1358,1377097.43094146,-718053.966518403,6.750000032,6.73003277117281,0.263550813502179,-0.129139796697594,-0.311532649157138,-0.407007436847459,-0.738633056488581,-0.111023021917313
-91.0626,30.2191,474403.235076984,-800765.292705413,9.117241432,8.89995059827492,-0.511678768410607,0.640017483523384,0.379632938630197,-1.00712807174397,1.23248841741291,-0.122755153288809
-92.0429,30.2261,380241.309828715,-804396.964079699,7.960000014,8.02094543340761,-0.584091269314388,1.11616776138037,0.423971429694999,-0.901964894627073,1.49071433650918,0.00221843938168666
-93.58,30.2278,232577.250063911,-809164.395916499,6.660000046,6.72813833323915,-0.644971972044646,1.34504585064689,0.090061939004011,-0.676940739854994,1.4677852544819,0.189178682023788
-81.5478,30.3547,1381614.85892894,-692776.815325366,6.816666698,6.88686452217233,0.224247058646439,-0.155082349081728,-0.271231491217142,-0.3756918403171,-0.660967702869878,-0.0534407947719705
-84.3464,30.4397,1114421.89378944,-720179.025201617,7.500000032,7.65605826341922,0.0388020636287137,-0.497778636822907,-0.413939024559804,-0.149247409849305,1.0074803405777,0.833474809947713
-91.1792,30.462,461841.815530184,-774400.002030731,9.701204834,10.0024031807521,-0.50153557768941,0.548163624701162,0.350480942803209,-1.09087843129239,1.48714208231182,-0.0862119869849044
-87.8803,30.4975,776933.398931606,-748961.880312994,7.746428524,7.84724056863784,-0.0201069676113763,-0.950337903534205,-0.585634338536091,-0.667979987834236,0.932095768339351,-0.369093420064621
-91.2136,30.5006,458333.150486338,-770284.010920758,9.321428532,9.06861604227738,-0.498762402545497,0.545983393698894,0.348388634837426,-1.10092323459432,1.54595887244807,-0.0812866783035107
-90.3772,30.5033,538320.372938337,-765598.636762198,8.252000036,8.34045519115751,-0.409686561286243,0.040573196119944,0.160197919497667,-1.12458048096204,1.23816039600972,-0.21296560624683
-88.0878,30.7702,754605.190580307,-720438.082722136,8.528571486,8.53303782860334,-0.045609741635301,-0.966137678210045,-0.589355810215717,-0.724979515569504,0.948461987172777,-0.398034963310084
-83.2933,30.8486,1208495.45907447,-662240.755776683,7.876666657,7.86092406688691,-0.0184863390341484,-0.427619360105498,-0.194724361099041,-0.0613549834716417,0.736667256250068,0.739141741698083
-81.495,31.1698,1372848.42892274,-602460.165320707,7.688888919,7.65943053053858,-0.00950738888273261,-0.0792590765637676,0.0568312340988228,-0.16897294684853,-0.247369556113837,0.326855909252782
-92.4107,31.1778,340922.839995252,-700104.683275123,7.886666576,7.92514423271478,-0.414756367991263,0.422080230106945,0.209010532403612,-1.2448051233475,2.83103365382892,0.103443251100421
-85.3908,31.2248,1005259.49459669,-645144.425109993,8.393103484,8.52810238902656,-0.13597672539972,-0.449503738581108,-0.416445861382541,0.0396843022973384,1.33226146830336,0.678653489623627
-110.937,31.3372,-1410487.96408752,-577731.393053975,8.619999949,8.51740627231999,0.237981515514289,1.02872957445358,1.63271731937747,1.3640784781395,-0.39059904916888,-0.0307396894191956
-82.75,31.5131,1249565.28206942,-581978.630916475,7.836666687,7.76654118897284,-0.231127216393909,-0.252057364593207,0.1703546957598,0.212143845456379,0.786093786732256,0.773072510703306
-84.0998,31.5776,1122077.26620518,-591703.757134256,8.452173918,7.99718400127192,-0.300421504161229,-0.275372346370435,0.00747591768501035,0.318190771679168,1.38844846611207,0.94061291077763
-106.455,31.7657,-984097.300230959,-586917.505895832,7.351724123,6.89921730790077,-0.124080343740506,0.256667232117113,0.198795661817576,-0.021455948234493,0.0303674807624907,0.213379501541953
-106.501,31.7683,-988377.610891536,-586152.318471164,6.74666667,7.10576007408357,-0.125377513378998,0.26053755094657,0.205750608849351,-0.0184380695019375,0.0287014628356169,0.218694078424816
-90.1827,32.3291,544487.785112727,-561656.25565349,8.00555555,8.09282351963549,-0.138090304168171,-1.0527116653785,-0.390654362889517,-1.66837228860608,2.78176561570491,-0.0894147093466818
-86.2634,32.4128,909346.981279541,-522370.50571888,10.16428568,10.2844410627888,-0.306946745722177,0.258257405564171,-0.274806556812584,0.419989273810519,0.545411150080488,0.0895876137052574
-84.9316,32.4297,1032982.22197295,-506887.232851661,9.023333327,8.9165051270888,-0.487095968078859,0.32463732097595,0.111350313969669,0.789988612346145,1.16101564342164,0.566242019029941
-84.9997,32.437,1026561.13492252,-506816.680290574,9.969999997,10.0222192424328,-0.480673675593314,0.339711593242088,0.0932067528758699,0.782566395944213,1.12611778953093,0.540390947962775
-93.7952,32.4718,206106.241326991,-560025.100940829,11.85517238,11.9077486517865,-0.0493795103374322,-0.578183372882244,-0.565215032176235,-1.40869699344023,4.96497870202367,0.157395263502607
-84.9789,32.4842,1027884.51464366,-501364.041196631,9.489285639,9.56410671994043,-0.493194475717579,0.367177810757584,0.11329655228454,0.811001865147075,1.12000669275268,0.53488794367142
-92.0462,32.51,369353.339798209,-550471.847664204,7.741379286,7.81498652409177,-0.0358944607505057,-0.835041929981414,-0.294456349384889,-1.92995201851381,5.43265725572914,-0.00177087906300705
-84.9446,32.5213,1030588.88742942,-496883.267520642,8.986666648,9.25837890465102,-0.504415901146614,0.388986176995428,0.132488017726182,0.83961276765396,1.12032277934992,0.533329092036203
-83.5978,32.6056,1154240.1255993,-472071.138189339,8.317857163,8.6559251038038,-0.621342225940979,0.206936994902178,0.491636834121964,1.08595142917585,1.45223010841452,0.808756757814899
-117.059,32.6312,-1948806.18630886,-327827.313775726,9.846666638,9.4253778872326,0.163569249416358,-0.289706965005254,-0.470713612954054,-1.16676674250091,-0.550394384891752,0.539480107452684
-94.1675,32.669,170884.070701967,-538775.464351576,8.133333381,8.21852222570806,-0.0274176837037093,-0.638241449663613,-0.761097842251255,-1.32541512737682,4.93041625041544,0.175980503825024
-115.483,32.6762,-1804074.49710663,-354040.529461318,11.01395351,11.3264713967594,0.281804311609821,0.138733350985119,-0.34133757280721,-0.657301432312069,-0.116935745447783,-0.0211169942495272
-97.3423,32.7592,-125033.477461644,-529478.021273727,8.454545422,8.28562448060563,-0.354912099972405,-0.0102691595765211,-1.17350285338874,-0.455795173280834,1.12952689111227,0.657200125514525
-83.641,32.7775,1147755.65677013,-453581.704968431,9.607142857,8.40509298337911,-0.649479191649373,0.299881199630927,0.500659100843384,1.23128790657692,1.45237266987835,0.738400333080661
-116.944,32.7896,-1934474.66775954,-312936.840292031,9.85925922,9.37433463709841,0.213817836609576,-0.236417781891678,-0.487881864041225,-1.16556911589498,-0.432853084055864,0.517839345556243
-79.9587,32.791,1486593.85042641,-401048.454219329,6.676811562,6.54876327815594,-0.369797343734965,0.74578341887141,0.800016568751292,0.161595388464923,-0.336581310183674,0.884166805969534
-115.563,32.7922,-1808732.49095586,-339851.503599796,9.103333292,8.99176997562233,0.301865224815385,0.152100350031167,-0.379021285724051,-0.701592612501602,-0.0461891504785009,-0.0129914637811119
-83.5435,32.8053,1156353.20617565,-449324.609579489,7.521428619,8.42617761571931,-0.65853298330046,0.293827564998672,0.529862255575167,1.24667657401371,1.46161051372485,0.755904137520497
-96.8601,32.8201,-80057.261067182,-523204.425017303,8.651999984,8.48193894190725,-0.329551673993307,-0.105157849781932,-1.23486629430152,-0.554244313522825,1.55411324979897,0.63563721006147
-117.124,32.8457,-1949446.84314638,-303152.195038721,8.50689657,9.03072569327514,0.226032524858504,-0.263352470331811,-0.479760037290765,-1.18390323470467,-0.433224984905721,0.586100049115075
-111.752,32.8776,-1458437.62450993,-396003.678558127,8.32413791,8.3556849923518,0.204263804448697,0.830207561359582,1.09354898074801,0.928043283947305,-0.142304094916684,0.312165274644196
-112.037,32.8848,-1484441.42264544,-390798.720537482,13.16129026,13.2936110209971,0.260691443284637,0.839797527175481,1.02391462962067,0.930536231678458,-0.0980539056902316,0.180335868782655
-115.539,32.9783,-1802305.49995499,-319979.897335427,8.799999968,9.10828959823857,0.354757105160001,0.229334642175756,-0.406101619334136,-0.67850903390351,0.127459705905894,-0.0601864638760944
-80.065,32.9803,1473310.31379442,-381879.535684838,6.908474575,6.90405330999779,-0.414051149796878,0.739717854040951,0.830804018707908,0.330637012217688,-0.229672328767986,0.911323478567305
-117.082,32.9854,-1942204.79888605,-288806.136731428,9.144827497,9.03861721191474,0.280744680863475,-0.218454159176443,-0.494232696367853,-1.17080529767956,-0.318401482771019,0.577858979626895
-91.9392,33.1395,376342.770988554,-479880.295185857,9.573333311,9.76360597488467,0.0727794457165149,-0.980745628363009,-0.604147163840302,-2.17963076520016,6.62178834244633,-0.166342479752447
-87.4842,33.1899,787899.463134118,-446971.04894235,8.510000062,8.55925196841609,-0.258307033865904,0.203747539219425,-0.359555301687527,-0.0109878376321525,-0.221641832794209,-0.236854611257091
-92.6723,33.2206,308115.142564448,-473473.70929545,9.850000381,9.99552486538232,0.129989266955782,-0.921836160802884,-0.736465996506647,-2.03684918406428,7.208788098162,-0.186286180190667
-85.8036,33.2849,941708.602329942,-421122.142994306,8.160714209,8.21224744451089,-0.47131613912522,0.939554496552629,-0.0107404675219564,0.932551527266811,0.150138833777905,-0.0210332667634058
-87.0036,33.3311,830746.109858801,-427180.630696363,9.949999984,10.3893835545934,-0.323345337260608,0.558204089565207,-0.259532881246483,0.329545127506862,-0.369894363601328,-0.216008507944158
-111.503,33.4212,-1425734.79800241,-339920.335166497,4.41000003,4.46882363331256,-0.0149706796808192,0.610322591544173,0.752235034185307,0.455454024382916,0.00978193889099337,0.860740087838809
-111.855,33.4881,-1456568.29730603,-327212.626481742,6.266666619,6.50607517755035,0.0755480358796686,0.656449026954742,0.657914160476404,0.487206309546492,0.119263965192284,0.64978898011418
-86.9242,33.4997,836260.532431925,-407741.668121579,9.166666627,9.87685356570771,-0.34232879341146,0.658513566393652,-0.228536656080982,0.392435373386929,-0.48320341125009,-0.218207027438299
-112.096,33.5038,-1478202.43013655,-321762.691734544,7.259999998,7.3524565553487,0.151763555615818,0.700258916309548,0.600989746997043,0.526987152594171,0.194567865432238,0.467507124871395
-86.8441,33.5214,843385.204706526,-404621.381960443,10.94615395,10.6465174271957,-0.352441414070322,0.724410771407261,-0.213590855621605,0.456260485055632,-0.488116691592804,-0.223698044418545
-86.5492,33.5453,870196.350804232,-399306.06388998,9.726666609,9.63974189749598,-0.386492783512609,0.867783091774008,-0.159950046438011,0.625648701760502,-0.421266648596434,-0.202511270589371
-86.815,33.5531,845715.715579292,-400838.688667504,11.35172413,10.38279472399,-0.356952520416555,0.748593541503544,-0.206636319358522,0.475690644807383,-0.504312019636515,-0.223690743120718
-84.3907,33.6108,1067154.80542739,-370031.802160077,9.832142847,10.2745471154117,-0.60259100271235,0.821445110849004,0.2632660279789,1.44701071808172,1.02702277985685,0.230516115151715
-117.676,33.63,-1979714.97123563,-206391.108338415,9.221428573,10.0868186268191,0.636672294693136,-0.117148219389554,-0.511534063539237,-0.977630406318221,0.180307708089119,0.78782541216356
-84.2905,33.6878,1075261.83082082,-360365.593735247,8.683720957,8.31524963632476,-0.596728782046062,0.815181396627279,0.252163215605021,1.49891768511747,1.07108420375196,0.216437778281976
-116.215,33.7085,-1846520.70720926,-227245.814333569,7.510344867,7.93962263886104,0.622246452034028,0.421063561475825,-0.637909669333171,-0.775910613450862,0.842617104239528,0.0267727061638426
-81.8536,33.74,1296661.50648604,-324174.569610408,8.859999975,8.64559203897159,-0.637702001506345,0.41505954050235,0.617163691316942,1.80020517972612,1.22293812561624,0.712378105535883
-84.3914,33.7784,1064809.36899481,-351455.995314517,10.2448276,10.248285710744,-0.573353052392087,0.86233932453965,0.208328865110366,1.45610182989216,0.97910595701481,0.160099310805874
-118.175,33.7924,-2020274.02097497,-178227.502305813,11.26703292,11.7541149910177,0.788564201954786,-0.16172463206215,-0.470645020756368,-0.806742260130561,0.242838314362028,0.922699093184739
-84.4356,33.8022,1060452.36890575,-349310.842511938,9.94666667,9.53816969382877,-0.564971379156318,0.883409806782738,0.190791993656331,1.44425063789379,0.939738643721812,0.136780580158688
-118.189,33.8238,-2020714.52109109,-174516.65034034,10.96071424,11.9452954965131,0.811485978041777,-0.149331647383388,-0.47420641690859,-0.787149431263557,0.27902202379961,0.92529329874001
-117.938,33.8306,-1998092.41242365,-179084.452262006,11.94698785,11.720967653992,0.799104415118857,-0.0833197229250242,-0.514418177917039,-0.831070201795346,0.357283820183855,0.856270065142024
-116.541,33.8527,-1872382.20937363,-205125.195877685,5.513333368,5.55541428907285,0.71302788661578,0.405904131725816,-0.672153492909967,-0.791284085546869,0.934896827497253,0.16089889392945
-118.201,33.8597,-2020858.80140578,-170359.084867735,13.0858696,11.9191882444624,0.845986103045857,-0.128085434466515,-0.48452364737463,-0.7548897343963,0.3298937930424,0.917600170619731
-118.205,33.9014,-2020137.3935382,-165741.033868511,13.01868136,12.570636334584,0.874615700032334,-0.108539231629566,-0.490849467929258,-0.732473028457383,0.381761642894053,0.918060836643928
-85.9926,33.9915,916021.971190292,-344484.601685232,9.351724197,9.43232229175664,-0.424005041921542,1.08008573845575,-0.0960696337085291,0.843188137074015,-0.376513078915401,-0.183774558141568
-117.416,33.9996,-1947146.89800035,-171523.733873914,12.38372092,12.7417305759764,0.863737282189161,0.181234336840006,-0.619930871739659,-0.793618228460749,0.784582912463771,0.627862527888611
-118.068,34.0103,-2005098.48212921,-156801.308950399,12.21999995,11.8812256817218,0.941365584613509,-0.014964126415343,-0.533787134175924,-0.699544434149039,0.566737545610037,0.879043388019632
-84.6074,34.0154,1041925.27274563,-327560.679118546,9.650000024,9.05561734871316,-0.504722384545075,0.954211720810716,0.0901437558508779,1.32943391196571,0.750374743633326,0.0293916077705554
-117.617,34.0308,-1964320.73751587,-163989.323355637,14.22584266,12.7969560888795,0.913490583572142,0.130648550528728,-0.605902657851243,-0.755638995024152,0.7464742326843,0.712759527445135
-81.155,34.051,1354779.50612226,-280080.157935787,8.628571436,8.20363010925412,-0.556277158980055,0.398729055325233,0.584335903598649,1.65921378419372,0.8949028177386,0.683928949099837
-118.227,34.0666,-2017823.49700281,-147313.741433882,12.82173911,12.6859980674871,0.997764071299514,-0.0221631223531596,-0.52248693331715,-0.628715385643767,0.60228934250076,0.915164691409998
-80.9623,34.094,1371462.23886349,-272569.373185862,8.427999973,8.40248797057103,-0.540633307564551,0.404310792023001,0.598873125667498,1.55703874249547,0.766674212621152,0.689680666050749
-117.274,34.1067,-1931796.06932018,-162752.276980487,10.95714286,11.1767203317816,0.926445418626429,0.311216431101061,-0.667741107625594,-0.723711873428635,1.01503829916003,0.523376206583563
-118.127,34.1326,-2007208.13612407,-142254.427767597,10.16551722,10.9270231065884,1.03337217505754,0.0444486238947877,-0.551172525000723,-0.612497652270132,0.727043903107507,0.887244818276539
-117.924,34.1365,-1989023.11321447,-146098.320495161,10.07999997,8.52982633504575,1.02304718839521,0.0999992279196519,-0.584342556828465,-0.644219569860137,0.791369899803684,0.820573752410485
-118.533,34.1992,-2041602.58617151,-126365.683141207,10.79655172,10.6056161071792,1.12411014519395,-0.00934080085470193,-0.508739226734474,-0.458329996917538,0.723844929196372,0.952756999312496
-79.7673,34.2143,1477139.96985226,-241393.407544636,8.386666624,8.09296417618582,-0.432752435874847,0.435552268569291,0.634242413106328,0.833081537382464,0.00229533212033944,0.65984072162969
-116.861,34.2646,-1891060.31835965,-153840.275435549,6.25454545,5.88738859879352,1.00555323351088,0.607031805645312,-0.773815465761986,-0.575124367957794,1.47630583392856,0.197194754048504
-85.9699,34.2886,914593.597440125,-311241.189541701,7.103703711,7.30176361842885,-0.389410438623462,1.03021400080345,-0.146765970529092,0.742367548237334,-0.471821272697223,-0.176732449895806
-93.0002,34.4694,273361.428241842,-335020.549613069,10.20666655,10.3516917409976,0.198340896790182,-0.518911175137621,-1.49322474701279,-1.94339364278913,8.35428080487285,-0.632126371998365
-91.559,34.5185,404356.437329348,-324395.031628526,9.248275831,9.268293041203,0.0768764272245291,-0.539798677961357,-1.12766404952891,-2.23740974839992,6.92199904995854,-0.533615189854605
-86.9675,34.5307,821347.811238472,-293418.227024208,8.082758624,8.20960001766273,-0.324854888038339,0.518842542602952,-0.256808347936287,0.225911494183668,-1.00961839401068,-0.0996050871815993
-94.2262,34.5837,161419.172098449,-325046.809488263,9.076666685,9.20092345276748,0.177721033488425,-0.566781720745943,-1.62890998880866,-1.57781788314703,6.97516314012464,-0.486110284264557
-80.1988,34.6154,1430819.24190076,-203781.850896373,8.192000003,8.42209812899668,-0.431208697744484,0.253124529067512,0.459629891377668,1.17045538253138,0.359611273454723,0.493302080996776
-92.3287,34.6813,333609.987610824,-309192.735719082,12.54827587,11.9118529630344,0.146337439958276,-0.38959624793228,-1.42441397637057,-2.05278035932632,8.01915117700388,-0.674026014270427
-86.5882,34.6855,854016.158076193,-272843.559598754,7.799999917,7.92288191475158,-0.321096727024914,0.640181646265837,-0.260488491817026,0.336913736427397,-0.926987254354309,-0.0855181738670511
-82.2567,34.7518,1243674.49318161,-217667.380670352,8.803448233,8.58910714195205,-0.343624173810616,0.265343280779695,0.0736095993534925,1.6486795389875,1.59304899230046,0.28584305450919
-92.2813,34.7562,337587.284679872,-300653.912650026,10.84222218,11.5934432373365,0.139311374670582,-0.372312197136398,-1.42993891623449,-2.03248752672367,7.86547106939831,-0.676750674104304
-82.4146,34.8439,1228015.88933812,-209524.573721426,9.318918882,9.40443431702589,-0.29209120597216,0.277271277670459,0.00539017473379669,1.51482775116484,1.62323448760625,0.238614696043004
-95.7844,34.8856,19544.5215632704,-292762.255527646,5.746666642,5.79246358047336,-0.0367804204959811,-0.313440010730841,-1.30025515082394,-1.51079059088196,3.74302997278911,-0.129590175482568
-81.9248,34.9556,1270127.48794077,-190722.580593714,8.391304372,7.5752421615156,-0.280729757663468,0.185262474847419,0.0392228853350933,1.50595839775725,1.49572576050721,0.254708812035745
-85.3009,34.9788,966674.176755536,-227884.439945227,8.716666659,8.72333637353299,-0.213671452695454,0.802881780565286,-0.292151291719574,0.358375935142018,-0.0280467415463583,-0.0698836696169036
-85.2429,34.9944,971695.049720431,-225558.652600522,8.399999913,8.4786684426405,-0.204754791073412,0.798300527820873,-0.295198469480937,0.347876834341172,0.023478260291925,-0.0670868884519413
-78.9531,35.0414,1533949.01836156,-137404.582029077,7.586666648,7.55692591588126,-0.366754003324842,0.272580355782621,0.369623705223009,0.428823399765444,-0.314087042821093,0.258862518625822
-85.293,35.0509,966477.966289091,-219788.130857345,8.216666611,8.20163787203317,-0.190982251973384,0.765897389229003,-0.310901531320302,0.280781934682396,-0.0225364417427371,-0.0524504810218888
-90.0416,35.1512,537924.152781224,-246198.167437255,9.18999997,9.27616696141667,-0.0694308139302817,-0.714973189597369,-0.656470543346714,-1.54699591121287,2.42675676774143,-0.125933017655421
-89.8503,35.1517,555167.354337985,-245042.143346659,7.92758626,7.90931611749349,-0.084729788452883,-0.749472545687222,-0.597787448207506,-1.45208366034388,1.96127535752657,-0.0720217586851273
-89.8707,35.1613,553259.053999977,-244089.086080623,8.516666714,8.71577341934986,-0.0850294648640903,-0.741694697752705,-0.606662819497153,-1.45504720416658,2.00701619075122,-0.0754985236471392
-90.1931,35.1973,523948.959892463,-241895.648579591,9.436666592,9.40185580518371,-0.0531081641891706,-0.665510823528086,-0.704161186677232,-1.56316927255008,2.78449568150265,-0.165249347036356
-80.8741,35.2132,1359599.00301356,-147700.093337879,9.922222296,9.79586320424082,-0.29622874586383,0.0578616531647571,0.122208398256538,1.23318126150261,0.905291671119022,0.21675000678545
-80.7857,35.2401,1366997.1889419,-143459.838375974,9.240000002,9.57805801230175,-0.301631975170738,0.0572771915371127,0.133217427994321,1.17752098657561,0.835790854437873,0.213001872073562
-118.998,35.3246,-2052749.60751572,5939.99542334922,18.44074054,16.3339849523176,2.01795511415232,0.644520383020245,-0.748754998697112,0.609648659108229,2.45445078671653,0.75175224973207
-119.063,35.3566,-2057576.51138602,10822.520174012,15.90769231,17.0302624084049,2.02961661599774,0.6536782984064,-0.739500559646195,0.65323278949491,2.49816219252889,0.742273002377339
-119.015,35.3856,-2052599.89894969,12935.4370950879,16.5724137,16.5100547539603,2.05262508126508,0.683230777450288,-0.757450872494991,0.665106538012484,2.55182250351404,0.739045904978913
-94.5244,35.4081,132852.675660933,-233284.509940754,8.509999986,8.6484561831716,0.134400743470949,-0.355612917557095,-1.77262924053883,-1.43888001408684,5.69010763176188,-0.574966990746464
-83.2779,35.4668,1141159.48104831,-151247.72340668,7.011538405,6.93903983383532,0.0589745408418411,0.438913613604596,-0.287505444948835,0.164648506615293,1.44608362165526,0.0964062655272964
-97.5271,35.4729,-137372.434507351,-225958.989858672,5.660000006,5.59845627629197,-0.24287147447393,0.2626231029595,-0.340672960080915,-1.85266349538109,0.956626117332498,0.0965112120009893
-82.5844,35.6062,1200767.18624906,-127245.205744698,6.464285799,6.53924871796761,0.0612200541165809,0.316203981552193,-0.21976801109713,0.292490269967097,1.55117813303784,0.130445841374798
-97.4751,35.6141,-132449.749721598,-210228.540140825,6.006451638,5.88928321850196,-0.231730042781996,0.279040238031384,-0.30839984750763,-1.92559213508753,0.930645166235794,0.063651561312306
-91.1889,35.6373,431691.772932682,-197729.625809516,9.793333348,10.0188034641791,0.0488412702459647,-0.290349104194315,-1.07913799772287,-1.32364904299587,4.54109984714446,-0.397721955413108
-80.2627,35.8145,1402966.28774804,-72389.7472705025,8.96923078,8.71541943868666,-0.265060226849158,0.0220320588694258,0.0346350259132919,0.575545632764061,0.427418573130799,0.000798706079155151
-78.5742,35.8561,1551037.46644447,-41559.095733291,7.674999958,8.11065749644557,-0.401254291107234,0.391203503720138,0.164166463686399,0.105260281998526,-0.50926400063373,-0.0734873975267729
-109.438,35.8804,-1198432.16078385,-96568.7163774224,2.228571436,2.48427410224516,-1.81470090070969,-1.02639661325508,-0.711323257836428,-2.69944030350924,0.100152116322652,5.18590261842809
-84.036,35.9446,1066813.16566798,-107011.523934656,8.419999981,7.92210565964966,0.241984623448448,0.545175338353648,-0.357464172796347,-0.970853925798669,0.980822961964725,0.184572347180664
-83.9507,35.9781,1073904.23316634,-102329.369863222,8.830000003,9.06246924210729,0.253859656055922,0.553065720544196,-0.341901837058426,-1.01110298817649,1.03080428543455,0.201414359510223
-83.9258,35.9807,1076074.63343219,-101758.898739416,8.973333375,8.10097436746396,0.260304800616626,0.549886836753477,-0.345258902351591,-1.00750737124121,1.04573424582309,0.192512863702128
-83.8738,36.0192,1080135.20952442,-96892.5435337601,7.783333357,8.52772455474565,0.269434756011634,0.560560490009691,-0.328679209487357,-1.06344020875498,1.07247217936641,0.215539417187574
-80.342,36.0266,1392065.53875561,-50129.0109412851,8.335714204,8.03261997593043,-0.228856344004669,0.046823162997661,-0.0077873452416849,0.381481064703558,0.449357624241654,-0.0422767234173226
-78.904,36.033,1518458.70674223,-27402.1029704124,7.829999979,7.71361335693483,-0.402638436558688,0.291603588381797,0.0930032146740895,0.141677664509835,-0.387131797507361,-0.131434181751083
-119.566,36.1022,-2081049.69041959,102752.474532351,19.5966667,18.8219446269056,2.41659878682304,0.932740518671021,-0.724942260358626,1.43754579414774,3.5258712950924,0.466793272353791
-80.2245,36.1109,1400856.08731966,-39090.5970937636,8.240000002,8.00595317747995,-0.245635477796039,0.0642098885099461,-0.0113361594010084,0.303660189101506,0.358003613082418,-0.0684435124938091
-115.079,36.1419,-1689908.53251475,18048.7622737812,9.116666639,9.23927174992543,1.57046882605871,2.22906224087349,-1.52697484483919,0.833846066804155,4.09470447076174,-1.77502065469567
-115.114,36.164,-1692472.29030802,21096.9024910545,9.903333354,10.2397421298846,1.58178467829475,2.23421511749462,-1.53000823395707,0.84051666818399,4.10997329397275,-1.76616312743201
-94.1168,36.1797,167833.988311209,-146261.111997123,8.173333343,8.28001175182389,0.141033835190906,-0.304283697603253,-1.93683347161956,-0.988932325299673,4.72104120669177,-0.589783247096761
-95.9765,36.2049,2093.79912403551,-145101.474874172,6.127586188,6.18286563026574,-0.0436822455951617,-0.0546633672719088,-1.03091940148272,-1.76105559040181,2.15647450466224,-0.25658259818198
-86.6531,36.2976,830427.018246943,-93848.2217210274,7.781481513,7.63834520458847,-0.111611754435657,-0.405481302782302,-0.407984973949758,0.047606321087093,-0.710233897482517,0.620509775485952
-119.291,36.3322,-2051006.0150106,121755.103168406,16.10999993,15.756370390101,2.5351401064166,1.04848040409356,-0.7886519316893,1.49983444564541,3.73379267962484,0.553134513817808
-117.871,36.4878,-1924274.21735302,108995.049915386,4.806451613,4.50320687745931,2.38685654119491,1.53611582081031,-1.1476715625937,1.14635478388822,3.88716567299351,0.288828734113961
-82.1641,36.608,1221847.79346372,-10847.1768120067,6.581481448,7.24308420244727,0.268858693051263,0.633414520964455,-0.0147916576814376,-1.15051451307639,1.20075803114617,0.258312056445888
-83.7369,36.6084,1083769.83011,-29882.2141804003,8.733333333,8.56654624624082,0.40479924292494,0.75404322227752,-0.154263976353099,-1.88132610483866,1.04598419630342,0.406852848698465
-119.733,36.7264,-2078210.07982652,174172.055054733,15.67333326,14.6141446120036,2.61022244292862,1.0007822186728,-0.612966055914394,1.87021107808526,4.0120714838777,0.443770709179479
-119.773,36.7854,-2080003.06601656,181451.875103189,14.57391302,13.2905272908073,2.617182681744,0.991734212571781,-0.588789191638696,1.90765934281601,4.03546342443238,0.442314539443384
-119.716,36.8195,-2074176.41706145,183907.936099072,14.27499993,14.7140924884114,2.62784317217575,0.999393298629419,-0.592966261955507,1.89592153590111,4.03238763254737,0.489423512670582
-76.1812,36.8419,1738266.71271724,108169.73424012,6.630769248,6.89067105446188,-0.239921264775033,1.51739618292731,0.4357564975998,-0.498749467960644,-0.711920353479425,-0.191410882249632
-76.3014,36.8555,1727562.51861591,107468.849683507,6.853333314,6.9360544207034,-0.257237959350921,1.49470985669748,0.414978433763425,-0.481111236017976,-0.722644871261431,-0.203412532528721
-87.3233,36.9117,764782.53542542,-30986.5468681983,10.20357147,10.1388972450879,-0.0838699569683819,-0.778059634151271,-0.292522050699793,0.981219826475024,-0.677073404699897,0.854575522996377
-120.034,36.9533,-2097645.88686454,205408.592625232,12.64999986,13.1135757901041,2.5901867740022,0.95464516797222,-0.47671584663059,2.03778947370254,4.11573738529382,0.373981553848979
-86.2149,37.0493,860568.700232122,-6162.5739021118,7.965384639,8.23152370922122,-0.00523976013615088,-0.240559841516158,-0.324609835953061,0.0301405982251104,-0.217815810346798,0.727292400824233
-84.6115,37.098,1000302.45661684,14959.4357325632,7.119999989,6.63917886308794,0.303997176605136,0.700079050285843,-0.114514761659469,-1.77034292132644,0.619351153541123,0.580880265774814
-76.387,37.1037,1714463.69887059,133136.231431507,5.95666666,5.89504274687596,-0.285186975251041,1.50823932758022,0.398075589049731,-0.528708761759535,-0.696037150200634,-0.2455290548488
-83.2093,37.2833,1119974.15219103,51198.9964783287,7.526666832,6.49996596467245,0.416843852052723,1.19293706075332,0.199724094171488,-2.24625567827047,1.03226400500767,0.571796896474021
-79.8845,37.2834,1408592.65458034,95446.3867575477,6.226666673,5.93397485172056,-0.308307662367665,0.373443732157714,-0.0513187135147961,-0.343900309846475,0.0238387999904082,-0.156699853149674
-80.081,37.2979,1391308.39576741,94153.5883114839,6.686666687,6.55942722826094,-0.262449316403375,0.40035042010698,-0.0253551514777617,-0.419555252281871,0.115459561765202,-0.108712391101697
-120.48,37.3083,-2125581.26402025,253809.466779562,12.80666668,12.1284515588523,2.5281804295017,0.845304345586154,-0.283005782111434,2.16725546202213,4.12547774818219,0.345408480539168
-79.215,37.3327,1465542.86180747,111012.607746802,6.124999966,7.45402837456045,-0.44018091903185,0.418742463297404,-0.101533879731883,-0.193681088607914,-0.259033746532362,-0.271929858974589
-77.2592,37.3444,1633950.36311028,144196.173323152,6.55666666,6.92817424817472,-0.430336946480461,1.17964551177253,0.164617451061197,-0.370112988212249,-0.670053443714887,-0.33876350619927
-121.895,37.3485,-2244262.65228842,290690.314876693,10.3593751,10.2001138119258,1.67764651883012,0.931903536107647,-0.093337499197448,1.87500105173409,3.96081789563567,-0.451811624766178
-77.5936,37.3575,1604881.40097558,139937.914212611,6.683333317,7.02281260977966,-0.466759759775767,1.01869488886177,0.0818732278491323,-0.29606318932823,-0.643758241273009,-0.353832128760375
-97.3664,37.4769,-119690.089215478,-1728.33257349426,9.379999971,9.38794442250643,-0.114753898483816,0.274517134646398,0.297602151400621,-1.76754020460085,-0.160161498008084,-0.112355169980704
-82.5353,37.4826,1175451.32184644,81460.9916920927,6.050000048,6.45760882737639,0.332223269493547,1.27532090728675,0.329668345941397,-2.0014550835477,0.977373314888516,0.556760199526761
-77.4003,37.5565,1617183.8893718,165095.053114931,6.496428592,6.56578423642064,-0.452850414093347,1.08393123395526,0.111482706370121,-0.336151943210053,-0.606510190103893,-0.360020945701462
-77.4693,37.5909,1610513.93980345,167705.256177148,7.425925908,7.293508142049,-0.459441711097042,1.03999303428343,0.0909461597884201,-0.315348835617766,-0.590733932574117,-0.364483097660878
-120.994,37.6422,-2159460.22715852,301557.019984711,12.6875,12.1868193533432,2.35262242108989,0.755840054901434,-0.14022266559524,2.07653710469849,4.00069178997515,0.357942341215983
-77.5664,37.6713,1600444.43264642,174905.749125941,6.75,6.72298863102015,-0.470815668707484,0.978522915091449,0.0607426418681964,-0.28575459897866,-0.560884820121717,-0.368964664718131
-85.8526,37.7056,884474.451056444,70308.11748649,7.803448291,8.11921935707904,0.0364330547711829,0.173108391774087,-0.181830681290509,0.142039412769658,0.1423112384109,0.578275445969956
-122.026,37.936,-2237524.13714131,357181.275984853,6.720689724,6.89375663631867,1.73639806177156,0.803562191618088,-0.156903492560535,1.43548043783698,3.66031841601101,0.165852214852278
-87.5323,37.9744,735812.763843113,85972.2914547556,9.217241304,9.29052412067476,0.0389915631543182,-0.438439042829846,-0.0755384789515658,2.43683500865619,-0.345575987283349,0.677156497083449
-87.5772,38.0133,731535.441440948,89968.4605412658,8.653333282,8.5637517149576,0.0495740374857462,-0.424730662866379,-0.0616548616955186,2.51010085763562,-0.347520253846609,0.658585516504601
-84.4976,38.065,997173.158896363,123744.408510107,7.69333334,7.68039656407435,0.197492266382866,1.13552493682406,0.148559082720094,-1.13201434107663,0.672721991886873,0.500314465209225
-78.504,38.0766,1511670.96328066,204170.849974196,6.272413829,6.39011454757726,-0.510211527439153,0.483538665232119,-0.129450358771886,-0.0213966109586798,-0.313599498105337,-0.318848729155045
-86.9832,38.1675,781338.243324478,111907.274735502,8.050000016,8.25221728836094,0.000796477896222711,-0.209695399204505,-0.134215973655586,2.09797829401649,-0.148502234552175,0.477112109276308
-85.7119,38.1936,890780.933001237,126002.180203235,9.70666666,9.59080767149585,0.0281863312312987,0.423791199731567,-0.116594194681866,0.513089944325099,0.289589823652043,0.332500559708689
-85.6545,38.2288,895302.582481731,130463.758292646,8.450000016,7.87760487832095,0.0327832534133094,0.467252998108795,-0.10771927204562,0.478748142151277,0.314294231804881,0.307982810718439
-82.9881,38.2389,1124604.30353775,159926.087775347,5.239999978,5.24198156290731,0.249946218280118,1.57933094952929,0.482686312963965,-1.590941119774,0.831166102622945,0.609484891046788
-104.598,38.2761,-744049.420356703,120666.447328399,5.142307648,5.42774786136804,-0.31517154194066,0.000150925562012884,0.051495821326957,-0.058694408973516,0.491705002679089,-0.352094278812359
-85.7413,38.2882,887102.893972808,136268.582343586,9.523333375,9.33184701074838,0.0206266049855182,0.430971781139466,-0.118467495678234,0.669696129033399,0.293210709695234,0.272922340996808
-81.6212,38.3463,1240069.97387506,188845.969505249,7.043333379,6.75081669339329,0.0624022768733609,1.16884824911567,0.424080633863546,-0.993927201272386,0.575447400028673,0.427114553626481
-81.6937,38.3662,1233530.27046911,190107.592034244,7.639999978,6.96423755215758,0.074959530541193,1.20145406810214,0.437272703879018,-1.01422211413661,0.590807183110453,0.441016285589409
-86.9297,38.3918,783564.275839208,137374.892955254,8.610000006,7.7897417093435,0.0104233494193876,-0.0916113770685922,-0.125176849344257,2.23773480334621,-0.0857484047713253,0.307161590065876
-85.6641,38.3938,892467.589894678,148758.304869203,7.274074051,7.94877156313999,0.0172326188682943,0.503469648974883,-0.105441348992021,0.706844637313895,0.335008741259104,0.221131245070803
-82.4324,38.4102,1169580.96682957,185646.67319261,6.61785709,6.60767573799194,0.179730775777294,1.49104324211605,0.51221586045443,-1.27477970072465,0.740155944912235,0.560088824338586
-82.6592,38.5081,1148624.22671166,193743.949736288,6.703448312,6.17106356039419,0.190130118402477,1.51615170555861,0.500903605657169,-1.19543715281848,0.75013797369717,0.540354755042646
-121.493,38.5684,-2174029.80850085,413104.908856938,9.613333352,10.2427824573614,2.24214820654658,0.363781461385054,-0.210431681900553,1.1063865738447,3.04949351290303,1.41597227441904
-121.504,38.5933,-2174205.2091885,416047.65794141,10.75999998,10.3813814115317,2.24574132912475,0.348644215294204,-0.225912681878557,1.07687020792316,3.0186019783798,1.4425814532883
-90.1605,38.612,503395.398814091,140105.848135741,9.179999971,9.23894399719733,0.38132507326788,-0.0474943678545555,0.266889387652171,3.40101659631782,-0.38488767992818,0.672998177252681
-121.368,38.6138,-2162282.62429013,415160.690492032,10.13750001,9.36474726901528,2.33137537857669,0.292558380908889,-0.191749788099281,1.14642009164532,2.97713913695042,1.54751254077652
-121.733,38.6612,-2191214.37094125,428643.1146313,10.82142861,10.8956121755526,2.12005274509387,0.375118353410048,-0.32106435158539,0.823228371248298,2.93879339906251,1.43536099799374
-90.1448,38.7006,504135.636245133,150101.128301519,9.948000116,9.45350131733014,0.373632367934905,-0.0291740316235946,0.286074538276221,3.42329880609907,-0.424400628372658,0.654274081915874
-90.1397,38.7045,504547.253048169,150564.499378052,9.913333178,10.7745900059325,0.369748793389847,-0.0332260653279751,0.286567717882523,3.42496161135881,-0.422451350985982,0.65772247522545
-121.265,38.7464,-2149806.59509563,427162.260938237,8.133333445,8.88690309140391,2.38986457174122,0.185292566847862,-0.180103630982946,1.05320358566534,2.79224410587769,1.7983393954027
-82.917,38.7546,1122778.14725113,218025.831218018,6.042857072,7.25363452748886,0.166316541361013,1.49590790387321,0.456503251256187,-0.812561735350856,0.736823421896111,0.469111235555419
-77.1047,38.7733,1615610.0985852,303860.227744394,6.245054955,6.41252535321692,-0.447808998179437,0.686622150696214,0.025239889203113,-0.308721498839162,-0.19951534130796,-0.334252512030823
-77.0592,38.8577,1617575.92833457,313907.370397712,6.879310345,6.71321949274259,-0.445273937127776,0.650914916623165,0.0183401278340775,-0.318180897274651,-0.172733923147803,-0.329917231756201
-90.1059,38.8607,506368.410795313,168218.527187279,8.322222171,8.33537871370346,0.351026188302274,-0.00609442870357167,0.314801330826612,3.43841191761244,-0.488064679103146,0.616390832748684
-90.1432,38.9031,502875.300772078,172763.754366692,8.550000007,8.83064739347462,0.340486357545836,-0.00831751737977404,0.308836695221334,3.41942137925609,-0.499076925155709,0.6045432631
-94.687,38.9745,112693.766514347,166044.2622184,8.479999995,8.53958293004693,-0.104045032350945,-1.27713369673226,-1.11336164049701,1.47390464078203,-0.211438219372111,0.240795521184947
-86.9904,38.9855,772036.943894497,203122.482689042,7.437930995,8.47603751869546,0.0327357023092558,0.0894130216106936,-0.122740551140167,2.66010971271998,-0.0196638558189041,-0.0973482843667711
-122.913,39.0189,-2277851.45652883,494954.211154488,3.500000024,3.6970361265035,1.4164135151342,0.521692462882663,-0.988155404785339,-0.769039134478643,2.41237135374326,1.38201746867917
-84.4744,39.0219,986198.630124505,230454.808846799,7.343333364,7.89879284649783,0.0920169886018328,1.06488331249371,0.0542703979512199,0.351037865942262,0.651767524813777,0.0237966937211891
-77.4893,39.0247,1577692.99517388,325032.553513509,6.299999969,7.69307688162691,-0.481063511850788,0.370647514920905,-0.103067442652017,-0.0380214132760748,-0.114637488859172,-0.306096320142086
-87.259,39.045,748473.89791609,207613.535197831,7.368965535,7.21809361196865,0.0636988887005023,0.0635901869237128,-0.0747026986339288,2.86053902903696,-0.100577825137048,-0.0809989330899555
-76.8783,39.0553,1628390.71684472,338701.783695004,6.046666638,6.18010222225,-0.44015188638794,0.608871418288446,0.01485859903681,-0.404236428816846,-0.119576686885412,-0.314180166499094
-84.5512,39.1049,978541.090968848,238895.771350156,9.126666641,9.0535532498161,0.0871958945547434,0.991250659512966,0.00842242765940082,0.541555965174771,0.636189289342776,-0.0551826511225065
-84.504,39.1289,982231.06664675,242053.041217944,7.683333373,8.10962844393058,0.0900934808053239,1.00417652746762,0.0162769147650941,0.541228978480493,0.643525370806789,-0.0480677433905508
-121.619,39.1388,-2167487.16310251,477617.984033321,10.60659344,9.91827804800638,2.24154704157487,0.0564491620162035,-0.468679341915515,0.290005968331577,2.33961778269535,2.18835468747996
-75.5181,39.155,1740096.52648954,373741.569397913,4.935000038,5.27217832060723,-0.37974331426748,0.997245327448211,0.28308578251543,-1.21195538229514,-0.0969998496243204,-0.270295306623306
-86.5048,39.1594,811569.057316523,226567.065925626,7.463333352,7.87225274129709,0.0110483616581383,0.221460426551744,-0.201335996941916,2.33046868617496,0.143574937021897,-0.305190311672167
-121.999,39.1892,-2197310.74455668,491786.293899606,8.740000041,9.05504653291959,2.01524116256925,0.178355267219418,-0.691508356609014,-0.144241957486453,2.34554001682722,2.04933685294758
-84.479,39.1943,983470.185180986,249587.877989046,10.1399999,10.0653562870986,0.094715540979085,0.969494417637309,-0.00566299038956364,0.627997902189408,0.643229615751437,-0.0955447430955771
-121.056,39.2335,-2118210.38131286,475162.039716396,4.671428595,5.01019109427696,2.48206343988263,-0.192771728842786,-0.193279372560166,0.636323291807807,2.10202488222847,2.54708225348353
-80.3422,39.2781,1332286.20743371,309296.737546771,7.453571464,7.62585167357772,-0.246254156711618,0.217397421580542,0.0760204341044806,0.51213116753882,0.214177509102458,-0.00892764417061975
-78.0816,39.281,1522435.97249516,343571.641413428,6.416666651,6.06100894285367,-0.491945032209114,0.0108065070050914,-0.206846394016481,0.32791141327118,-0.0283612396942685,-0.265760653797818
-76.6046,39.2977,1645870.3404867,370028.711929137,7.041379328,6.0701698174061,-0.438142274682523,0.561730527038213,0.00231912911093773,-0.549786062821258,-0.0665283066263209,-0.292982258428716
-76.4744,39.3108,1656464.04067048,373728.400502696,6.086666648,6.18145620856951,-0.434230757541138,0.6125936465124,0.0280926640414546,-0.643265707778816,-0.0671716268337549,-0.288252865564043
-81.5524,39.3235,1229370.70496829,298010.438450791,7.186206925,6.99865760846641,-0.0131631657947428,0.773924756734827,0.298950826854504,0.255245848201752,0.441395108056263,0.176660287624144
-120.185,39.3278,-2043542.35573941,466306.384526164,6.034482759,6.4376770741789,2.6087238528546,-0.482627353905061,0.205901090552556,1.02121607181198,1.69398852698511,2.83823008162367
-84.5666,39.3384,974090.278140154,264718.211900911,9.119999917,10.5442034940237,0.0924505029441889,0.866062036193184,-0.0678743066707499,0.907198461020953,0.630312765498512,-0.181817386205113
-74.431,39.3633,1825650.62921231,416913.225046727,4.853333346,4.7414099506681,-0.428778357377272,0.916871364751634,0.348675558981803,-1.46379458751051,-0.0913554461258823,-0.186425757882097
-81.9088,39.4422,1197304.14015288,306613.48409094,6.100000032,6.34473115351323,0.0412388723272964,0.856460296386058,0.294382571890611,0.359545707634341,0.500688108749401,0.169184202796245
-77.9638,39.4481,1528791.82451882,363856.132454295,7.446666749,8.08592802083786,-0.497424600987846,-0.0370852513972192,-0.228377533307212,0.313825790970511,-0.00241871313250369,-0.254883275503941
-76.6335,39.4605,1639759.48682137,387396.493525428,6.514285667,6.10339048979433,-0.450966486321917,0.452714606623847,-0.0526915388129541,-0.516433321425032,-0.0399335057315243,-0.274801047958954
-74.4487,39.4649,1821618.12577468,427668.298237723,4.378571455,4.33227512785003,-0.451677495450896,0.861085448393335,0.309636872617219,-1.44949656845509,-0.0923658581990702,-0.185691083286307
-84.395,39.4724,986808.53398443,281396.080244471,12.36000004,8.95523947728412,0.117316792044654,0.826754035659748,-0.0840775034212868,0.988937655051836,0.646311517556528,-0.223277064441942
-84.3971,39.4787,986544.864237001,282075.060192146,11.32666683,9.61170911443627,0.117807063576729,0.821979426525112,-0.086730546046615,0.999091880611121,0.646004778784665,-0.226788583656524
-84.4096,39.4798,985472.322821399,282067.727505846,9.826666609,9.99467034116216,0.115232845102533,0.828601943124527,-0.0835508666214468,1.00797588520754,0.646885341512145,-0.212780136949572
-80.1347,39.4815,1345990.7036697,334703.518577672,7.340000038,7.34099886476743,-0.282365434351688,0.0371435911801212,0.00885052239633471,0.711009707842912,0.18573025302431,-0.0869835096592454
-87.4013,39.486,731856.614301136,255725.24243796,9.010000062,8.18543852826734,0.0791953896530083,0.127505885338827,-0.0852026752078319,2.8764275879457,-0.13369133205416,-0.326191510250704
-84.3637,39.4907,989206.280600521,283757.049237419,9.026666641,10.1215524219114,0.118671477382527,0.838887263156222,-0.0756341825104742,0.995680264730416,0.652374737425176,-0.19949590387226
-119.808,39.5251,-2006880.22671903,479682.846939839,5.465517274,5.56636510715883,2.49102826619339,-0.644361374427748,0.366561919646435,0.969231611886452,1.35578340094559,2.95579864486184
-105.07,39.5345,-771333.469273087,264864.524856855,4.949999968,6.01297241478108,-0.307521454336235,0.0351727131579103,0.109322085778867,-0.179687949322906,0.531385599713814,-0.360341009065178
-75.732,39.5513,1712801.10073915,413253.580561813,5.458333393,5.31146428439402,-0.439022881611133,0.693129572341153,0.0856765495432211,-1.06840908430999,-0.0520587019466949,-0.251991991748534
-105.02,39.6044,-766351.778360354,272257.999247901,5.609999983,6.32182903992603,-0.304999731105985,0.0276416658138456,0.118214548064245,-0.187371972763016,0.534308121272211,-0.363951640155704
-79.9209,39.6494,1360788.57094062,356299.146287699,7.039285651,7.63204637604824,-0.319090164993855,-0.109319720569133,-0.0525025524067587,0.838155741559883,0.163897734542098,-0.148043530359176
-75.7613,39.692,1707030.01855703,428137.118907197,5.745000005,6.2762411379287,-0.463315324251629,0.600391461121323,0.0173652930010721,-1.03366059536303,-0.0441718632253444,-0.231635752435654
-105.015,39.7322,-764571.715903111,286474.877492048,9.5866666,6.69936840010033,-0.304030479654994,0.0279822889765395,0.131919110137511,-0.210970602367665,0.535282188356755,-0.355443595750544
-75.5581,39.7394,1722771.32153348,436994.386931383,5.449999998,5.56240460056019,-0.47229489648971,0.616990932164352,0.0322982257355668,-1.12471911079208,-0.0520938904153062,-0.221120936879478
-86.1665,39.745,833603.852181819,294784.613504579,11.06538461,11.0878474210717,0.0591604052440315,0.200170599367471,-0.321336191752066,2.27415711421262,0.268568981951117,-0.657920497356762
-104.988,39.7512,-762087.591953885,288377.589341979,5.898823521,7.15573490996742,-0.305246174752558,0.0239837283761973,0.137064592241699,-0.212735441072249,0.539777311406264,-0.356634265458566
-84.1987,39.756,999478.834060366,314988.343574302,8.700000095,9.98724166068434,0.164381431579067,0.693683898875238,-0.137476526555198,1.27037876891452,0.665393210680048,-0.260038355642038
-86.1154,39.7589,837758.381922659,296783.208063525,9.324137959,9.08948114239541,0.063024723361757,0.201822580883184,-0.3263669213318,2.2498161019217,0.283870022536118,-0.662627611344513
-75.4919,39.7611,1727743.00143885,440571.65675465,4.714999986,6.08764755639766,-0.477900394682913,0.616669646014287,0.0329011181642204,-1.15027752551094,-0.0552798516635517,-0.216410686647419
-86.122,39.775,837013.833691569,298519.44445389,9.542857145,9.98188551789502,0.0632594315317971,0.203117027135798,-0.326338421251299,2.26281412899858,0.285422865357538,-0.653813903867369
-105.005,39.7795,-763224.65369545,291671.06497937,6.753333362,7.53647111361824,-0.306504363870769,0.0285377328862164,0.140224095788414,-0.219910098225718,0.539900991654554,-0.351363103072825
-86.1309,39.7879,836112.556747299,299878.845762237,10.26666668,10.6732860928899,0.0647271356898209,0.197581515520577,-0.328036990902582,2.26883355018112,0.283146484287649,-0.658391555847502
-86.2146,39.7889,829035.14089629,299257.019172449,10.43000031,10.3284466125656,0.063664051982585,0.180417948957208,-0.325002704941451,2.30106267619239,0.255094756350612,-0.673532033042642
-75.2121,39.8003,1749987.47382172,449980.671643256,5.433333357,5.81703140858605,-0.492895489234346,0.636466401776273,0.0627370833892366,-1.24450654529551,-0.0703817980403121,-0.201765982745464
-86.1144,39.8108,837238.948366544,302576.361871755,9.417857102,9.63753464281144,0.0690697097127716,0.187085338386015,-0.335279491288677,2.26128717719522,0.287224896331309,-0.675992047423005
-120.471,39.8134,-2053316.44617345,525116.971516451,11.09629631,11.2016554639437,2.41183735900205,-0.658510927737646,0.0919316911671472,0.471164817172681,1.32941524649128,3.12390258422959
-75.7682,39.8345,1703082.95795857,443621.002808058,6.300000062,5.45872130252087,-0.479444133409848,0.50731978602548,-0.0453266395017756,-1.00085796739633,-0.0432853993401777,-0.215029251176228
-84.7205,39.8356,954442.761752626,318478.187513839,7.382142821,7.0849438121876,0.153834122305473,0.482760765182394,-0.26406440389535,1.60252149410259,0.609303565871023,-0.445927070953142
-80.7339,39.916,1287814.09034959,374439.217070587,8.89310341,7.67103218983331,-0.151301118107766,0.077793052268218,0.0559370502796572,0.994814328084458,0.269437867850521,-0.153151276336037
-86.0788,39.9288,838865.206164458,316040.856021284,10.29629624,9.98035380394759,0.0888382035333236,0.148185741503878,-0.354861840894908,2.25389364910388,0.301387521628787,-0.70903796558959
-83.8095,39.9288,1029785.97031604,338352.6987192,8.400000032,8.21285560171431,0.210803777811409,0.628723563114421,-0.129178143078576,1.34031065988979,0.67799455780297,-0.230138719531861
-120.944,39.9396,-2088429.08026202,549090.040237612,10.44823532,11.3339205178724,2.29290509540291,-0.561532738700465,-0.247358125478551,0.0131789864941664,1.41623057054613,3.08067380847814
-80.7464,39.9679,1285839.28071588,380010.522212078,8.627777841,8.2506676812446,-0.147064691139204,0.0618700744786002,0.0479403801993531,1.03386080580724,0.271159169494689,-0.16948161950461
-75.05,39.989,1758789.0735852,473609.616967891,5.480000019,6.15584975780589,-0.534733418495523,0.542642119514361,0.00156156818788378,-1.23532850740155,-0.0939248649483787,-0.169333366664878
-75.0808,39.9914,1756186.57292646,473302.434649444,6.481481534,6.3373603454644,-0.530801136698694,0.530461561108255,-0.0104941060676478,-1.22116769264246,-0.0919887627855478,-0.176102389233514
-74.1704,39.9949,1831206.0218795,490868.127019542,4.851190458,4.31140139147168,-0.593121026726271,0.535915664193561,0.117568904293318,-1.26548817412291,-0.157489029954789,-0.130660452255836
-82.9944,40.0027,1097094.64685799,355681.685472372,9.022222263,9.49997710872771,0.204562452020866,0.651074511555667,-0.00330001988301576,1.21949577424452,0.636156750827357,-0.0930129477909162
-85.5235,40.0095,884637.281364509,330066.580485475,7.210714247,7.51707169704718,0.132811715192985,0.202176410126912,-0.378552154248714,2.0814479355634,0.465150075012362,-0.663979405144248
-105.263,40.0211,-782388.754059268,320715.877122977,5.40666666,6.56868739795045,-0.326134656578241,0.11069112740276,0.168080351630583,-0.296554144737306,0.535397527778415,-0.288417855279265
-76.1124,40.0438,1669664.60670119,460444.658424197,7.873626392,7.4651069632757,-0.504660838877417,0.294572933241763,-0.197789557777711,-0.775468415681221,-0.0305804169905113,-0.181052718250742
-76.2833,40.0467,1655457.12912187,457772.742535277,7.306896544,6.2635541687846,-0.504571261607547,0.239159214302898,-0.225648343846851,-0.672458347611498,-0.0213932236602483,-0.182505625308964
-88.3725,40.0528,644292.029726083,311977.074104516,7.130000075,6.69138962131073,0.0711507828807208,0.201545264244261,0.0657059192691559,2.55820443817664,-0.488323446006065,-0.243759456674761
-82.9598,40.0877,1098692.30647961,365515.875487043,8.733333349,8.65428470483375,0.220759262406155,0.583380053871173,-0.0305340053764425,1.31495986343617,0.630770623363572,-0.12703867149906
-83.0654,40.1111,1089494.55515341,366897.444873986,9.549999968,9.67943277539262,0.23252639365509,0.568636505526152,-0.056054819405799,1.36627137540359,0.644756600441644,-0.1379133212785
-80.701,40.1149,1286993.23442403,396883.249507539,7.586666608,8.50443545124027,-0.154473351252102,0.000569326434302075,0.0151948813017732,1.13340450727917,0.268462902593561,-0.214575668493842
-88.2406,40.1239,654759.304494601,320818.647600804,7.046428548,7.80286141459097,0.0558993009364247,0.194324541747191,0.018793032155395,2.48576015050453,-0.44910977611192,-0.30948689437096
-111.658,40.1364,-1316527.58907993,404177.793708127,5.587500028,5.69548961448388,-0.500477269046434,-0.462284248269671,-0.373743111823802,-0.908034221658215,0.936688733036249,-0.0821848369946762
-79.9022,40.1467,1352962.05810257,411492.742882713,7.726966279,6.94414505739576,-0.315263124009786,-0.285592819435857,-0.104907945520747,1.0644585271128,0.168240637813196,-0.268400467809098
-105.101,40.1646,-767210.462820223,335398.056287057,6.48999997,7.06340303456918,-0.32642845433168,0.0724396259354215,0.19988259650887,-0.319178812138289,0.550084682685429,-0.285355358876975
-85.3879,40.1995,893667.83455563,352492.119246978,7.913333289,8.67670664614226,0.187771693201224,0.124174618887921,-0.404105802691148,2.10231310942019,0.514871676604648,-0.645209866121905
-104.824,40.2094,-743462.310263207,338193.328284386,6.406666676,6.15006720400495,-0.312851615297767,-0.0138104212948012,0.21873119018058,-0.306309342116659,0.560769133563383,-0.309380764536906
-74.7632,40.2224,1776671.87209949,504453.228991294,6.351162812,5.54342889211886,-0.593672804801663,0.418849102216148,-0.0694677490119573,-1.17746943222585,-0.147245460679421,-0.130325141847127
-77.1868,40.2465,1576212.60280597,464337.652101787,6.421977996,6.27258991902786,-0.535564860151439,-0.138920606991382,-0.385453088786997,-0.0846723082664156,0.0199855565953643,-0.151072528654697
-76.847,40.247,1604287.59165903,470078.646834072,6.908888867,6.94505928749278,-0.531682003067455,-0.0289554278109778,-0.365946883800784,-0.302957790125882,0.00150414030379709,-0.141248208599883
-79.8853,40.2943,1351578.20178207,428032.479210393,7.314285806,8.85869629310739,-0.3237912080576,-0.31121423339325,-0.124950310495423,1.10221220004014,0.171453131411138,-0.29371757008411
-79.8681,40.3238,1352448.6262123,431534.559041256,11.58043478,9.24132981194414,-0.323968290439434,-0.32957275873706,-0.129340236699086,1.10568018908408,0.166326665842438,-0.307998777095478
-80.9334,40.3329,1263752.59272797,417876.660029256,7.714285816,7.99943962799231,-0.0910735788942215,0.0192301436749909,-0.00273996628508383,1.28559213360161,0.306294179331289,-0.269634394788342
-76.3834,40.3373,1640499.69584303,487899.717517426,7.19670334,7.23076910753067,-0.540272150143731,0.0785155451412958,-0.361268901830414,-0.57650967443811,-0.0349813473426113,-0.112876453711745
-80.5966,40.341,1291611.10519724,423300.579625739,8.766666635,7.51170636269138,-0.165754136132897,-0.108307893931014,-0.0331590522270596,1.23912493439694,0.251445291615216,-0.301579069978248
-111.714,40.3414,-1317412.84562664,427608.372235517,6.225555592,6.24505772835451,-0.541209674165071,-0.379439775490181,-0.458848315355067,-0.895177894808815,0.977015482078055,-0.172078307403652
-80.6158,40.3663,1289558.42572127,425836.971422308,8.850000064,7.91401274518613,-0.160470840483405,-0.106604994137566,-0.0350050351209146,1.25280501551539,0.25463525044904,-0.308114351918322
-80.1699,40.3756,1326421.21042158,433001.937119711,7.331034545,7.08816242335479,-0.261761961054442,-0.251593687415566,-0.0899467372593019,1.17818283313367,0.198361931244286,-0.320197764609443
-75.9686,40.3834,1673598.311055,500184.797348947,6.535294123,6.50702755851595,-0.553557731662283,0.166944687175377,-0.335260499063571,-0.781508066241136,-0.071344207124063,-0.0989434798613475
-80.6118,40.3946,1289379.68234241,429020.046811005,9.00333333,8.23720794409409,-0.160472662088075,-0.112787993870114,-0.0395928868284078,1.26357199006485,0.254695427988399,-0.31639860060062
-91.391,40.401,387694.824016653,334520.459510415,7.172413785,7.13704335636139,-0.43084971389359,-0.652152408674078,-0.167942497972782,1.74118567831631,-1.05795328084654,-0.0634675841249999
-79.861,40.4023,1351551.87725028,440303.042411989,9.47407401,9.41605842354882,-0.329573289299607,-0.333019183727928,-0.138967227052609,1.11614192074016,0.168856522426033,-0.317541015979404
-80.5923,40.4274,1290406.15199,432910.894035475,7.980000019,7.79545424417153,-0.164773968918005,-0.1252391166694,-0.0464991464170971,1.27455392143597,0.253337459658695,-0.32475595814608
-74.4294,40.4622,1798074.86837002,536916.676828738,5.083333345,4.96214618063062,-0.665525324533488,0.303586027888288,-0.118823424825864,-1.04784019888911,-0.222852250605569,-0.0740328094898001
-79.9608,40.4654,1342086.61944278,445856.051008139,8.069230754,9.08978258168011,-0.311083495561664,-0.311771479549141,-0.130834236381571,1.14986335342841,0.180158230761635,-0.331523292957167
-80.0713,40.4998,1332284.69167875,448100.218387141,7.778571384,8.921215168621,-0.287728986502612,-0.283606375472805,-0.118155302216302,1.18171262970035,0.19245823826956,-0.341318536000462
-122.381,40.5501,-2186979.06925116,647333.582182039,4.515384582,4.71904044569345,1.61997041253755,-0.2910349995747,-1.72196237693778,-2.0040025916007,1.51887122967828,2.60475454598452
-112.356,40.6006,-1365741.73352914,465294.096493268,4.971739127,5.40715974880271,-0.55870449715798,-0.512125075538398,-0.599221304264976,-0.880881023340036,1.06750038926406,-0.159569595410265
-80.0217,40.6066,1334392.27245949,460590.725548895,5.692857129,7.78488405852856,-0.300295805948502,-0.299126895489898,-0.13642316815879,1.17918131133168,0.188333803639685,-0.362261627350918
-79.7277,40.6175,1358498.78118644,465959.507397622,8.413793087,8.33263400203695,-0.362314485901007,-0.367561587893773,-0.178869154680553,1.08716463481702,0.156371927734026,-0.35140246290892
-75.3411,40.6281,1719297.82684383,538170.750852872,6.701265841,6.95822957937707,-0.612251039805877,0.178909940604945,-0.350612491141866,-0.913868577113755,-0.168501822495775,-0.0343428147820437
-74.1372,40.6331,1817638.57818552,561120.447148393,6.306666656,5.9140955004808,-0.715748302694291,0.215681512606616,-0.137128338817564,-0.884560009021642,-0.290590459377084,-0.0370754089687703
-74.2084,40.6414,1811612.10509517,560666.133686248,7.310000014,5.38487217930807,-0.710855139335702,0.21194914050719,-0.156351566296528,-0.894568988589634,-0.285578754370224,-0.0411685205468094
-92.0063,40.6951,334586.535429143,365091.165501558,6.531034548,6.62874302869353,-0.674621291978761,-0.962862798019549,-0.397551159715641,1.38930441324673,-1.09885464394058,-0.213887746453332
-112.111,40.7121,-1343374.85114365,474108.578273972,5.89891303,6.45759116845947,-0.607879724863623,-0.326856849015511,-0.659214144797796,-0.863841274322762,1.0729053926539,-0.248661649985137
-73.9952,40.7144,1827143.55881837,572707.780750454,6.860000038,6.55661728686616,-0.742033022619355,0.171497760784519,-0.145752394940885,-0.788680490727308,-0.324697817885398,-0.0232234063986841
-73.9477,40.7196,1830882.76492733,574188.782773156,6.096666694,5.93642635709491,-0.748540934241438,0.169338445341511,-0.134313285897938,-0.773299038301996,-0.330710671298718,-0.0210635245171241
-74.1929,40.721,1810850.11651968,569643.311077648,6.086666727,6.0006469029603,-0.724136003941692,0.179009553709137,-0.17988726645956,-0.835122381899723,-0.306725323592292,-0.0244952705243744
-74.0523,40.7254,1822205.03333637,572810.623187245,6.133734939,6.47283970175328,-0.741231920666672,0.177178890557256,-0.146402634996326,-0.801060352806854,-0.321503815525206,-0.0196480743270772
-73.8215,40.7361,1840742.74231525,578424.808249441,5.423913051,6.18946742350686,-0.764614206723642,0.159071095981502,-0.109667862712839,-0.723954209893719,-0.34704727339201,-0.014439445207562
-111.872,40.7364,-1323181.07014944,473438.607250946,5.898913045,6.85878043728129,-0.629241795356218,-0.166740236571613,-0.671096441319109,-0.842409677162504,1.0564727346982,-0.315383417703221
-73.8177,40.7393,1840969.48535684,578847.088692364,6.034482734,5.85256276685169,-0.763828207527487,0.154784138936283,-0.115965095774169,-0.719024507194729,-0.34838804693186,-0.0155486987799461
-73.4192,40.7453,1873264.80854356,587287.924989732,5.507407431,5.86904610439104,-0.80075286179301,0.118692823584539,-0.0576480769901594,-0.565480979027723,-0.387077291625294,-0.00363543718985307
-80.3164,40.7478,1307408.9308031,472090.281827375,8.501136363,7.45135262426779,-0.227237932114283,-0.215059766636913,-0.110815472387614,1.26881754002555,0.22461005436884,-0.405120126013816
-74.0362,40.7709,1822350.58633115,578079.756517252,6.135999999,6.05686124462787,-0.744837012344915,0.15430292028693,-0.168074906833252,-0.759945255564029,-0.334704919729425,-0.0138825076098107
-84.0539,40.7709,997423.180303082,429322.092739077,7.600000048,7.56113282396648,0.46027697644325,0.0724003813277094,-0.342561152609381,2.11453508965867,0.796627281187065,-0.240317314133125
-124.179,40.7768,-2324365.24537553,714364.585250592,8.350000058,8.48530970489134,0.978785671883318,-0.00739471666847535,-2.65722653306442,-3.35876484822383,1.38068769960192,1.71780467327465
-111.946,40.7771,-1328531.01193604,478965.495490341,7.875000036,7.04995830476529,-0.630546270305415,-0.18561173544389,-0.697451170825155,-0.845817388256919,1.06201826287717,-0.317192580480436
-111.931,40.7842,-1327160.35779458,479539.902619455,7.601098847,6.54339388085935,-0.633209583667913,-0.181310891327187,-0.70032096028231,-0.849791883742114,1.06309521385603,-0.322795199761121
-81.3941,40.7868,1217636.49028648,462085.304313716,8.806896687,8.54898260904204,0.0681588956171712,0.0898348764429872,-0.0668578642418283,1.58168892074904,0.41400736173981,-0.349675433234116
-74.6763,40.7876,1769732.99163422,567804.397881331,3.936666656,4.87034518871616,-0.684945367695805,0.16207309377082,-0.295994935723377,-0.866614588820372,-0.272244850627233,-0.00288626025447969
-73.9343,40.7997,1829910.98029457,583177.071044853,5.773333339,6.09784105587285,-0.759566592491422,0.146218740036062,-0.148066105437417,-0.712935931739257,-0.351190014549786,-0.00573291570022
-81.373,40.8007,1219142.96006046,463894.132874746,7.603333354,8.59135023334661,0.0604133447747845,0.0972453092693071,-0.0687734965356691,1.58380291445452,0.417247877677488,-0.345304626544743
-96.6833,40.8126,-57167.6499096491,371424.718591801,4.709999971,4.79123198557048,-0.355647110895397,-0.592949973464061,2.56485434059226,1.57572099696608,-0.392007621656443,0.0738266755471517
-73.902,40.816,1832120.55076445,585575.791056207,6.025806419,6.01486483287254,-0.76452493265296,0.133715828384647,-0.151345888310711,-0.6874124138069,-0.359423540957016,-0.00418725289251731
-73.9733,40.8523,1825381.75047501,588159.872321117,5.696666686,5.553443157539,-0.760569206496299,0.118863993934634,-0.183049278095057,-0.678102602333172,-0.362406703449795,-7.96704486875632e-05
-73.8781,40.8679,1832725.39654455,591692.206142976,5.633333333,6.50694168376939,-0.773262131884885,0.117430709079213,-0.156687810122534,-0.6411168059636,-0.375235046396718,0.00531670905240172
-111.884,40.903,-1321068.18665346,492003.233814169,5.653333343,5.98275425340283,-0.666744249706184,-0.038646129595598,-0.773590056946218,-0.817789851495776,1.07557612600591,-0.382454442052934
-74.1681,40.9184,1807839.14327901,591642.118520622,6.31034486,5.52344958526963,-0.746249985342046,0.10522774913041,-0.238875838934934,-0.683446407023964,-0.358773867925211,0.0110148587566235
-75.0678,40.9246,1734421.12155272,575551.108717648,5.206666716,4.95438021567873,-0.660024790747905,0.0996834065509626,-0.417922652246081,-0.801609582313076,-0.263247653180417,0.0415233857176459
-98.365,40.9421,-197485.9149535,388178.674841829,3.733333297,3.75401520560757,-0.209276434454878,-0.525725760923514,3.28084072212482,1.07638830521891,-0.254210750978274,-0.452266802942994
-95.045,40.9691,79722.4055582734,389145.203164166,5.180000019,5.17948459885379,-0.631758501689419,-0.878692831861356,0.669102048290176,1.66323131182206,-0.586571903772104,0.27258262375114
-81.9239,41.0604,1169277.3246598,485721.722306405,6.692592612,7.16589367056829,0.251426586610361,0.219823363449923,-0.120176224063632,1.8226935951436,0.580680345080414,-0.283682550609507
-81.469,41.0635,1206721.93143657,491751.566197044,8.073333287,8.05552748710308,0.121422624672318,0.141822813928993,-0.09580015573303,1.67420074511959,0.472156826353468,-0.364134240801589
-81.5415,41.0879,1200333.79002876,493533.679266575,7.360000014,8.68384464537062,0.145066651615644,0.162382011206679,-0.100372467666102,1.70420080393173,0.496928927363271,-0.341988544114495
-80.6585,41.096,1272874.67355927,505919.461374965,7.500000064,6.52728617768573,-0.127598256842139,-0.0515427171415209,-0.109076127399542,1.38112449750542,0.303768710814991,-0.45096064165392
-80.6453,41.1111,1273688.35058131,507764.976353515,7.253333282,6.92811770017054,-0.131587434628295,-0.0494940227137491,-0.11053804644397,1.37448210948954,0.303197493117906,-0.452138475782074
-104.818,41.1368,-733334.178972002,441568.77995273,2.792307734,3.17546276850542,-0.417321685024273,0.0230223161253881,0.522211718613778,-0.571814690641882,0.646746096331029,-0.0604821255894001
-81.2352,41.1644,1224234.43797121,505905.037076345,7.477777839,7.52160162110072,0.0577347222467554,0.119934958694021,-0.0979379541262498,1.60238301787738,0.438388388583878,-0.395417909467235
-85.6293,41.1696,861587.516566081,458252.073705841,7.248275798,7.1305097074482,0.438044238808868,-0.269855901486391,-0.303368831550976,1.98331741329712,0.656578388018542,-0.284627884580159
-73.1947,41.1708,1880207.51212973,638015.827622917,5.046666638,5.65126356861157,-0.846993264927224,-0.00820570751354205,-0.105515919436612,-0.101035342008647,-0.515712202404346,0.0425191416145888
-104.778,41.1822,-729548.30258724,446322.071703979,3.072727268,3.26857063378449,-0.420084342091303,0.00661654923085886,0.54494766460424,-0.577883550358662,0.652696249910193,-0.0490726094559574
-96.0567,41.1978,-4718.05857481276,414352.655934772,5.049999957,5.0061568247098,-0.491818938958148,-0.513263597704072,1.80916747608325,1.59262432105533,-0.432201400708785,0.269856727989999
-80.8012,41.2317,1258717.09067217,519015.800341177,7.559999959,6.89711612319476,-0.0790671803758351,0.032623691474129,-0.106903486923495,1.42452758273847,0.348685843052655,-0.450694108601188
-95.8961,41.2642,8637.48514384111,421789.557334082,6.0433333,6.05655032784999,-0.52772544001121,-0.50455582678738,1.59210778619796,1.57060095690757,-0.450057644956544,0.300844835247974
-72.9029,41.3014,1900274.19635691,658016.339309534,5.449999988,4.88945515291709,-0.858793049587452,-0.0542854892396776,-0.0865254658394771,0.15553723079788,-0.571011511757784,0.0423649351683132
-111.988,41.3036,-1322126.05206203,537673.135057529,5.370930236,5.64652360711072,-0.742618675129253,0.232047503505016,-1.03860675411556,-0.76372559717541,1.10610083670799,-0.501038523646267
-105.592,41.3116,-795520.886943356,467272.399198047,3.576923095,3.57452987418956,-0.488953995403462,0.477015705141943,0.490823244618303,-0.7211835120391,0.574961502801285,0.00788714931608592
-72.0788,41.3536,1965207.66496196,680442.131612859,3.657142852,3.58371202699142,-0.857857208915118,-0.102799210081728,-0.0312376095879429,0.567697513067909,-0.61900926005072,0.0374152679178078
-81.8187,41.3963,1172360.6604743,524207.556322104,6.489655149,6.88278127251792,0.277359377330595,0.306331705103275,-0.111420544482708,1.8254176423014,0.637290183569557,-0.266387085143367
-73.4431,41.3992,1854104.08124254,657979.153298542,5.313333305,4.08193718709974,-0.824803830114771,-0.0312224151820047,-0.172257779282436,-0.00842566112964671,-0.552707215658684,0.0613978569856945
-91.068,41.401,409032.037620468,447714.669770514,7.016483489,7.21954778216434,-0.829065089854907,-0.535032018876574,-0.443795041711111,0.466657644907288,-1.26305619558346,-0.52392073585219
-91.0616,41.4069,409528.037016118,448401.750696615,7.999999942,7.70335397252712,-0.82848586175335,-0.537112834338938,-0.441625952480403,0.452364613362682,-1.26584270187804,-0.53466428849999
-91.071,41.4194,408676.68414328,449758.557929696,7.236666731,7.4880857897475,-0.837613596758568,-0.533984982867393,-0.453592919493202,0.44991820251358,-1.26345041448991,-0.528079756015702
-81.4948,41.4401,1198185.99351694,533094.204799474,7.441379391,7.94351369673839,0.171837062816648,0.282129049346514,-0.100121807111005,1.6965216262792,0.562062939003287,-0.331703789820564
-81.6624,41.4466,1184338.05471281,531712.481511067,10.98965522,7.91749909421811,0.236726857217272,0.295085889801317,-0.103235421312506,1.75818830701003,0.601662190314371,-0.2944951363713
-82.1143,41.4631,1147010.97938539,527995.973674599,7.334482711,6.92582139495061,0.38918057778317,0.338060135416295,-0.119259188254264,1.92097623642774,0.729598310244135,-0.171660820136805
-81.6568,41.4718,1184373.02769481,534570.795595563,7.493333324,7.84969282416572,0.233477778824976,0.318763627019553,-0.101161116880527,1.75890169923837,0.613186617164271,-0.290492157949769
-81.6824,41.477,1182187.81562232,534827.454352989,8.18666664,8.84445914632036,0.242263711177446,0.326498616038408,-0.101199876877421,1.77030933974712,0.622666781608943,-0.284656218737096
-81.6785,41.4921,1182253.66328867,536546.88586558,7.956666748,9.05491689264965,0.242684971312147,0.333849176272692,-0.0999320571549732,1.76770251123246,0.625977854455413,-0.282797252823077
-74.0089,41.4992,1805874.21883827,657970.783212145,4.664285719,4.54332975436568,-0.768686462976472,-0.00774022072945524,-0.297508533506748,-0.166972115448948,-0.521388746966003,0.116274119661799
-90.624,41.5121,445114.130265991,462126.919367694,7.415384632,7.11680858587666,-0.782640599679844,-0.32361499154466,-0.42936494818786,0.299932371257281,-1.24034251286676,-0.520373013633856
-90.5876,41.53,448010.639231144,464298.118609026,7.063636339,7.58431060140751,-0.786686221506433,-0.300318662444865,-0.438236916235152,0.288942349619292,-1.23177533221463,-0.509593123552014
-73.0436,41.5506,1882252.49139994,682294.689832914,5.15999999,4.86813245662566,-0.841903679480602,-0.0658785067899361,-0.110748415593846,0.319936019516961,-0.621918140913729,0.0493828692029845
-96.1462,41.5512,-12104.5739352417,453918.939261448,4.836666622,4.83085319817028,-0.508384388055243,-0.298502695460017,1.68008436408962,1.44017758302491,-0.402415397512591,0.32477009662827
-81.5753,41.5552,1189639.80608539,544816.312570083,6.110000038,8.24042479729237,0.213241087577262,0.344808198570156,-0.0919345267757333,1.71889386871475,0.611766577534352,-0.300103243752055
-87.4066,41.5733,710295.038834466,488519.174501077,8.483333349,7.89341739810511,0.0127363824581303,-0.00966773400200527,-0.177878398137484,0.974455157495384,-0.0095671099024449,-0.260058271491007
-109.221,41.5925,-1090459.64683769,534506.559511569,3.073333279,2.95240053213073,-0.64807610025747,2.13563188224068,-0.680357427902415,-0.740336200445277,0.433924936470298,-1.09756319894665
-87.495,41.5944,702796.829240454,490213.7738075,7.285714303,8.30198279839395,-0.0205250570481606,0.0262490748843116,-0.18230018484249,0.92905286677827,-0.0430292479471819,-0.261614321312163
-87.3429,41.5985,715289.145907876,491805.563467146,7.821428571,8.24286690641967,0.0271931382851287,-0.0208879632419557,-0.169374363316205,0.996848059886581,0.038600032295988,-0.255696625577382
-93.6431,41.6032,194974.406367526,462147.061889264,5.30113637,5.38512590003483,-0.983259002180446,-0.906049461863719,-0.55728893010782,0.946963537853773,-0.900385983252975,-0.147215259987847
-93.7479,41.6035,186305.698084412,461970.392812253,5.653333367,5.59043210312566,-0.969084897924525,-0.880647405118375,-0.519410025880517,0.981187624174124,-0.874627423869531,-0.10310247329051
-87.3049,41.6067,718336.286636265,493006.040839386,7.617241424,7.49225688300895,0.0408854446533035,-0.0265376018068274,-0.165226709274119,0.998167233960409,0.0585048227922253,-0.233254931950443
-83.6423,41.6206,1019263.38649144,528040.224952367,7.206666644,7.49060916979992,0.751129450036485,0.165764516106576,-0.134189938192262,2.22354991792074,1.11204057504785,0.243854188910778
-87.442,41.636,706745.919440181,495243.534262641,7.633333389,9.2156470485664,-0.00712847345550147,0.0140216720138613,-0.17020970925347,0.917953685572507,-0.00120037343884434,-0.240162063307516
-83.5462,41.6441,1026800.82123539,531682.204470669,7.139999994,7.53753191158961,0.749455572322254,0.198101342985294,-0.122888819363783,2.21587469553143,1.11273501954858,0.251234767764465
-87.4356,41.6535,707096.77077475,497241.565702162,10.14615404,8.31611404104913,-0.00209111955316044,-0.000534331037931768,-0.166783746081972,0.892463227662316,-8.6389671061754e-05,-0.226611824307311
-91.5035,41.6572,371586.209527101,474564.672715297,6.636956551,6.60299431626424,-0.981694281941817,-0.688087157406538,-0.628041257374228,0.278788381639768,-1.26371429017961,-0.63085758690459
-87.7325,41.671,682476.850960057,497021.588371139,7.613333305,8.65357535060441,-0.103022187573552,0.0847720223924565,-0.196005693354033,0.752265681325614,-0.149361567783332,-0.246868149498099
-83.4785,41.6799,1031824.02903604,536387.114888423,8.296551688,8.03115628768283,0.756021534310609,0.229371116437666,-0.10999429327306,2.20220644458927,1.11391500322453,0.255596360759623
-87.5393,41.6872,698222.531407868,500230.856971357,9.491666476,9.17187864068449,-0.0380432946713131,0.0303084154712723,-0.171617670461606,0.813508402323637,-0.0459683186997363,-0.21863197963854
-86.2147,41.6967,807066.074396596,511779.789662958,7.425000046,7.43100349642309,0.398629325130749,-0.264141464947777,-0.0621817776501462,1.47641134074455,0.648570991060056,-0.013259602425405
-86.8912,41.7072,751335.0183443,507402.131523479,7.253571476,7.57361422220418,0.172309801200149,-0.130844604419994,-0.102271762603463,1.13346247469404,0.320079313379728,-0.144268866668056
-81.2422,41.7268,1213922.58787527,568006.029602984,5.863333344,6.14629838596688,0.102303238960821,0.392076617315568,-0.079835942986554,1.52667270416637,0.559799450858211,-0.341247445340479
-87.7135,41.7514,683257.839098238,506120.668630003,7.213333352,9.01807880081426,-0.106370732980009,0.0846278044970649,-0.18293993913329,0.692723611636378,-0.113458094634689,-0.216870827020026
-72.6799,41.7714,1905474.46861412,713522.496612664,5.563333356,5.0757813941069,-0.829072996108962,-0.0859181376076562,-0.0585276376190895,0.698795312420779,-0.695385412489993,0.0220125324590905
-87.8054,41.7828,675396.59991484,508963.945996532,8.83448276,9.25413529120791,-0.140310057915498,0.105610466109132,-0.190860483997094,0.623289321196712,-0.154586784398091,-0.214903156270331
-72.6317,41.7847,1908970.99971248,715933.296273559,4.240000002,4.6910440391832,-0.83033605071122,-0.0848120953824188,-0.0541960067600029,0.733048332047825,-0.700492282139314,0.0248334398426044
-88.3294,41.7847,632288.572852448,505570.590210246,7.880769262,7.69328771198389,-0.300945407440759,0.187501160779649,-0.264045920631457,0.38644173157588,-0.445021886563693,-0.258089501516657
-87.8324,41.8012,673000.037100031,510823.530764632,9.042307707,9.32314425495081,-0.151488633608996,0.112395999760573,-0.192560564552585,0.595430066998917,-0.163858846909134,-0.211290050641317
-73.2973,41.8213,1854682.6644542,706728.56902404,2.946666696,3.24473788685124,-0.79548509881684,-0.044674561190322,-0.134548496852205,0.449303399317342,-0.661617933724862,0.079541959988622
-90.212,41.8233,477065.941708144,498890.362602368,8.36774195,7.98421790088784,-0.799197545690112,-0.110888020664262,-0.518770886655168,-0.0199393757208234,-1.15736269851291,-0.522976430891898
-71.361,41.841,2008886.00155602,748226.214290174,4.050000004,4.63830761134437,-0.763588773135194,-0.134731316819905,-0.0605366096055559,1.23007123913413,-0.725239704543088,-0.0384516889719507
-111.852,41.8426,-1300969.11814898,595273.643917916,5.043373467,5.14490544644465,-0.820403168174826,0.796952274693838,-1.40733478700559,-0.654746362737555,1.05031863768127,-0.752705778617553
-87.7489,41.8644,679249.961361516,518462.295608467,8.892307722,8.69839187307876,-0.127867700254835,0.0906375615616759,-0.171230582111368,0.572162096453488,-0.102537531322237,-0.17667280463926
-71.38,41.8747,2006405.81282398,751469.289302592,5.479999979,4.319556367168,-0.757222194613798,-0.136508288911419,-0.0608725013076345,1.25355482367653,-0.734323910401697,-0.0486731384353098
-90.1776,41.875,479543.59999824,504837.000230942,7.319999989,7.94768604284053,-0.810432782644141,-0.0803005334036832,-0.540375439136632,-0.0556948481015544,-1.14016984174262,-0.51205501469173
-103.657,41.8769,-630339.695061119,515762.433042522,3.926666693,4.20156475690579,-0.431376955813024,-0.438275778854908,1.09741026006648,-0.504508740575584,0.787801558581334,0.0499600852035327
-87.7227,41.9127,680931.300753775,524033.025079937,7.633333429,8.11200325982657,-0.127418841565154,0.092713059799959,-0.153585908841282,0.56239750682719,-0.0613714421639762,-0.163074512627108
-87.8763,41.9652,667825.050687435,528794.388642987,11.07241377,9.11405536199113,-0.184429393157545,0.125309177317064,-0.177344039800803,0.437002651905638,-0.138816491455488,-0.160456311678983
-87.7499,41.9655,678187.190314683,529722.963953103,8.586666632,9.14590750496159,-0.143489721358003,0.100027205395274,-0.147239140318836,0.511572359356367,-0.0568263585149455,-0.151579984564156
-91.6877,41.9768,354752.724799173,509581.028105365,6.6978261,6.80056197564788,-1.07880118990025,-0.678794364849436,-0.795321307259461,0.0628570985008758,-1.23003590409702,-0.704721231205239
-88.28,42.0504,633939.667271164,535526.966093989,7.515384637,7.53923082500232,-0.336003372616808,0.2038141398939,-0.25378234520111,0.201632906960438,-0.335086247553448,-0.197922477570577
-71.0121,42.0651,2030162.80933508,779860.657600584,4.05999999,3.85870331629241,-0.687188885966071,-0.14208797249838,-0.0894444051386034,1.48259430684986,-0.755192525574584,-0.104281008041467
-111.864,42.0822,-1297491.2222755,621868.798124912,4.243478241,4.06585085902179,-0.837394821037282,0.965307484237372,-1.55802468125785,-0.622214194221338,1.01398087379998,-0.81333753905981
-77.2098,42.0914,1533738.62093675,666473.020810354,3.736666675,3.28173686172021,-0.687235965206639,-0.0236721925705367,-0.725063433575822,-0.450515439538905,-0.265056288175232,0.338799777638027
-72.5845,42.1202,1903594.23288337,753280.719812236,3.809090858,3.77782831607101,-0.76626321264904,-0.0589378462967989,-0.00245346954067371,1.06600075015411,-0.768904508094504,-0.0195742000266411
-87.7992,42.14,672462.38756018,548818.337372188,6.64642856,6.7817041694301,-0.184208115824826,0.130409490566605,-0.125740216653397,0.373120904633334,-0.0153491638888069,-0.103869532813937
-120.354,42.1892,-1976290.47425114,779913.483207415,7.863333329,8.10443069819879,0.378889255767538,-0.854600842042862,0.512431819207021,-0.570401207073019,1.4463928987922,1.64306581218116
-72.5551,42.1944,1903909.10419365,761917.357001221,4.382758626,4.02854889809848,-0.747600456957892,-0.053706013971485,0.0122846231529293,1.14529664650344,-0.783923479969747,-0.0383314970853395
-88.2422,42.2214,635477.273253165,554841.406474497,6.793333276,6.93206754208394,-0.355925718793176,0.222410832290946,-0.232670745682358,0.121795529376756,-0.242407087089476,-0.160950924970977
-83.2082,42.2286,1045727.33695703,600180.102655354,8.475861993,8.81574493109022,0.834681968987272,0.603344349439802,0.14988593279628,2.05484975574723,1.34312724827895,0.540103133845727
-83.5996,42.2406,1013740.54329053,597269.273952835,7.176666721,7.39282960882551,0.896501354844337,0.46696823247444,0.198748479167604,2.07970792742591,1.42678201538162,0.642040994833576
-71.7943,42.264,1962410.68645615,784933.780958795,4.128571485,3.59964757593829,-0.712989458149745,-0.0949499743016644,0.00260691105886984,1.49143972209475,-0.819206252137261,-0.12123813317967
-85.5419,42.2781,855197.203195215,582333.263121434,6.020833338,6.69396298548331,0.677269174118128,-0.161432380096885,0.359171492378216,1.55040221997655,1.26305136340596,0.530572490940057
-83.1065,42.3028,1052868.11982817,609524.861882398,9.406896501,9.36060028830711,0.82506611247291,0.683773904024342,0.179178798902235,2.01209556609453,1.35304308288932,0.554058632696507
-83.1488,42.3067,1049376.27359297,609489.105223177,9.259999943,8.41395621821535,0.835718989774114,0.673771728722282,0.185939660017943,2.01550463010488,1.36521703184674,0.571944882300816
-71.0561,42.3252,2019122.87477742,807013.779006833,5.033333349,5.16934141340343,-0.641918065664253,-0.130391676419861,-0.0665825469714998,1.69829923287768,-0.808391048677996,-0.17735230129115
-71.0826,42.3295,2016902.57247767,806915.420594567,4.919230764,5.19325439331069,-0.644423439293799,-0.126952068569829,-0.0618794398709303,1.69987078850194,-0.810266034918636,-0.176192100827994
-122.88,42.3316,-2171598.53388527,850393.016599426,8.35999999,8.51587112972339,0.592082113895173,-0.587797594365966,-1.6463567428688,-1.84039517502957,1.37865896922802,1.17567281008759
-71.0972,42.3489,2015186.03223622,808700.822880244,5.369999989,4.64184700365899,-0.637263788872953,-0.12951722753944,-0.065481038778623,1.71122742776941,-0.816438413639542,-0.185009438483724
-83.0001,42.4308,1059550.91291695,624886.679498711,6.503703647,7.03165801787553,0.807979107545574,0.804151808553627,0.236285515570001,1.95824322927452,1.3895441778851,0.569176537774741
-123.348,42.4341,-2205114.75566428,872166.988716441,4.242857167,4.49912267445079,0.553980495804649,-0.554417458592247,-1.86439166354363,-1.9897657788182,1.27596749252244,1.03042949184279
-73.2396,42.4523,1842564.94664279,776414.897321676,4.516666651,3.86187926139288,-0.659619209472246,0.0486989011663247,0.0398401272400136,1.03926883095099,-0.77195001141549,0.0258930246080072
-83.1832,42.4631,1044233.12883817,626437.875635043,7.168965521,7.32138074238929,0.856407684797434,0.755319870817301,0.279342449437363,1.96824095841997,1.44947158589699,0.654198100903269
-96.3948,42.4998,-32246.4284893403,560084.728740321,5.133333349,5.06988434321259,-0.477577210303399,0.236680116945033,0.792833408012985,0.906717207260773,-0.29704187928698,0.495122608093251
-92.316,42.5015,300819.465647281,566039.216880626,6.379310335,6.16921836083259,-1.16160069877498,-0.620312846001953,-1.07184096803552,-0.0443879441177274,-1.05430414419836,-0.656681952457554
-72.5967,42.6058,1889386.17528746,805694.074532716,4.623333329,4.1077082697628,-0.632869069371742,0.0283081272835369,0.139760873520832,1.48724639397358,-0.83938201869005,-0.119530913469082
-73.7546,42.6423,1796720.18633694,787200.410112517,4.820689646,4.81334130828713,-0.582875248792581,0.139500881976368,0.0284829133486155,0.906823973073448,-0.744555852904638,0.125807616514323
-73.7573,42.6808,1795508.14982417,791335.060579058,3.885714284,3.83143090850972,-0.572366744646295,0.150864117172976,0.049499347155615,0.936306151736818,-0.74782124393052,0.12035237333322
-82.7935,42.7314,1071627.67490789,660485.191779494,6.603333378,6.93215579779083,0.763543102875372,1.03673563596643,0.358217040533545,1.78457282168206,1.44469601281826,0.618473899182775
-84.5628,42.7614,928405.065545427,645191.240751448,5.677777757,5.95534313724159,0.924864919321371,0.311591913182491,0.711784390307329,1.75531641845763,1.75829701370155,0.937112760921835
-86.1486,42.7678,800103.862196255,631480.008852844,6.056000051,6.24116510496494,0.452645459062517,-0.08988571226457,0.671830523777553,1.06107707815245,1.30207068156639,0.496690843141844
-71.1023,42.7708,2002568.00622089,854144.340496155,3.957142855,4.44684110414333,-0.535110104481156,-0.096232044742959,0.000605543236200157,2.04920913670479,-0.882247892946031,-0.323234417388375
-108.736,42.8422,-1032028.18378199,667544.079436657,6.121428599,5.85752607755052,-0.634462075411084,2.53590995790231,-0.837490854983771,-0.821321192998698,0.0809645946214513,-1.33045368647996
-106.325,42.8511,-837411.081598575,644816.119210951,4.118181857,4.05345448423208,-0.690996286291235,1.18487268007941,0.764323207396428,-1.0480327499312,0.446287457140526,0.157731462623089
-71.8786,42.8618,1938944.4367004,847877.951317818,2.986666681,3.32086268318399,-0.546689895594897,0.00255077758059807,0.160947373588503,1.958959622526,-0.899992501510553,-0.289580908046231
-71.3801,42.8625,1978104.10594242,858227.139323571,4.015000004,3.69964174576062,-0.525327348070425,-0.0572236869659607,0.0760823283516871,2.07773878210654,-0.902633260807452,-0.339861032373143
-78.8095,42.8769,1388860.85823071,728122.025766517,5.920689669,5.75474705786186,-0.668338610491799,0.427280666745746,-0.359674034567734,-0.341170286535733,-0.0132577892844718,0.0302471294596715
-85.8527,42.8945,822537.191846301,648085.253677814,6.771428542,7.00351477516897,0.56327874397708,-0.043169314059603,0.820188124962853,1.18232717907565,1.50818616268434,0.625336254225629
-78.7658,42.9211,1391462.07469269,733618.870874207,5.351724164,5.70251211585976,-0.673868727133095,0.438313961995999,-0.362958438637236,-0.370279775917019,-0.0222169604918644,0.0521155615415501
-72.2723,42.9305,1906067.13466237,847347.255438347,4.907692341,4.53526102417779,-0.529812936780223,0.0644311910277063,0.243858280781717,1.87581416180837,-0.889418315297021,-0.262813249821875
-82.4562,42.9533,1095292.63359743,688880.082867287,7.003333346,7.07100503821334,0.647999110772399,1.22264422322729,0.387849822755774,1.57091934591058,1.38189620718222,0.551050731685473
-85.6713,42.9842,836096.959179007,659631.545197913,7.063333384,6.57051996226609,0.624868570737944,-0.000980565894607599,0.912427302007281,1.24503962285562,1.62477360949979,0.697010965012564
-78.7715,42.9933,1389552.62944862,741469.280507179,5.233333349,5.39592058651419,-0.670126435597495,0.465693805836112,-0.353476063201414,-0.390699010535198,-0.0203808609440793,0.0622007457453352
-83.6702,43.0472,996337.701112456,685912.948845261,6.172413838,5.69240818845189,0.928704305966459,0.853102004762708,0.740031452330069,1.75246592394586,1.80573146746245,0.971271242788969
-76.0592,43.0523,1603941.39253033,790655.896411811,4.031034511,3.92845991192056,-0.525522786212142,0.314143649614518,-0.431279888083467,-0.178562919010841,-0.52418220673213,0.604048058540728
-70.748,43.0754,2021459.41873699,894498.821601989,4.128571476,4.11230402097757,-0.431180848372477,-0.113154415369896,-0.0023435916198784,2.28030921156678,-0.896916463463941,-0.450513780408147
-89.3577,43.101,537397.231267896,645986.244675361,6.066666667,6.14541059174141,-0.812642927769438,0.317435116390542,-0.522516671225657,-0.438059120372411,-0.414843054691148,-0.34403751721246
-94.6935,43.1237,105750.691738846,630460.352622288,5.011538446,4.8484199181809,-0.819715383245026,0.185035819481986,-1.02895683644342,0.369639861327504,-0.454858296567293,0.40259992155066
-77.5573,43.145,1483024.03900147,776467.86419664,5.360714248,4.73205273527711,-0.663663241224411,0.349139823026702,-0.514369674256762,-0.587328665675732,-0.294992836656599,0.439802651674261
-77.5482,43.1462,1483720.71792513,776741.411047368,5.11538467,5.09746716051008,-0.664705078806455,0.350062449476443,-0.516112929643895,-0.587014016814389,-0.296723518935723,0.443776821986321
-110.798,43.4578,-1187196.92995793,759657.328543369,2.427272721,2.23304213068108,-0.722523115806268,2.04314621138626,-1.78833682976891,-0.376195499993703,0.37349759247554,-1.4732218195701
-88.6211,43.4661,593716.062423218,691026.292150578,5.909999977,6.09371603541129,-0.620759687882976,0.33935438212583,-0.100177229223627,-0.195202982531452,0.169986424411402,-0.230328524965495
-96.7008,43.5479,-56376.1534095949,677303.206332729,3.8066667,3.71393527236515,-0.389712982425487,0.552705324246072,-0.078628248663359,0.411443910131739,-0.118420902985414,0.551736534195184
-83.8907,43.5714,971179.359609533,741676.670093053,6.356666716,6.47034673458388,0.841576457850404,0.885784632912201,1.09209665260963,1.53844419860739,1.97930475582452,0.936911540025483
-116.563,43.5803,-1640559.98606653,858896.872850339,11.47407418,11.3923889804521,-0.379081190155857,-2.0608906796696,-1.05970349606905,-3.54999300559908,1.11533030423655,2.5859255864232
-116.348,43.6007,-1623187.42946072,857429.104551662,7.106666696,7.08959109324611,-0.392795667395381,-2.03553500478181,-1.16074102297119,-3.55054789917702,1.10998356723439,2.57972843406585
-72.9828,43.6081,1831983.42167907,906759.538855916,4.25333333,3.24226800044969,-0.313683761433391,0.327399894877358,0.624960410704477,1.95153464660462,-0.837446618032024,-0.319975647980058
-70.269,43.6602,2041409.1218215,967692.612999773,3.939999994,3.75002272600217,-0.297051882248291,-0.140441436494061,0.0360315020714667,2.53896923457618,-0.89366941965242,-0.641449524254941
-70.2562,43.678,2041868.17673422,969881.427173534,4.564285704,4.1343363257802,-0.293481923162363,-0.141708141721128,0.0371984165742121,2.54200015938472,-0.893189561689761,-0.646115869618163
-122.48,43.7444,-2096724.89995717,993042.723511489,11.37083338,11.8013032632277,-0.0989292349455086,-0.433186286493698,-0.0804627841531944,-1.15018156973845,0.808569742627813,0.304330612331712
-123.053,43.7995,-2139150.78860863,1011717.82794627,8.633333309,9.04812955813508,-0.0514774579442153,-0.393964259151075,-0.34335255753241,-1.16859134451438,0.709801571299139,0.268819694826114
-123.084,44.0263,-2134423.26611769,1036691.79788777,10.06333324,10.9379903894314,-0.136699423592206,-0.306840061737641,-0.128142645734858,-1.17416048205052,0.578678641713509,0.198681842379688
-123.141,44.0672,-2137507.77677152,1042349.19496911,10.68000003,9.99891019341341,-0.144168434913945,-0.28765755073453,-0.109516698262745,-1.17807990550592,0.545766089910199,0.186775916112533
-103.228,44.0784,-576407.582669865,758206.255293903,2.719999981,2.81383415285162,-0.57202277258434,-0.337482873414152,2.38278003651813,-0.234479449889853,0.943108009573508,0.536017939348506
-70.2142,44.0894,2032818.53603097,1014993.67905537,3.706666689,3.6126905165673,-0.248416970407484,-0.106544540910701,0.135566347151287,2.61610245664159,-0.888412098886696,-0.72892345822526
-120.845,44.2998,-1954319.36036737,1017884.85647864,9.863333269,9.98840060479792,-0.424725758691949,-0.392613357387502,0.918939444253809,-1.67314692432158,0.548056008920169,0.395997837311954
-86.2426,44.307,774889.483164086,801573.867624857,4.888461546,4.79085875908631,0.148612186325439,0.0367000724095244,1.42881099777724,0.845411500659961,1.76358751355635,-0.0495491277234905
-69.7867,44.3123,2058901.4904555,1048119.96022313,4.714285697,3.91653641816261,-0.255478087502108,-0.127235661681078,0.109513078586837,2.5246518005266,-0.831822915302639,-0.722008527102341
-68.2609,44.377,2173344.08892083,1089017.79171081,2.942857133,2.81806307851139,-0.335120259091063,-0.156814562621716,0.0493471034389593,1.95522643989453,-0.560304448956314,-0.530264800875023
-73.8589,44.3931,1743333.73313021,975360.391472584,2.107142853,1.90050322717348,-0.142198520032569,0.569903349845362,0.951469763553974,1.65244110244207,-0.650627666951419,-0.261392089469833
-109.069,44.5246,-1033110.06602928,857153.141275656,2.586666683,2.36916594837097,-0.468937697707829,1.58628382485542,-0.729150254518943,-0.425059397495935,-0.0251010836115703,-1.06501278516919
-72.8688,44.5284,1816147.07894485,1008551.39941292,2.686206879,2.55577681195969,-0.112231463512165,0.45679407000784,0.984881042815154,2.15187034633574,-0.744575232674193,-0.570675350675386
-70.5463,44.5514,1993644.71189678,1057586.12313754,4.823076954,4.55873589834809,-0.197413417645843,0.00966560285820306,0.32282758126677,2.58664805595634,-0.877494192756482,-0.779451196762213
-106.964,44.7827,-864210.524904906,864655.067168707,3.940000033,4.49122787223596,-0.451743714044878,0.795925403299275,0.504556253085982,-0.531851812793613,0.17647432785301,-0.0417899271060959
-106.956,44.8151,-863167.816022831,868165.481097237,5.130769179,4.60752370948256,-0.442587959825153,0.775491809949698,0.502203811518466,-0.520246519056456,0.172028734169436,-0.0454339374496678
-68.7728,44.8174,2120489.34217887,1124467.96922767,3.48666666,3.50337271817388,-0.350011982370204,-0.049895344135204,0.125086673935966,2.07224800235046,-0.65320955215878,-0.575706734640333
-93.3431,44.9481,209346.952555413,836085.366409848,4.588888897,4.50806251601656,-0.78938273511648,-0.0456787723018569,-0.580203963543769,0.0301223284257548,-0.00372810048980476,0.043812949225344
-93.0983,44.9507,228621.07224936,836938.690520587,5.351724103,5.26557061232769,-0.805529010387161,-0.080268575061992,-0.546945765857629,0.0149767538072805,-0.0108962842687678,-0.0103975577778291
-93.2582,44.9537,216016.731058315,836898.347821599,4.817241365,4.37240542595003,-0.791938969533843,-0.0621630546172454,-0.564704460145889,0.0239022869164524,-0.00716279222988919,0.0190830442412254
-93.0359,44.9594,233505.713361771,838058.169655306,4.920689657,4.62730376127976,-0.80685115457166,-0.0892046913164186,-0.534415984768211,0.0110900331397215,-0.0114148715002152,-0.0252992946761159
-93.2076,45.1377,219400.710700225,857478.534780498,5.046153811,4.76736000038934,-0.756206999423787,-0.0795528050130782,-0.444392969670717,0.0364905385241381,0.0388201257953744,0.0137788314142555
-113.89,45.1819,-1396622.67279401,991018.255865501,8.323076936,8.20048359815203,-0.610994197966301,-0.160711567471995,-0.879333940759584,-1.53546855529853,0.722940795026423,0.922948385518809
-122.745,45.3992,-2065965.2352536,1175979.56907773,9.673333287,9.77631936708196,-0.735109016864481,0.474456332396541,1.24670181755657,-1.98854279210711,-0.106731832843344,0.0626648739303105
-98.4861,45.4625,-194395.624014681,892914.697688487,3.48666664,3.41487366533485,-0.231600110572071,0.281497527728123,0.888626204385558,0.206992520288334,0.26934004152567,-0.0758642713516994
-122.603,45.4966,-2052293.70984285,1183305.73648544,7.925925952,8.06386494528381,-0.790803253742838,0.543992152532383,1.36444123854739,-2.12257578204484,-0.151917654254125,0.0671600278145227
-122.972,45.5285,-2079004.49835824,1194731.75373582,10.11764711,10.2770743736202,-0.768350376034419,0.548964678608599,1.27489319147669,-1.98172616908588,-0.133280276024296,0.0654783658464123
-120.499,46.5981,-1862587.38908752,1257822.53946213,10.76538455,10.6768826616157,-1.00067436480997,1.03381740078659,1.8042944528563,-3.15423318398636,-0.543983775808676,0.179381415928789
-68.0162,46.6823,2117613.86314597,1339782.55596734,3.48571427,3.32925287336348,-0.480237824720507,0.586695012354842,0.1694449604404,0.651473222142892,-0.425778319285732,-0.0445032420064251
-100.768,46.8254,-365127.233394863,1050739.38973972,2.976666669,3.08236787270586,-0.200224619957378,0.0215531983619173,1.69271995320285,0.268440424362933,0.363681858686853,-0.228132216216383
-111.987,46.8505,-1218543.47301394,1147094.28756897,1.953333338,1.97067498331747,-0.583044090800493,0.527410952251392,0.430959726787112,-0.193012007727108,0.48529888457199,-0.220927415744893
-122.452,47.1864,-1989467.32891108,1360205.64961298,10.91830979,10.9728333520035,-1.29339893716655,1.34594894182772,2.09640793869056,-2.84258618861725,-0.387913850949715,0.161847787988709
-116.571,47.3166,-1552011.70533631,1264555.11392393,13.63333332,13.6186933953877,-0.263008669616333,0.672100022032072,0.197677195424923,-1.39815648085071,-0.0542953315017569,0.322780440807142
-116.237,47.5364,-1522064.71705634,1282883.71835265,13.01428568,13.0102320475891,-0.241676381134834,0.697772393950482,0.188985641597374,-1.15248760035611,-0.0175776643407152,0.242358430247021
-122.309,47.5682,-1967456.12358105,1397809.79788563,6.871999998,6.87690820904264,-1.28306234147905,1.37019004106663,2.05426106483671,-2.7639610804043,-0.370682938939825,0.171091585896789
-117.492,33.9964,-1954019.03060263,-170312.363534398,14.73139534,13.4923952727652,0.876386810078119,0.150371696153885,-0.61495740066059,-0.787221188674808,0.743856368691883,0.66116135969788
-117.492,34.1,-1951422.7075287,-159028.34962544,11.65999992,12.3023179205878,0.943550087804022,0.226400869549243,-0.636295779297414,-0.722696121193084,0.912263052409883,0.641216251087929
-78.8195,38.4775,1476632.46969745,243399.886079266,6.770000005,5.79570235349684,-0.481284561360915,0.265615088597789,-0.149681090637151,0.164701551047728,-0.151607748711844,-0.251621097396715
-75.1252,39.9346,1753906.12586845,466271.357631171,6.770000005,7.35894087257232,-0.520796467018586,0.567383532425743,0.0156994855477377,-1.23421100545997,-0.0839633504184466,-0.179911572615285
